,calendar_date,avg_temperature,high_temperature,low_temperature,precipitation,hours_sunlight,deepest_snowfall,total_snowfall,avg_wind_speed,avg_vapor_pressure,avg_local_pressure,avg_humidity,avg_sea_pressure
0,2016-01-01,2.0,5.1,0.0,0.5,0.1,5.0,,8.7,4.1,1021.1,57,1022.6
1,2016-01-02,5.9,6.7,4.5,1.5,0.0,2.0,,9.7,5.9,1012.7,64,1014.2
2,2016-01-03,2.5,4.9,1.3,,2.6,,,8.5,4.1,1013.8,56,1015.3
3,2016-01-04,0.7,2.0,-1.5,1.0,0.0,2.0,2.0,7.1,3.9,1012.3,61,1013.8
4,2016-01-05,-1.1,0.8,-2.9,6.5,0.0,5.0,4.0,11.4,3.8,1014.7,67,1016.2
5,2016-01-06,0.5,2.4,-1.6,3.5,0.1,6.0,4.0,9.9,4.3,1013.9,67,1015.4
6,2016-01-07,-1.1,0.9,-2.4,1.0,0.0,6.0,2.0,9.9,3.6,1010.1,64,1011.6
7,2016-01-08,0.2,1.3,-1.0,6.5,0.3,10.0,6.0,9.7,4.2,1009.7,68,1011.2
8,2016-01-09,-0.8,1.1,-3.1,0.5,0.4,7.0,2.0,9.3,3.6,1014.5,63,1016.0
9,2016-01-10,-1.4,1.2,-5.3,5.0,0.8,10.0,8.0,10.5,3.9,1012.8,69,1014.3
10,2016-01-11,-5.1,-3.8,-6.0,0.5,0.0,7.0,1.0,10.8,2.7,1016.3,66,1017.9
11,2016-01-12,-3.5,-1.1,-5.2,3.0,0.7,6.0,6.0,9.9,3.1,1012.6,67,1014.1
12,2016-01-13,-1.6,0.8,-3.8,0.5,2.6,7.0,4.0,5.2,3.6,1008.8,66,1010.3
13,2016-01-14,-2.0,0.9,-3.5,8.0,0.5,9.0,4.0,9.6,3.5,1010.1,66,1011.6
14,2016-01-15,-1.6,-0.4,-3.0,0.0,0.3,8.0,3.0,8.5,3.3,1014.9,62,1016.4
15,2016-01-16,-2.4,-1.4,-3.7,1.0,0.0,8.0,2.0,8.8,3.1,1017.1,61,1018.7
16,2016-01-17,-3.0,-0.7,-6.4,7.0,0.2,13.0,6.0,4.0,3.4,1020.9,70,1022.5
17,2016-01-18,-0.4,2.1,-6.1,9.0,0.0,21.0,9.0,4.3,4.5,1007.1,74,1008.6
18,2016-01-19,0.2,1.4,-0.7,0.5,0.0,22.0,2.0,2.9,4.7,995.2,76,996.7
19,2016-01-20,0.7,3.0,-1.7,1.0,6.4,21.0,,5.3,4.0,1005.5,63,1007.0
20,2016-01-21,-0.1,1.7,-1.8,1.5,2.3,18.0,,5.8,4.0,1013.4,67,1014.9
21,2016-01-22,-1.1,1.1,-2.8,7.0,1.6,21.0,5.0,7.1,3.8,1015.6,67,1017.1
22,2016-01-23,-1.9,-0.5,-3.6,3.0,1.3,24.0,3.0,6.8,3.5,1014.1,66,1015.6
23,2016-01-24,-1.2,2.8,-6.2,3.5,1.8,24.0,2.0,4.8,3.7,1000.5,66,1002.0
24,2016-01-25,-2.4,0.1,-6.3,3.0,1.9,24.0,3.0,5.5,3.5,1010.7,69,1012.2
25,2016-01-26,2.5,4.1,-0.5,1.5,0.1,23.0,,8.7,4.8,1016.3,66,1017.8
26,2016-01-27,1.5,4.3,0.3,1.5,1.9,19.0,,9.9,3.9,1018.6,57,1020.1
27,2016-01-28,-0.4,2.5,-2.5,5.0,1.8,25.0,9.0,11.1,3.8,1023.7,63,1025.2
28,2016-01-29,-2.2,-0.8,-4.9,0.0,0.8,21.0,,8.9,2.8,1026.1,55,1027.7
29,2016-01-30,-2.9,-0.3,-5.2,0.5,4.3,20.0,2.0,4.2,2.9,1021.1,57,1022.7
30,2016-01-31,-3.5,-1.3,-4.8,2.0,0.0,20.0,1.0,9.6,3.1,1019.0,64,1020.6
31,2016-02-01,-3.6,-2.7,-4.5,0.0,0.0,21.0,5.0,8.3,3.0,1019.1,64,1020.7
32,2016-02-02,-2.9,-1.9,-3.9,4.5,0.0,21.0,4.0,9.5,3.4,1015.7,69,1017.3
33,2016-02-03,-0.5,1.0,-3.1,0.0,0.0,21.0,1.0,7.5,3.4,1019.4,58,1020.9
34,2016-02-04,1.6,3.6,0.3,5.0,1.8,21.0,2.0,6.8,4.5,1014.4,65,1015.9
35,2016-02-05,-0.3,1.6,-2.3,1.5,0.0,19.0,2.0,9.3,3.6,1012.9,59,1014.4
36,2016-02-06,-2.6,-0.8,-4.8,1.0,0.9,19.0,2.0,9.3,3.2,1013.2,64,1014.8
37,2016-02-07,-1.6,1.5,-4.6,3.0,1.1,19.0,,10.6,3.4,1013.7,61,1015.2
38,2016-02-08,1.0,2.5,-1.1,0.0,6.1,19.0,,4.1,3.8,1014.5,58,1016.0
39,2016-02-09,2.4,4.4,0.1,5.5,1.8,21.0,5.0,7.7,5.0,1004.4,69,1005.9
40,2016-02-10,-0.3,2.0,-2.7,6.5,0.4,21.0,6.0,9.9,4.4,1015.3,73,1016.9
41,2016-02-11,0.2,2.7,-2.9,0.0,3.9,21.0,,3.7,3.7,1029.1,61,1030.6
42,2016-02-12,2.4,6.4,-2.5,,4.7,18.0,,1.3,5.1,1025.9,71,1027.4
43,2016-02-13,6.3,9.6,2.5,1.5,0.0,16.0,,3.6,8.6,1012.3,89,1013.8
44,2016-02-14,6.0,12.6,0.0,24.5,0.0,5.0,,7.8,8.7,992.0,90,993.4
45,2016-02-15,-4.2,0.9,-6.7,1.0,0.3,2.0,2.0,12.1,3.3,1003.2,72,1004.7
46,2016-02-16,-2.8,-0.9,-6.0,3.5,0.1,5.0,4.0,9.0,3.5,1006.7,70,1008.2
47,2016-02-17,-1.9,0.4,-4.6,4.5,0.5,6.0,5.0,11.0,3.7,1010.4,69,1011.9
48,2016-02-18,3.6,5.9,-1.8,2.5,2.7,8.0,3.0,8.8,4.9,1017.0,63,1018.5
49,2016-02-19,4.8,7.6,3.1,2.0,1.4,2.0,,7.2,5.6,1018.1,65,1019.6
50,2016-02-20,3.3,5.1,1.0,0.5,0.0,,,3.2,4.7,1021.3,61,1022.8
51,2016-02-21,1.3,5.1,-2.1,8.0,1.6,1.0,1.0,8.4,5.0,1010.7,74,1012.2
52,2016-02-22,-0.3,1.1,-2.0,0.5,1.1,,,8.5,3.0,1026.8,50,1028.4
53,2016-02-23,1.3,4.3,-1.5,2.0,3.5,6.0,7.0,3.8,4.8,1017.7,71,1019.2
54,2016-02-24,-3.5,-0.1,-5.4,6.0,1.1,5.0,5.0,7.5,3.3,1022.6,70,1024.2
55,2016-02-25,-3.1,-1.2,-5.2,1.0,0.7,4.0,2.0,7.9,2.9,1023.2,60,1024.8
56,2016-02-26,-1.9,-0.4,-2.9,1.5,1.3,3.0,,7.7,3.0,1021.5,56,1023.1
57,2016-02-27,-1.6,-0.1,-4.8,0.0,2.1,2.0,,6.5,2.8,1023.9,51,1025.5
58,2016-02-28,-0.5,2.1,-5.9,0.0,9.2,1.0,,1.9,3.1,1025.3,53,1026.8
59,2016-02-29,3.5,8.3,-1.3,5.5,2.3,,,10.4,5.6,1003.3,71,1004.8
60,2016-03-01,-0.7,0.9,-2.8,3.5,1.3,1.0,3.0,14.3,4.2,1009.1,72,1010.6
61,2016-03-02,-0.2,1.8,-2.8,0.0,0.9,1.0,,7.5,3.3,1016.8,54,1018.3
62,2016-03-03,1.3,3.8,-1.3,,2.6,11.0,11.0,3.7,4.5,1018.0,68,1019.5
63,2016-03-04,0.6,3.9,-2.7,0.0,9.6,,,2.9,3.6,1030.4,56,1031.9
64,2016-03-05,1.6,6.2,-4.4,,10.0,,,2.5,3.1,1032.1,47,1033.6
65,2016-03-06,7.8,11.3,2.8,24.5,0.0,1.0,1.0,3.6,8.6,1017.8,80,1019.3
66,2016-03-07,4.8,8.3,1.6,,1.5,,,3.9,6.6,1017.4,77,1018.9
67,2016-03-08,4.5,9.0,1.1,2.0,2.0,,,6.7,5.5,1011.2,64,1012.7
68,2016-03-09,0.9,2.8,-0.5,1.0,3.8,,,8.2,3.0,1016.9,46,1018.4
69,2016-03-10,-0.6,1.5,-2.7,1.0,1.8,2.0,7.0,3.9,3.7,1018.1,63,1019.6
70,2016-03-11,-0.4,1.4,-2.1,2.0,2.5,2.0,4.0,7.5,3.5,1017.3,59,1018.8
71,2016-03-12,0.5,2.2,-1.5,0.5,1.5,1.0,1.0,4.8,3.4,1022.3,54,1023.8
72,2016-03-13,1.5,4.5,-2.3,1.5,0.8,1.0,1.0,2.7,4.8,1021.9,70,1023.5
73,2016-03-14,3.6,6.3,-0.1,0.0,3.5,,,2.6,5.6,1015.6,71,1017.1
74,2016-03-15,3.1,4.9,-1.0,,4.6,,,6.7,4.0,1014.0,52,1015.5
75,2016-03-16,7.3,9.7,3.9,,4.3,,,9.9,7.2,1013.9,70,1015.4
76,2016-03-17,8.3,11.6,4.1,,8.7,,,4.6,7.8,1017.1,71,1018.6
77,2016-03-18,10.1,14.5,3.7,,8.7,,,4.0,8.4,1012.8,69,1014.3
78,2016-03-19,7.5,9.9,5.7,16.5,0.3,,,4.6,9.1,1005.8,87,1007.3
79,2016-03-20,4.0,7.6,-1.2,,7.8,,,4.8,5.0,1013.2,60,1014.7
80,2016-03-21,2.3,4.9,-1.4,0.5,2.8,1.0,1.0,5.1,4.0,1015.3,56,1016.8
81,2016-03-22,3.7,5.5,-0.9,,3.0,,,5.1,4.6,1009.6,57,1011.1
82,2016-03-23,3.8,5.9,1.3,0.0,1.5,,,6.3,4.6,1011.2,58,1012.7
83,2016-03-24,2.3,6.0,-2.2,0.0,9.6,,,4.4,4.6,1015.1,64,1016.6
84,2016-03-25,3.1,6.1,-1.7,0.0,7.5,,,4.5,4.9,1015.7,64,1017.2
85,2016-03-26,4.6,8.1,-1.4,,10.6,,,3.8,5.1,1017.7,61,1019.2
86,2016-03-27,7.8,9.6,6.2,,9.9,,,7.9,6.8,1016.2,64,1017.7
87,2016-03-28,6.4,8.8,1.2,,6.5,,,4.6,6.0,1017.5,62,1019.0
88,2016-03-29,7.2,11.5,0.7,,7.8,,,3.1,7.5,1020.2,72,1021.7
89,2016-03-30,7.6,11.4,4.1,4.0,1.4,,,3.7,7.6,1013.1,73,1014.6
90,2016-03-31,6.7,9.5,2.2,0.5,8.4,,,5.0,6.4,1015.8,66,1017.3
91,2016-04-01,6.3,12.1,1.0,,11.1,,,3.5,5.4,1022.9,59,1024.4
92,2016-04-02,7.4,10.0,5.1,,10.1,,,4.4,6.0,1023.1,59,1024.6
93,2016-04-03,8.1,11.0,7.1,7.0,0.0,,,4.4,8.0,1016.6,74,1018.1
94,2016-04-04,7.1,9.5,4.4,,6.5,,,3.2,6.4,1011.5,64,1013.0
95,2016-04-05,7.9,11.2,2.7,2.0,9.9,,,7.3,7.5,1009.2,71,1010.7
96,2016-04-06,8.6,11.0,6.7,,11.4,,,7.4,6.3,1016.1,56,1017.6
97,2016-04-07,8.5,13.1,2.7,0.0,0.0,,,2.2,6.4,1010.4,60,1011.9
98,2016-04-08,7.6,9.4,4.6,0.5,0.8,,,4.0,8.3,1006.4,79,1007.9
99,2016-04-09,6.7,11.5,0.8,,9.4,,,6.1,5.4,1007.0,54,1008.5
100,2016-04-10,5.4,8.2,2.8,,10.6,,,5.3,3.9,1011.7,44,1013.2
101,2016-04-11,4.2,6.9,0.5,0.0,8.5,,,6.3,5.2,1012.4,63,1013.9
102,2016-04-12,7.2,9.8,5.6,,10.8,,,6.3,4.7,1018.5,47,1020.0
103,2016-04-13,9.3,13.9,4.4,6.0,1.0,,,3.8,8.8,1010.1,73,1011.6
104,2016-04-14,10.3,13.3,8.1,8.0,0.1,,,2.7,11.2,1004.5,89,1006.0
105,2016-04-15,6.3,8.1,5.2,2.0,4.1,,,10.6,6.9,1010.6,72,1012.1
106,2016-04-16,8.8,11.9,4.4,,4.3,,,2.6,8.1,1016.9,71,1018.4
107,2016-04-17,10.1,13.4,7.2,18.0,0.0,,,6.5,8.4,996.5,69,997.9
108,2016-04-18,6.8,8.3,5.5,2.0,0.3,,,7.5,7.7,1004.8,78,1006.3
109,2016-04-19,6.4,7.2,5.6,0.0,0.4,,,6.0,7.0,1016.1,73,1017.6
110,2016-04-20,9.7,12.8,6.3,,5.0,,,5.7,7.6,1018.8,64,1020.3
111,2016-04-21,12.7,14.9,10.8,,4.5,,,6.1,9.8,1009.5,67,1011.0
112,2016-04-22,12.6,16.9,10.1,0.0,3.8,,,1.8,9.9,1006.9,68,1008.4
113,2016-04-23,10.2,13.2,6.9,0.0,0.3,,,3.1,9.8,1007.0,79,1008.5
114,2016-04-24,8.8,12.7,4.7,,12.4,,,2.5,8.6,1012.9,76,1014.4
115,2016-04-25,9.6,13.4,4.6,,11.9,,,1.7,8.3,1018.6,71,1020.1
116,2016-04-26,9.7,13.7,6.6,0.0,6.9,,,3.0,7.8,1017.1,65,1018.6
117,2016-04-27,8.8,13.3,3.2,,13.0,,,2.6,6.6,1014.8,59,1016.3
118,2016-04-28,8.2,11.8,4.4,5.0,3.2,,,3.1,7.5,1005.7,69,1007.2
119,2016-04-29,7.0,10.0,4.2,15.0,2.9,,,5.7,7.3,1000.2,74,1001.7
120,2016-04-30,6.8,8.9,4.8,0.5,5.4,,,7.1,6.2,1009.2,63,1010.7
121,2016-05-01,8.6,13.5,1.9,,5.4,,,2.2,7.9,1013.1,70,1014.6
122,2016-05-02,11.0,14.2,6.4,,4.7,,,1.4,9.4,1017.1,72,1018.6
123,2016-05-03,16.8,25.1,9.2,,9.2,,,1.6,10.2,1008.2,56,1009.6
124,2016-05-04,14.5,18.0,13.0,7.0,0.1,,,6.2,12.1,997.8,73,999.2
125,2016-05-05,10.9,13.6,9.9,0.0,0.2,,,6.9,10.6,1003.0,81,1004.5
126,2016-05-06,12.2,15.0,9.9,1.0,4.0,,,3.0,10.4,1011.9,73,1013.4
127,2016-05-07,11.1,14.4,9.7,18.5,0.8,,,6.8,11.1,1001.1,83,1002.6
128,2016-05-08,12.1,15.1,8.1,,12.2,,,5.0,8.7,1011.5,62,1013.0
129,2016-05-09,11.3,15.6,6.5,,11.7,,,1.6,8.1,1015.1,60,1016.6
130,2016-05-10,13.2,17.7,8.4,3.5,1.2,,,2.6,8.7,1010.5,58,1012.0
131,2016-05-11,10.7,13.1,8.7,34.0,0.0,,,3.7,10.5,998.7,82,1000.1
132,2016-05-12,10.3,11.8,9.1,1.0,1.7,,,6.5,10.3,1010.4,83,1011.9
133,2016-05-13,12.6,19.1,7.0,,10.7,,,3.7,11.1,1016.2,77,1017.7
134,2016-05-14,12.5,17.0,7.2,,13.0,,,2.1,9.2,1025.3,64,1026.8
135,2016-05-15,14.7,20.0,9.1,,6.6,,,3.3,6.0,1018.6,37,1020.0
136,2016-05-16,15.1,19.5,10.3,10.5,3.6,,,3.2,11.0,1006.9,64,1008.4
137,2016-05-17,13.4,16.1,10.2,3.0,11.5,,,5.8,11.6,1011.8,76,1013.3
138,2016-05-18,14.0,16.9,10.5,,12.2,,,3.1,13.0,1017.8,82,1019.2
139,2016-05-19,14.3,19.3,8.5,,12.3,,,1.0,11.0,1020.7,69,1022.1
140,2016-05-20,16.0,21.3,10.7,,11.6,,,1.1,11.2,1019.0,62,1020.5
141,2016-05-21,16.5,21.4,10.5,,13.7,,,1.7,8.6,1017.3,46,1018.7
142,2016-05-22,16.2,22.1,11.5,,13.5,,,1.5,12.0,1015.7,66,1017.2
143,2016-05-23,15.1,19.1,11.9,,10.2,,,2.0,14.0,1013.4,81,1014.8
144,2016-05-24,16.8,20.8,13.3,,2.9,,,2.4,12.2,1011.2,65,1012.7
145,2016-05-25,16.5,18.2,14.8,1.5,1.8,,,6.0,15.3,1007.6,82,1009.0
146,2016-05-26,16.3,18.0,15.2,,1.0,,,4.5,15.9,1006.8,86,1008.2
147,2016-05-27,15.0,18.0,10.6,0.0,7.8,,,3.4,12.9,1006.5,76,1007.9
148,2016-05-28,15.5,19.3,9.8,1.0,13.3,,,4.2,12.2,1006.3,69,1007.8
149,2016-05-29,15.4,19.2,9.8,0.0,10.0,,,1.6,13.9,1006.6,79,1008.0
150,2016-05-30,16.9,20.2,14.6,,9.9,,,3.0,12.1,1005.5,63,1006.9
151,2016-05-31,15.5,21.3,12.0,13.0,5.3,,,3.1,14.1,1000.0,80,1001.4
152,2016-06-01,13.0,15.6,11.8,0.5,2.3,,,6.5,11.3,996.5,76,997.9
153,2016-06-02,12.6,16.6,11.2,,8.9,,,7.8,9.9,1003.8,68,1005.2
154,2016-06-03,13.3,15.0,11.1,36.0,0.0,,,3.5,13.2,1008.8,86,1010.2
155,2016-06-04,14.5,16.8,11.9,0.5,0.0,,,5.3,13.9,1006.7,84,1008.1
156,2016-06-05,12.8,15.9,9.5,,13.2,,,2.7,11.2,1011.3,76,1012.8
157,2016-06-06,13.5,17.9,7.9,,12.4,,,1.6,12.2,1015.5,78,1016.9
158,2016-06-07,16.6,20.9,10.6,,12.0,,,1.1,12.1,1012.4,64,1013.8
159,2016-06-08,16.0,17.1,14.9,8.5,0.0,,,1.2,15.8,1010.6,87,1012.0
160,2016-06-09,15.9,17.5,14.9,24.5,0.0,,,1.2,17.0,1009.3,94,1010.7
161,2016-06-10,14.2,15.2,13.2,,0.0,,,3.4,13.8,1013.2,85,1014.7
162,2016-06-11,15.3,17.9,13.1,,7.7,,,1.7,14.2,1014.2,82,1015.7
163,2016-06-12,17.6,22.6,13.9,,3.5,,,2.3,14.8,1009.9,74,1011.3
164,2016-06-13,17.5,20.1,15.1,26.5,0.0,,,1.7,17.2,1002.8,86,1004.2
165,2016-06-14,16.9,18.1,15.6,7.5,0.0,,,1.8,15.4,1003.8,80,1005.2
166,2016-06-15,17.6,21.3,14.7,0.0,2.3,,,2.2,15.0,1008.1,75,1009.5
167,2016-06-16,16.4,17.5,15.7,2.0,0.0,,,2.3,15.6,1003.6,84,1005.0
168,2016-06-17,16.8,19.6,15.8,25.0,0.0,,,3.3,17.9,1000.8,94,1002.2
169,2016-06-18,15.3,16.6,14.2,0.5,0.0,,,3.8,14.6,1011.9,84,1013.3
170,2016-06-19,17.5,23.3,12.4,,8.5,,,2.0,15.5,1011.5,77,1012.9
171,2016-06-20,17.8,19.8,16.7,26.0,0.1,,,1.6,18.5,1004.2,91,1005.6
172,2016-06-21,18.1,21.2,16.6,1.5,1.8,,,1.9,17.7,1007.3,85,1008.7
173,2016-06-22,18.2,22.9,16.0,,5.8,,,2.1,16.4,1008.5,78,1009.9
174,2016-06-23,17.0,19.6,14.8,,2.6,,,2.7,14.5,1006.0,75,1007.4
175,2016-06-24,16.5,19.7,14.1,1.0,1.7,,,2.3,14.6,1005.4,78,1006.8
176,2016-06-25,18.5,21.7,15.0,4.5,1.5,,,5.6,16.9,992.8,79,994.2
177,2016-06-26,14.6,16.6,13.4,10.0,0.0,,,8.9,14.7,999.4,88,1000.8
178,2016-06-27,15.0,17.4,12.4,0.0,4.4,,,3.5,13.6,1012.9,80,1014.3
179,2016-06-28,17.5,21.9,12.0,,13.7,,,1.3,14.9,1012.2,75,1013.6
180,2016-06-29,18.1,21.6,14.3,,13.9,,,1.4,16.9,1013.3,81,1014.7
181,2016-06-30,20.0,25.8,15.1,,14.2,,,1.4,18.0,1010.6,77,1012.0
182,2016-07-01,20.6,23.4,18.1,,6.4,,,1.7,20.5,1010.9,85,1012.3
183,2016-07-02,21.4,24.8,16.7,23.5,0.0,,,5.0,21.4,1002.6,84,1004.0
184,2016-07-03,16.7,17.6,15.6,3.5,0.0,,,6.6,17.6,1003.9,93,1005.3
185,2016-07-04,17.8,21.2,15.3,,11.7,,,5.3,16.0,1011.3,79,1012.7
186,2016-07-05,18.6,23.9,15.0,,8.2,,,2.1,14.2,1018.4,67,1019.8
187,2016-07-06,16.3,18.9,14.4,6.5,1.1,,,2.5,14.8,1013.2,80,1014.6
188,2016-07-07,17.4,21.8,13.4,,8.7,,,2.1,15.3,1013.5,78,1014.9
189,2016-07-08,18.3,20.3,16.2,0.0,1.4,,,2.3,17.0,1011.8,81,1013.2
190,2016-07-09,20.2,22.9,18.4,1.5,2.8,,,2.0,20.5,1004.9,87,1006.3
191,2016-07-10,18.4,19.4,17.3,2.5,0.0,,,3.5,19.5,1001.8,92,1003.2
192,2016-07-11,18.0,20.5,15.8,,4.9,,,4.2,16.6,1005.3,80,1006.7
193,2016-07-12,19.0,22.1,15.4,,13.4,,,1.7,17.8,1005.6,81,1007.0
194,2016-07-13,20.9,24.6,16.6,,13.6,,,1.8,18.4,1000.9,75,1002.3
195,2016-07-14,19.8,22.5,17.9,4.5,0.5,,,2.6,18.2,997.2,79,998.6
196,2016-07-15,19.6,22.9,17.6,0.0,0.3,,,2.1,17.1,1001.0,75,1002.4
197,2016-07-16,21.6,27.3,17.5,0.0,9.8,,,1.6,19.0,1005.1,74,1006.5
198,2016-07-17,20.3,21.5,19.2,4.0,0.0,,,1.2,21.1,1004.8,88,1006.2
199,2016-07-18,20.0,21.1,19.0,8.0,0.0,,,1.9,21.7,1006.2,93,1007.6
200,2016-07-19,19.6,20.8,18.6,10.5,0.6,,,4.6,20.4,1008.5,89,1009.9
201,2016-07-20,20.1,23.1,18.1,0.5,5.7,,,2.1,19.8,1012.4,85,1013.8
202,2016-07-21,20.3,23.3,16.8,,8.5,,,1.5,20.2,1013.5,85,1014.9
203,2016-07-22,20.8,25.4,18.0,,11.0,,,2.0,19.1,1013.9,78,1015.3
204,2016-07-23,19.6,23.2,16.8,,9.4,,,2.7,16.6,1014.9,73,1016.3
205,2016-07-24,20.3,24.2,17.5,,13.1,,,2.7,17.2,1014.7,73,1016.1
206,2016-07-25,21.4,25.8,18.3,,10.3,,,2.5,18.8,1012.9,74,1014.3
207,2016-07-26,22.8,28.0,19.7,0.0,5.7,,,2.1,20.9,1009.0,76,1010.4
208,2016-07-27,21.4,22.5,20.1,38.0,0.0,,,1.2,23.0,1006.4,90,1007.8
209,2016-07-28,23.0,23.9,21.2,27.5,0.0,,,4.2,26.4,1007.3,94,1008.7
210,2016-07-29,24.5,27.7,22.2,0.5,2.0,,,2.1,26.2,1009.8,86,1011.2
211,2016-07-30,23.5,25.8,22.3,0.5,0.4,,,1.6,26.9,1010.9,93,1012.3
212,2016-07-31,25.1,28.3,22.3,0.0,5.8,,,1.1,27.1,1011.3,85,1012.7
213,2016-08-01,25.0,28.6,22.3,,7.6,,,1.3,25.9,1009.3,82,1010.7
214,2016-08-02,23.6,26.3,21.8,,10.2,,,1.6,25.3,1007.2,87,1008.6
215,2016-08-03,22.7,24.6,21.6,0.0,0.2,,,1.6,24.4,1007.8,89,1009.2
216,2016-08-04,23.0,24.1,21.8,0.0,0.4,,,3.5,24.4,1007.5,87,1008.9
217,2016-08-05,23.1,25.2,21.3,,2.5,,,3.4,24.9,1007.3,88,1008.7
218,2016-08-06,23.3,26.0,20.5,,12.4,,,1.5,24.1,1008.9,84,1010.3
219,2016-08-07,25.5,30.6,20.0,,13.0,,,1.3,25.4,1008.0,78,1009.4
220,2016-08-08,26.5,30.6,23.1,,11.6,,,1.5,27.6,1005.4,80,1006.8
221,2016-08-09,24.7,27.8,20.1,,9.8,,,2.1,24.1,1000.4,78,1001.8
222,2016-08-10,22.2,25.1,20.0,,9.2,,,2.8,20.1,1007.4,75,1008.8
223,2016-08-11,22.5,26.2,19.5,,13.1,,,1.5,21.1,1010.1,78,1011.5
224,2016-08-12,22.4,26.6,18.1,,12.9,,,1.3,20.5,1009.0,76,1010.4
225,2016-08-13,24.0,30.1,19.3,,12.6,,,1.9,19.7,1007.2,67,1008.6
226,2016-08-14,23.4,27.7,19.7,,12.1,,,2.9,18.7,1004.8,65,1006.2
227,2016-08-15,22.6,26.8,19.5,0.0,5.9,,,1.6,21.9,1000.9,80,1002.3
228,2016-08-16,23.8,27.9,20.2,9.5,2.9,,,1.5,23.6,1003.3,81,1004.7
229,2016-08-17,23.4,25.6,21.9,8.0,0.6,,,2.9,25.5,999.5,89,1000.9
230,2016-08-18,23.8,27.1,21.4,,10.5,,,1.9,24.3,1006.8,83,1008.2
231,2016-08-19,23.3,25.8,20.7,,1.9,,,1.3,24.2,1008.8,85,1010.2
232,2016-08-20,25.5,31.0,22.9,0.0,3.2,,,1.5,27.1,1007.9,84,1009.3
233,2016-08-21,26.1,29.5,23.9,0.5,3.7,,,2.4,26.2,1004.6,78,1006.0
234,2016-08-22,23.2,24.3,22.3,33.5,0.0,,,1.6,26.4,1003.4,93,1004.8
235,2016-08-23,23.3,26.8,20.0,2.0,9.0,,,3.4,23.1,1003.1,81,1004.5
236,2016-08-24,22.6,26.4,18.8,,11.1,,,1.6,20.7,1008.4,77,1009.8
237,2016-08-25,24.0,28.5,19.3,,11.3,,,2.4,22.6,1004.6,76,1006.0
238,2016-08-26,20.6,24.5,15.0,0.5,0.4,,,4.5,18.5,1004.1,75,1005.5
239,2016-08-27,19.5,25.1,13.6,,11.1,,,2.1,14.8,1008.6,67,1010.0
240,2016-08-28,21.4,25.9,15.7,,4.9,,,2.3,17.6,1005.7,70,1007.1
241,2016-08-29,24.5,26.6,22.1,0.0,1.2,,,4.3,24.3,998.8,79,1000.2
242,2016-08-30,24.8,26.4,22.2,56.0,1.7,,,5.4,26.2,990.8,83,992.1
243,2016-08-31,24.6,29.4,20.6,,8.7,,,2.0,22.1,998.2,72,999.6
244,2016-09-01,23.8,28.5,19.9,,10.2,,,1.5,22.8,1007.9,78,1009.3
245,2016-09-02,23.2,29.4,19.2,0.0,7.3,,,1.7,22.7,1013.6,80,1015.0
246,2016-09-03,23.7,27.0,21.1,,6.0,,,2.6,21.9,1015.2,75,1016.6
247,2016-09-04,23.6,27.1,21.6,,9.3,,,2.4,21.7,1015.6,75,1017.0
248,2016-09-05,23.9,27.3,21.7,,6.0,,,1.9,23.3,1011.4,79,1012.8
249,2016-09-06,22.7,23.9,20.8,62.5,0.0,,,3.2,24.5,1004.5,89,1005.9
250,2016-09-07,22.5,26.0,19.5,2.5,5.8,,,2.3,22.3,1005.6,82,1007.0
251,2016-09-08,19.6,23.6,17.0,28.0,0.2,,,2.2,19.4,1005.6,85,1007.0
252,2016-09-09,19.9,22.5,17.4,0.0,0.8,,,3.4,18.0,1003.2,77,1004.6
253,2016-09-10,20.4,22.1,16.9,0.0,4.3,,,6.1,17.8,1010.1,74,1011.5
254,2016-09-11,19.2,23.0,14.9,,11.0,,,2.2,15.3,1017.0,70,1018.4
255,2016-09-12,19.6,23.6,16.1,,5.9,,,2.0,15.9,1019.7,70,1021.1
256,2016-09-13,19.8,21.8,18.0,,0.3,,,2.5,16.8,1018.3,73,1019.7
257,2016-09-14,19.7,22.1,17.3,,0.3,,,1.8,17.9,1015.8,78,1017.2
258,2016-09-15,20.1,24.1,16.4,,9.4,,,1.7,18.3,1014.8,79,1016.2
259,2016-09-16,21.5,25.2,17.3,0.0,5.9,,,2.7,19.2,1014.1,76,1015.5
260,2016-09-17,20.7,22.6,16.6,8.0,2.3,,,5.5,18.1,1011.6,74,1013.0
261,2016-09-18,18.1,22.7,14.3,,10.1,,,3.2,14.4,1010.5,70,1011.9
262,2016-09-19,16.1,20.6,12.2,,10.0,,,3.1,11.8,1011.4,66,1012.8
263,2016-09-20,16.4,21.5,11.3,,9.5,,,1.5,11.8,1014.6,65,1016.0
264,2016-09-21,17.3,22.9,11.6,,9.3,,,1.9,12.7,1020.2,66,1021.6
265,2016-09-22,19.2,22.5,14.6,4.0,3.9,,,2.2,15.8,1019.2,71,1020.6
266,2016-09-23,18.2,19.9,15.7,4.0,0.1,,,1.3,18.8,1014.1,90,1015.5
267,2016-09-24,18.8,23.4,14.6,,6.2,,,1.3,17.9,1016.6,84,1018.0
268,2016-09-25,19.8,23.7,15.6,,7.5,,,1.9,18.3,1016.2,80,1017.6
269,2016-09-26,21.3,24.3,18.0,,5.6,,,3.1,20.0,1018.2,80,1019.6
270,2016-09-27,20.4,24.3,16.5,,4.0,,,1.2,19.0,1015.0,80,1016.4
271,2016-09-28,20.1,22.5,15.8,4.5,0.0,,,4.8,19.0,1009.5,80,1010.9
272,2016-09-29,15.6,20.4,11.0,0.5,4.9,,,2.3,13.4,1011.2,76,1012.6
273,2016-09-30,17.0,21.1,10.6,,7.3,,,3.8,12.7,1014.4,67,1015.8
274,2016-10-01,18.5,22.7,14.4,0.0,10.3,,,2.3,14.3,1016.8,68,1018.2
275,2016-10-02,18.9,23.5,13.7,,7.0,,,2.8,15.6,1017.0,73,1018.4
276,2016-10-03,19.1,23.1,16.4,16.0,0.0,,,4.2,18.6,1006.2,84,1007.6
277,2016-10-04,16.5,20.3,12.7,0.5,4.4,,,9.7,11.7,1011.5,61,1013.0
278,2016-10-05,14.0,19.7,9.1,3.5,6.0,,,1.8,11.0,1013.6,70,1015.1
279,2016-10-06,15.1,17.4,11.6,2.5,4.2,,,9.2,11.2,1010.9,65,1012.4
280,2016-10-07,13.8,15.5,11.8,0.0,3.6,,,8.6,8.3,1021.5,52,1023.0
281,2016-10-08,14.6,19.1,11.9,2.0,0.0,,,3.0,12.9,1007.2,77,1008.6
282,2016-10-09,14.0,17.5,10.8,1.0,2.1,,,9.8,10.1,1005.2,63,1006.7
283,2016-10-10,12.4,13.6,10.4,0.5,4.6,,,8.8,7.0,1015.8,49,1017.3
284,2016-10-11,13.4,16.5,6.9,2.5,6.7,,,6.8,9.1,1014.3,59,1015.8
285,2016-10-12,12.3,13.6,11.2,0.0,2.0,,,8.2,7.0,1015.0,49,1016.5
286,2016-10-13,12.3,15.4,9.1,4.5,5.6,,,5.4,8.1,1018.2,58,1019.6
287,2016-10-14,10.0,14.2,5.2,6.5,4.4,,,3.3,8.7,1021.9,71,1023.4
288,2016-10-15,11.2,16.4,4.2,,10.0,,,2.5,9.2,1025.3,70,1026.8
289,2016-10-16,16.2,18.9,12.6,,4.3,,,3.5,14.5,1023.4,79,1024.8
290,2016-10-17,15.9,18.9,12.7,1.5,0.0,,,2.6,15.3,1014.1,85,1015.5
291,2016-10-18,14.2,16.8,8.5,0.0,9.8,,,4.4,11.4,1016.6,70,1018.1
292,2016-10-19,12.4,17.2,7.6,,9.6,,,1.4,11.1,1015.6,78,1017.1
293,2016-10-20,11.1,17.1,6.3,12.5,1.9,,,11.5,8.8,1010.8,64,1012.2
294,2016-10-21,8.9,10.1,7.5,0.0,1.5,,,9.1,6.4,1018.1,55,1019.6
295,2016-10-22,9.2,11.8,5.1,0.0,0.7,,,3.1,8.5,1013.6,73,1015.1
296,2016-10-23,9.0,9.8,7.8,0.0,2.5,,,8.4,6.4,1011.6,56,1013.1
297,2016-10-24,9.5,10.6,7.9,1.0,1.8,,,12.1,6.0,1012.8,50,1014.3
298,2016-10-25,11.3,13.1,8.6,0.0,4.9,,,3.5,7.2,1013.6,54,1015.1
299,2016-10-26,12.4,15.6,8.2,0.0,6.1,,,6.5,10.2,1010.5,70,1012.0
300,2016-10-27,8.7,10.1,7.6,0.0,1.6,,,9.7,5.9,1018.4,52,1019.9
301,2016-10-28,9.0,11.0,6.9,0.0,0.0,,,5.4,7.0,1015.5,61,1017.0
302,2016-10-29,6.6,7.9,5.4,1.0,2.9,,,9.2,5.2,1016.6,53,1018.1
303,2016-10-30,5.9,7.8,3.1,1.0,3.2,,,7.2,5.4,1024.1,59,1025.6
304,2016-10-31,7.7,13.1,2.7,11.0,0.0,,,6.7,7.3,1018.1,68,1019.6
305,2016-11-01,4.5,5.7,3.2,0.0,0.0,,,6.1,4.7,1020.6,56,1022.1
306,2016-11-02,4.4,6.2,1.3,0.5,0.2,,,3.2,5.3,1022.7,64,1024.2
307,2016-11-03,5.6,8.1,3.1,5.5,0.2,,,4.5,6.7,1011.8,74,1013.3
308,2016-11-04,5.4,6.8,4.4,1.0,2.1,,,8.4,5.3,1011.6,59,1013.1
309,2016-11-05,9.6,15.1,3.3,5.0,0.0,,,6.9,10.1,1004.6,82,1006.0
310,2016-11-06,4.2,6.2,3.3,2.0,0.1,,,11.1,4.8,1020.5,58,1022.0
311,2016-11-07,4.2,6.8,2.3,,8.1,,,2.6,4.7,1025.8,57,1027.3
312,2016-11-08,7.7,10.9,2.6,6.5,0.0,,,6.0,7.5,1010.4,71,1011.9
313,2016-11-09,1.5,5.2,-0.1,8.0,0.0,1.0,2.0,14.0,5.0,1013.0,73,1014.5
314,2016-11-10,2.9,4.7,-0.2,0.0,0.0,1.0,1.0,8.3,4.3,1021.7,58,1023.2
315,2016-11-11,5.7,9.6,-0.2,1.5,0.4,,,2.8,6.6,1016.9,70,1018.4
316,2016-11-12,8.7,11.1,5.6,2.5,5.9,,,2.6,8.9,1019.4,80,1020.9
317,2016-11-13,9.4,13.7,5.3,7.5,1.8,,,5.6,8.9,1019.6,74,1021.1
318,2016-11-14,8.5,16.0,1.3,,8.6,,,1.7,7.4,1017.0,67,1018.5
319,2016-11-15,8.8,16.5,3.7,4.0,1.3,,,9.1,8.0,1007.1,68,1008.6
320,2016-11-16,3.2,5.0,1.1,1.0,0.1,,,11.4,4.6,1015.5,61,1017.0
321,2016-11-17,3.3,4.8,2.0,0.0,0.5,,,9.7,4.3,1019.6,55,1021.1
322,2016-11-18,9.6,12.5,4.6,0.5,2.3,,,9.6,8.1,1018.5,65,1020.0
323,2016-11-19,11.9,15.3,7.0,0.0,3.7,,,4.6,10.5,1012.5,75,1014.0
324,2016-11-20,8.5,13.2,4.2,2.0,0.4,,,7.8,8.3,1013.3,72,1014.8
325,2016-11-21,3.4,4.9,1.9,0.0,0.9,,,5.6,4.5,1021.5,58,1023.0
326,2016-11-22,2.9,5.2,-0.8,1.5,0.1,,,5.5,5.1,1012.7,67,1014.2
327,2016-11-23,-2.0,0.8,-4.0,4.0,0.3,1.0,5.0,11.6,3.6,1018.9,69,1020.5
328,2016-11-24,-0.5,1.0,-2.1,0.0,0.6,2.0,2.0,6.0,4.1,1019.2,70,1020.7
329,2016-11-25,1.1,2.6,-0.2,6.5,0.1,4.0,4.0,8.9,4.2,1019.7,63,1021.2
330,2016-11-26,2.7,4.3,0.9,,2.3,1.0,,4.3,4.4,1023.2,59,1024.7
331,2016-11-27,6.6,8.6,2.2,0.0,0.7,,,6.5,6.4,1013.6,66,1015.1
332,2016-11-28,3.4,5.5,1.8,1.5,0.1,,,8.3,5.2,1011.9,66,1013.4
333,2016-11-29,1.0,2.7,-1.4,4.5,1.5,4.0,4.0,9.9,4.5,1021.6,68,1023.2
334,2016-11-30,1.5,3.0,-0.7,1.5,0.1,4.0,,3.4,4.4,1029.1,64,1030.6
335,2016-12-01,6.0,10.8,0.7,7.0,0.2,,,6.2,6.7,1011.1,71,1012.6
336,2016-12-02,4.1,5.6,1.2,6.5,0.0,,,14.5,5.0,1013.2,61,1014.7
337,2016-12-03,5.9,8.4,1.2,,8.2,,,6.5,4.8,1022.5,53,1024.0
338,2016-12-04,9.1,12.8,0.9,3.5,1.9,,,4.3,9.5,1014.5,80,1016.0
339,2016-12-05,7.7,10.7,3.8,1.5,2.6,,,3.3,8.3,1007.6,78,1009.1
340,2016-12-06,0.9,5.6,-3.5,16.0,0.7,,,10.2,5.2,1007.1,77,1008.6
341,2016-12-07,-1.1,0.5,-3.6,0.0,1.2,,,8.5,3.3,1016.1,58,1017.6
342,2016-12-08,1.2,3.8,-2.2,0.0,1.2,,,6.3,4.0,1015.3,60,1016.8
343,2016-12-09,3.0,5.3,1.1,0.0,1.2,,,3.7,5.8,1006.9,76,1008.4
344,2016-12-10,-0.4,3.3,-2.8,8.0,0.3,3.0,4.0,9.5,4.5,1012.1,76,1013.6
345,2016-12-11,-2.4,-0.3,-6.1,6.0,0.1,7.0,7.0,7.6,3.9,1018.1,76,1019.6
346,2016-12-12,-1.6,1.7,-6.9,0.0,2.8,7.0,,1.8,3.5,1023.4,62,1025.0
347,2016-12-13,4.1,7.0,-0.4,5.0,0.1,4.0,,6.5,5.8,1013.2,71,1014.7
348,2016-12-14,0.4,2.3,-1.6,0.5,2.8,,,2.9,3.7,1005.7,58,1007.2
349,2016-12-15,-2.2,-0.1,-4.3,8.0,0.4,6.0,7.0,6.5,3.4,1008.3,67,1009.8
350,2016-12-16,-1.9,-0.6,-3.6,9.0,0.7,11.0,11.0,9.8,3.8,1008.7,71,1010.2
351,2016-12-17,0.1,3.3,-2.7,2.5,0.7,11.0,,11.5,4.0,1014.6,65,1016.1
352,2016-12-18,6.3,8.3,3.2,,2.5,8.0,,9.9,5.8,1019.3,61,1020.8
353,2016-12-19,4.0,7.1,-0.8,,7.3,,,3.7,5.1,1021.8,63,1023.3
354,2016-12-20,3.5,7.1,-0.7,,1.0,,,4.4,5.5,1023.3,71,1024.8
355,2016-12-21,5.3,7.7,-0.1,0.0,0.5,,,4.4,5.9,1026.9,66,1028.4
356,2016-12-22,5.0,7.2,2.4,41.0,0.0,,,2.8,6.7,1011.5,76,1013.0
357,2016-12-23,5.7,10.4,0.1,18.0,0.0,,,5.3,7.5,991.6,80,993.1
358,2016-12-24,-0.1,1.8,-2.4,0.0,4.6,,,4.9,3.2,1019.9,53,1021.4
359,2016-12-25,2.4,3.8,0.3,1.5,4.5,,,7.5,3.9,1026.4,53,1027.9
360,2016-12-26,6.0,9.3,3.0,10.5,0.7,,,8.5,6.6,1017.4,70,1018.9
361,2016-12-27,0.2,3.5,-3.1,1.0,0.0,,,3.6,4.2,1007.5,66,1009.0
362,2016-12-28,-1.3,2.2,-5.0,0.5,1.1,,,5.7,3.3,1018.4,58,1019.9
363,2016-12-29,0.2,4.1,-3.2,3.0,0.0,,,10.1,4.1,1012.7,65,1014.2
364,2016-12-30,0.3,2.6,-2.2,1.0,0.5,,,10.5,3.6,1018.0,58,1019.5
365,2016-12-31,1.3,2.7,0.6,1.5,0.4,,,8.3,4.1,1019.9,60,1021.4
366,2017-01-01,2.9,4.5,1.4,0.0,0.0,,,6.5,4.1,1019.0,54,1020.5
367,2017-01-02,3.6,5.3,-0.5,0.0,0.3,,,4.7,5.3,1013.8,66,1015.3
368,2017-01-03,1.9,3.4,-0.7,0.0,0.2,,,3.5,4.5,1013.2,64,1014.7
369,2017-01-04,1.6,3.9,-0.1,0.0,1.5,2.0,2.0,4.4,5.0,1012.2,73,1013.7
370,2017-01-05,-0.5,1.8,-3.6,3.0,5.5,,,5.6,3.7,1018.8,62,1020.3
371,2017-01-06,0.6,3.8,-4.9,0.0,2.0,,,5.0,3.7,1022.3,57,1023.9
372,2017-01-07,3.5,5.9,-0.3,0.0,3.2,,,7.3,4.2,1017.1,53,1018.6
373,2017-01-08,0.1,4.1,-3.4,,7.9,,,2.2,3.5,1016.0,58,1017.5
374,2017-01-09,2.7,6.8,-1.2,2.5,1.7,,,4.7,5.2,1003.1,71,1004.6
375,2017-01-10,-1.7,1.4,-4.3,4.5,0.0,2.0,3.0,9.6,3.5,1007.3,66,1008.8
376,2017-01-11,-5.6,-3.1,-7.1,1.5,0.0,,,12.7,2.8,1007.1,70,1008.7
377,2017-01-12,-5.3,-2.9,-8.1,4.5,1.2,7.0,12.0,12.3,3.1,999.9,74,1001.4
378,2017-01-13,-4.8,-3.2,-6.4,3.0,0.1,9.0,3.0,6.6,3.0,1001.7,71,1003.2
379,2017-01-14,-5.6,-2.7,-7.0,0.5,0.0,8.0,2.0,3.6,2.9,999.8,71,1001.3
380,2017-01-15,-1.4,1.5,-6.4,3.0,2.1,8.0,2.0,6.5,3.9,1002.7,70,1004.2
381,2017-01-16,-0.3,3.6,-5.4,0.0,1.5,8.0,,4.0,3.7,1008.8,64,1010.3
382,2017-01-17,-0.6,2.8,-5.0,,4.0,7.0,,3.1,3.4,1021.9,59,1023.5
383,2017-01-18,-0.2,2.4,-3.5,0.0,1.6,7.0,3.0,2.3,4.2,1022.2,69,1023.7
384,2017-01-19,0.8,2.9,-1.0,2.0,4.2,10.0,3.0,6.7,4.3,1015.5,66,1017.0
385,2017-01-20,-1.3,0.5,-3.6,,5.6,8.0,,3.3,3.1,1013.5,56,1015.0
386,2017-01-21,-1.8,1.5,-6.1,,4.5,8.0,,2.4,3.0,1016.7,56,1018.3
387,2017-01-22,0.6,4.2,-3.7,6.5,1.6,10.0,6.0,6.8,4.4,1006.3,68,1007.8
388,2017-01-23,-0.8,1.8,-3.3,0.0,6.0,9.0,2.0,7.6,3.7,1007.5,65,1009.0
389,2017-01-24,-3.8,-1.5,-6.2,1.5,3.8,11.0,3.0,5.8,3.0,1015.5,66,1017.1
390,2017-01-25,-2.3,0.6,-5.6,0.5,0.4,13.0,3.0,6.4,3.6,1021.1,70,1022.6
391,2017-01-26,1.5,4.1,-0.3,0.5,1.6,12.0,1.0,6.2,4.1,1020.9,60,1022.4
392,2017-01-27,3.1,7.3,-3.2,22.5,0.0,10.0,3.0,9.2,5.8,1008.1,73,1009.6
393,2017-01-28,-0.4,1.0,-2.7,1.0,1.9,4.0,,13.6,3.2,1019.7,53,1021.2
394,2017-01-29,-0.1,1.9,-2.0,0.5,3.0,4.0,2.0,4.0,3.3,1019.4,56,1021.0
395,2017-01-30,-1.4,1.2,-3.3,2.0,0.5,5.0,2.0,5.6,3.8,1007.1,70,1008.6
396,2017-01-31,-1.8,0.5,-4.0,1.0,0.2,4.0,1.0,8.6,3.4,1016.7,63,1018.2
397,2017-02-01,-1.3,1.5,-6.5,7.5,0.0,9.0,6.0,9.9,3.7,1009.2,67,1010.7
398,2017-02-02,-5.2,-3.7,-7.3,3.0,0.8,5.0,3.0,12.4,2.9,1007.7,70,1009.3
399,2017-02-03,-1.7,1.9,-6.3,0.5,0.0,7.0,2.0,9.5,3.4,1012.6,63,1014.1
400,2017-02-04,2.6,3.5,1.6,,1.9,3.0,,7.8,4.0,1014.4,54,1015.9
401,2017-02-05,2.6,4.8,-1.5,,7.1,2.0,,2.4,4.5,1009.6,60,1011.1
402,2017-02-06,2.0,4.0,0.6,0.0,0.0,1.0,1.0,2.9,5.5,998.7,78,1000.2
403,2017-02-07,-1.0,2.2,-3.3,4.0,5.4,2.0,2.0,6.5,3.4,1007.0,60,1008.5
404,2017-02-08,-0.5,1.1,-3.9,1.0,0.0,4.0,2.0,6.0,3.7,1010.0,62,1011.5
405,2017-02-09,1.0,3.7,-0.9,0.0,4.0,2.0,,2.6,3.9,1003.8,59,1005.3
406,2017-02-10,1.5,3.3,0.0,2.0,0.0,6.0,4.0,3.1,4.5,996.9,67,998.4
407,2017-02-11,1.6,3.9,-1.9,0.0,3.8,5.0,,3.3,4.2,1002.0,61,1003.5
408,2017-02-12,3.6,5.3,2.3,1.5,2.0,3.0,,7.6,5.8,1010.5,73,1012.0
409,2017-02-13,3.0,5.3,1.1,0.5,4.7,,,5.8,5.4,1018.3,71,1019.8
410,2017-02-14,2.3,3.6,0.5,0.0,1.2,,,6.6,4.8,1020.6,67,1022.1
411,2017-02-15,2.1,3.0,0.6,0.5,0.4,1.0,1.0,7.0,4.5,1020.7,63,1022.2
412,2017-02-16,7.5,9.5,2.9,0.0,0.7,,,7.6,7.7,1014.5,73,1016.0
413,2017-02-17,2.9,8.8,-2.8,15.0,0.0,,,9.5,6.0,1005.4,76,1006.9
414,2017-02-18,-4.4,-2.1,-6.0,1.0,0.4,3.0,3.0,12.1,3.1,1011.0,71,1012.6
415,2017-02-19,-3.0,-0.2,-5.1,1.0,1.0,1.0,2.0,8.8,3.1,1011.8,62,1013.3
416,2017-02-20,-0.6,0.3,-1.6,3.5,0.0,14.0,15.0,4.5,4.6,1000.7,79,1002.2
417,2017-02-21,-2.2,-0.7,-3.3,3.5,1.4,14.0,2.0,9.2,3.3,1014.2,63,1015.8
418,2017-02-22,1.0,2.3,-1.2,0.0,0.7,,,4.9,4.4,1018.9,66,1020.4
419,2017-02-23,1.9,4.5,-0.1,9.5,0.0,1.0,1.0,4.4,5.8,1000.3,82,1001.8
420,2017-02-24,-0.9,0.9,-2.3,0.0,0.5,,,10.7,3.7,1008.3,65,1009.8
421,2017-02-25,1.4,4.1,-2.6,2.5,1.6,4.0,5.0,9.0,4.1,1011.4,61,1012.9
422,2017-02-26,-1.5,0.5,-4.0,1.5,1.2,,,8.0,3.4,1017.1,62,1018.6
423,2017-02-27,-2.5,0.5,-7.5,0.0,8.4,,,2.5,2.6,1026.5,50,1028.1
424,2017-02-28,1.8,4.8,-2.3,,6.0,,,1.9,4.0,1024.8,57,1026.3
425,2017-03-01,4.4,6.8,1.3,0.0,2.7,,,3.3,5.5,1018.3,66,1019.8
426,2017-03-02,4.7,9.6,-0.1,,7.8,,,1.9,6.0,1007.5,70,1009.0
427,2017-03-03,1.4,4.7,-0.5,0.5,1.4,,,9.6,4.4,1008.1,64,1009.6
428,2017-03-04,0.4,2.1,-0.9,0.0,0.2,,,8.6,3.6,1013.0,58,1014.5
429,2017-03-05,1.0,2.3,-0.6,0.0,0.4,,,7.7,3.6,1013.5,55,1015.0
430,2017-03-06,-0.2,1.9,-1.7,0.0,0.9,1.0,1.0,3.5,3.8,1004.4,63,1005.9
431,2017-03-07,-0.9,0.3,-2.8,1.5,0.5,2.0,2.0,8.5,3.6,999.4,64,1000.9
432,2017-03-08,0.5,2.1,-2.0,2.0,1.8,2.0,1.0,8.7,4.2,998.5,66,1000.0
433,2017-03-09,1.0,2.7,-0.5,7.5,0.8,9.0,12.0,7.4,4.9,1000.1,75,1001.6
434,2017-03-10,0.0,1.9,-4.9,5.5,0.2,13.0,6.0,4.9,4.6,1006.9,76,1008.4
435,2017-03-11,0.5,4.9,-5.4,0.5,7.3,11.0,,2.5,3.9,1018.8,64,1020.3
436,2017-03-12,1.1,5.6,-3.7,,10.4,4.0,,1.3,4.0,1022.1,63,1023.6
437,2017-03-13,2.7,7.7,-2.7,,8.3,1.0,,2.2,4.8,1017.9,66,1019.4
438,2017-03-14,3.7,6.4,2.2,0.0,0.9,,,3.6,6.1,1011.4,76,1012.9
439,2017-03-15,3.4,7.1,0.3,,9.1,,,2.6,4.3,1011.4,56,1012.9
440,2017-03-16,2.2,5.7,-2.4,,7.1,,,4.1,4.5,1013.3,62,1014.8
441,2017-03-17,3.6,6.7,-0.6,,5.9,,,3.8,5.2,1015.7,66,1017.2
442,2017-03-18,3.5,7.7,-0.8,,7.4,,,3.7,4.6,1017.0,59,1018.5
443,2017-03-19,4.4,8.4,-0.8,,11.0,,,4.8,5.1,1017.4,62,1018.9
444,2017-03-20,5.2,9.3,-0.2,,10.8,,,3.3,5.1,1018.4,58,1019.9
445,2017-03-21,6.1,10.8,2.0,1.5,1.1,,,3.3,5.5,1007.2,61,1008.7
446,2017-03-22,4.1,6.6,1.0,1.0,2.8,,,8.0,5.5,1008.7,68,1010.2
447,2017-03-23,2.8,4.8,0.7,1.0,7.5,,,5.9,4.8,1012.9,65,1014.4
448,2017-03-24,2.5,4.9,-1.2,0.0,7.7,,,5.2,4.5,1013.6,61,1015.1
449,2017-03-25,3.8,7.7,0.0,0.0,9.3,,,3.8,4.9,1018.7,61,1020.2
450,2017-03-26,3.9,7.9,-0.4,0.0,7.2,,,1.8,4.8,1018.8,61,1020.3
451,2017-03-27,3.8,8.8,-0.6,0.0,7.2,,,1.9,4.8,1013.9,61,1015.4
452,2017-03-28,4.2,7.1,-0.8,0.0,7.7,,,4.2,5.6,1014.8,69,1016.3
453,2017-03-29,6.6,8.9,3.9,0.0,0.9,,,4.4,7.3,1016.3,76,1017.8
454,2017-03-30,6.2,9.6,2.4,7.5,0.4,,,3.4,7.7,1012.8,81,1014.3
455,2017-03-31,3.8,7.2,0.5,,11.0,,,2.1,5.6,1017.4,70,1018.9
456,2017-04-01,3.0,6.5,0.2,3.5,3.3,,,1.6,5.8,1014.6,76,1016.1
457,2017-04-02,4.7,8.5,-0.9,0.5,7.2,,,3.8,6.3,1011.7,74,1013.2
458,2017-04-03,7.6,10.5,4.8,,8.1,,,3.5,7.6,1013.8,73,1015.3
459,2017-04-04,7.5,11.1,3.2,,5.7,,,2.9,8.4,1021.9,81,1023.4
460,2017-04-05,9.9,12.5,5.9,,11.5,,,4.3,8.2,1020.9,68,1022.4
461,2017-04-06,11.5,15.9,7.5,5.0,4.2,,,3.3,9.8,1015.1,73,1016.6
462,2017-04-07,7.9,12.7,3.9,2.5,0.9,,,4.2,9.4,1011.7,88,1013.2
463,2017-04-08,8.7,13.1,4.0,0.0,0.2,,,2.7,7.6,1010.1,68,1011.6
464,2017-04-09,7.3,9.5,6.3,1.0,8.9,,,7.5,6.0,1008.6,59,1010.1
465,2017-04-10,7.6,11.4,2.7,,11.8,,,3.6,5.5,1017.1,53,1018.6
466,2017-04-11,8.3,13.6,1.3,0.5,1.9,,,1.8,6.0,1006.5,57,1008.0
467,2017-04-12,5.0,7.0,3.5,9.5,4.9,,,7.5,5.6,1000.5,64,1002.0
468,2017-04-13,4.7,8.7,0.6,0.0,5.0,,,11.9,4.2,1006.7,49,1008.2
469,2017-04-14,10.9,13.1,8.5,,6.6,,,11.2,9.3,1006.9,71,1008.4
470,2017-04-15,10.6,11.8,7.6,,1.7,,,7.2,10.7,1005.1,83,1006.6
471,2017-04-16,10.7,13.9,6.4,,5.2,,,4.8,9.8,1006.2,76,1007.6
472,2017-04-17,9.5,13.9,3.2,,9.1,,,2.1,6.7,1012.1,59,1013.6
473,2017-04-18,8.4,11.3,6.4,48.0,2.0,,,8.4,8.9,989.7,81,991.2
474,2017-04-19,6.8,11.5,4.6,3.0,0.3,,,7.6,8.2,992.8,83,994.3
475,2017-04-20,5.6,7.5,3.6,4.0,3.7,,,6.5,6.3,1010.7,70,1012.2
476,2017-04-21,8.1,13.0,5.0,0.0,4.4,,,2.3,7.1,1007.0,67,1008.5
477,2017-04-22,6.8,8.4,5.9,0.0,0.2,,,3.8,8.1,1006.3,82,1007.8
478,2017-04-23,6.8,10.3,2.9,,12.5,,,2.4,7.0,1017.3,72,1018.8
479,2017-04-24,8.2,13.4,2.2,,12.2,,,1.4,6.7,1023.3,63,1024.8
480,2017-04-25,12.1,18.4,6.9,8.5,6.0,,,4.3,9.5,1018.0,68,1019.4
481,2017-04-26,9.2,12.9,7.0,1.5,0.1,,,2.6,9.8,1010.6,84,1012.1
482,2017-04-27,9.0,11.7,4.1,,7.0,,,5.8,8.4,1001.7,73,1003.2
483,2017-04-28,10.1,13.1,7.7,4.5,6.2,,,5.0,8.8,1002.3,71,1003.8
484,2017-04-29,10.4,13.2,8.1,0.5,9.3,,,3.3,10.4,1002.9,82,1004.4
485,2017-04-30,11.9,18.3,6.2,,3.4,,,4.9,9.1,1001.9,68,1003.4
486,2017-05-01,10.2,12.9,7.4,,11.7,,,4.7,9.3,1010.6,75,1012.1
487,2017-05-02,8.9,12.4,5.8,,12.7,,,2.9,8.9,1021.7,78,1023.2
488,2017-05-03,10.7,14.5,7.2,,13.0,,,2.9,9.1,1023.9,70,1025.4
489,2017-05-04,12.6,17.8,4.9,,13.2,,,1.2,8.0,1020.2,55,1021.6
490,2017-05-05,13.6,17.6,9.0,,11.5,,,2.4,11.4,1012.7,73,1014.1
491,2017-05-06,12.3,17.8,6.1,4.0,4.3,,,3.2,10.5,1006.5,72,1008.0
492,2017-05-07,12.0,13.6,5.8,,11.1,,,7.8,10.0,1002.2,71,1003.6
493,2017-05-08,10.6,13.1,7.4,0.5,9.9,,,6.8,9.1,1004.4,71,1005.8
494,2017-05-09,11.2,14.7,7.7,,13.1,,,3.1,8.5,1015.7,64,1017.2
495,2017-05-10,13.7,20.4,7.0,0.0,0.4,,,1.5,10.2,1008.8,65,1010.2
496,2017-05-11,11.6,13.2,9.6,7.0,0.0,,,3.8,12.6,1003.7,92,1005.1
497,2017-05-12,11.8,15.2,9.5,0.5,4.2,,,2.0,11.3,1012.8,82,1014.3
498,2017-05-13,11.5,14.5,8.9,1.5,0.5,,,3.0,10.5,1012.9,77,1014.4
499,2017-05-14,9.8,11.5,8.7,5.5,0.0,,,4.3,9.6,1011.0,79,1012.5
500,2017-05-15,11.8,14.8,9.5,3.0,2.5,,,3.5,10.7,1008.7,78,1010.2
501,2017-05-16,11.0,13.1,10.1,2.0,1.7,,,3.6,11.0,1006.0,84,1007.5
502,2017-05-17,11.1,13.9,9.3,0.0,0.5,,,3.0,10.8,1010.1,82,1011.6
503,2017-05-18,12.7,14.9,10.8,,0.2,,,2.9,12.3,1013.8,84,1015.3
504,2017-05-19,14.9,17.3,11.6,,11.4,,,4.1,11.3,1013.1,68,1014.6
505,2017-05-20,15.9,18.5,13.1,,13.0,,,4.5,13.1,1012.1,73,1013.5
506,2017-05-21,15.6,20.3,12.0,,8.8,,,2.0,14.7,1013.2,84,1014.7
507,2017-05-22,15.0,17.7,12.5,,1.6,,,1.4,14.4,1012.6,85,1014.1
508,2017-05-23,14.9,22.1,11.2,,9.4,,,2.4,13.3,1008.9,79,1010.3
509,2017-05-24,13.6,15.8,12.3,0.5,0.8,,,1.6,13.1,1007.9,84,1009.4
510,2017-05-25,14.8,20.8,9.5,,11.8,,,2.0,13.1,1007.4,78,1008.8
511,2017-05-26,16.7,20.5,14.2,,10.0,,,3.2,13.8,1005.2,73,1006.6
512,2017-05-27,13.8,18.1,12.2,11.0,1.3,,,2.1,13.3,1006.2,84,1007.6
513,2017-05-28,13.4,14.5,12.0,0.5,0.4,,,4.7,13.3,1007.7,86,1009.1
514,2017-05-29,16.4,18.6,14.4,,11.9,,,5.8,14.5,1008.3,78,1009.7
515,2017-05-30,16.6,18.8,14.5,,6.6,,,3.4,15.7,1005.9,83,1007.3
516,2017-05-31,16.7,20.2,13.8,0.0,5.5,,,2.6,15.7,1003.0,83,1004.4
