,calendar_date,avg_temperature,high_temperature,low_temperature,precipitation,hours_sunlight,deepest_snowfall,total_snowfall,avg_wind_speed,avg_vapor_pressure,avg_local_pressure,avg_humidity,avg_sea_pressure,cloud_cover
0,2016-01-01,6.5,11.5,1.6,,9.4,,,3.6,4.1,1021.6,44,1025.6,1.7
1,2016-01-02,4.8,12.1,0.0,,7.2,,,1.6,4.4,1017.8,52,1021.7,3.3
2,2016-01-03,7.3,16.7,-0.4,,9.0,,,1.6,5.5,1012.4,56,1016.3,2.0
3,2016-01-04,8.3,15.6,0.8,,9.3,,,1.8,6.0,1009.5,58,1013.4,0.0
4,2016-01-05,10.4,16.4,5.5,,7.1,,,2.6,5.4,1012.1,45,1016.0,6.7
5,2016-01-06,6.9,9.9,3.9,,0.2,,,1.2,6.5,1013.4,66,1017.3,10.0
6,2016-01-07,6.5,13.0,1.5,,9.3,,,3.2,4.7,1008.7,51,1012.6,1.0
7,2016-01-08,4.4,10.7,-0.9,,9.4,,,1.4,4.5,1009.8,56,1013.7,1.3
8,2016-01-09,5.8,12.5,-0.7,,8.9,,,2.3,4.2,1013.2,50,1017.2,1.3
9,2016-01-10,6.6,14.2,0.1,,9.2,,,2.5,4.2,1012.6,46,1016.5,0.0
10,2016-01-11,6.5,11.6,2.2,,8.6,,,2.4,4.4,1013.3,46,1017.2,6.7
11,2016-01-12,2.8,5.0,-2.1,,0.0,,,1.6,4.9,1011.2,65,1015.2,7.3
12,2016-01-13,1.6,8.4,-4.4,,8.4,,,1.5,4.2,1009.4,63,1013.4,0.0
13,2016-01-14,4.8,12.5,-1.3,,8.2,,,2.2,3.9,1007.9,50,1011.9,2.0
14,2016-01-15,4.4,10.5,-0.5,0.0,5.6,,,2.0,4.8,1012.5,59,1016.5,7.3
15,2016-01-16,6.3,12.5,0.0,0.0,8.9,,,2.0,4.1,1015.1,45,1019.0,3.7
16,2016-01-17,4.6,8.2,-1.4,3.0,4.9,,,1.5,4.5,1018.4,54,1022.4,6.7
17,2016-01-18,2.3,7.6,0.2,55.5,0.9,15.0,15.0,2.7,6.3,996.0,87,1000.0,6.0
18,2016-01-19,3.5,7.0,-2.5,0.0,9.5,7.0,,3.8,3.2,996.8,42,1000.7,0.0
19,2016-01-20,0.8,6.5,-5.7,0.0,7.9,6.0,1.0,4.1,3.9,1005.5,60,1009.4,3.7
20,2016-01-21,3.3,7.7,-1.3,,8.1,3.0,,3.0,3.6,1013.8,47,1017.8,6.7
21,2016-01-22,4.1,9.2,0.5,,9.4,1.0,,4.3,3.2,1015.9,40,1019.9,1.7
22,2016-01-23,2.9,7.4,-0.1,0.0,4.2,,,3.0,3.6,1013.5,48,1017.5,10.0
23,2016-01-24,1.9,6.9,-2.4,,9.5,,,4.8,2.5,1000.6,39,1004.6,0.0
24,2016-01-25,2.1,8.2,-2.9,,9.8,,,4.0,2.1,1012.6,30,1016.5,0.3
25,2016-01-26,2.5,9.7,-3.4,,9.8,,,2.2,2.9,1018.9,42,1022.9,0.3
26,2016-01-27,5.7,14.1,-2.7,,9.8,,,2.4,3.5,1019.6,41,1023.6,0.0
27,2016-01-28,7.0,14.7,-1.0,,9.7,,,2.5,4.1,1021.5,45,1025.5,0.0
28,2016-01-29,4.4,6.3,0.6,9.5,0.0,0.0,,1.8,6.4,1020.3,77,1024.3,10.0
29,2016-01-30,3.0,5.6,0.7,2.5,0.1,0.0,,1.2,6.2,1016.8,83,1020.8,10.0
30,2016-01-31,5.6,11.8,-0.2,,9.7,,,1.8,5.6,1016.4,65,1020.3,3.3
31,2016-02-01,4.5,7.9,0.7,0.0,1.8,,,2.1,4.8,1015.8,58,1019.8,10.0
32,2016-02-02,4.9,10.5,1.5,,9.5,,,4.4,3.3,1014.4,39,1018.4,2.0
33,2016-02-03,4.3,10.1,-0.7,,7.3,,,2.9,3.6,1017.4,45,1021.4,4.3
34,2016-02-04,3.9,10.1,-1.4,,10.0,,,2.0,4.2,1016.1,54,1020.1,1.0
35,2016-02-05,6.3,13.6,-0.3,,9.3,,,2.4,4.4,1011.9,51,1015.8,5.3
36,2016-02-06,5.9,11.3,0.4,8.5,4.1,2.0,2.0,2.2,6.0,1009.0,66,1012.9,10.0
37,2016-02-07,3.9,8.6,0.4,0.0,9.9,1.0,,4.1,3.4,1012.2,44,1016.2,3.3
38,2016-02-08,3.1,7.5,-0.8,,3.5,,,1.6,4.2,1014.8,54,1018.7,8.7
39,2016-02-09,4.3,12.3,-1.5,0.0,7.1,,,2.7,4.6,1006.1,59,1010.1,1.0
40,2016-02-10,4.3,9.5,0.7,,10.2,,,4.7,3.4,1015.8,43,1019.8,0.7
41,2016-02-11,5.1,11.0,0.1,,10.4,,,3.0,3.3,1026.3,40,1030.3,0.0
42,2016-02-12,5.1,11.6,-1.7,,4.5,,,1.6,5.1,1027.4,58,1031.4,9.3
43,2016-02-13,10.7,17.1,3.5,0.0,5.8,,,1.4,6.5,1015.5,52,1019.4,9.0
44,2016-02-14,14.3,22.0,8.6,5.0,3.9,,,2.1,10.9,995.4,67,999.1,7.7
45,2016-02-15,6.8,13.1,0.8,0.0,0.0,,,4.2,4.6,999.2,46,1003.1,7.3
46,2016-02-16,4.1,10.3,-0.7,,9.9,,,2.8,3.6,1007.7,44,1011.6,1.0
47,2016-02-17,4.0,11.4,-1.3,,7.5,,,3.2,3.6,1011.5,47,1015.4,0.7
48,2016-02-18,4.0,10.7,-2.8,,10.5,,,1.8,4.0,1021.0,50,1025.0,0.7
49,2016-02-19,8.6,17.8,-0.5,,10.0,,,1.9,4.2,1020.9,42,1024.9,1.7
50,2016-02-20,7.1,9.7,5.8,16.5,0.1,,,1.9,6.8,1016.2,68,1020.2,10.0
51,2016-02-21,9.1,14.7,5.1,,8.9,,,5.5,5.3,1009.8,48,1013.6,1.7
52,2016-02-22,6.6,10.9,3.7,,4.7,,,3.9,4.4,1024.7,46,1028.7,10.0
53,2016-02-23,6.9,11.3,4.5,,4.3,,,1.8,6.8,1017.8,69,1021.8,3.7
54,2016-02-24,5.7,8.6,0.3,1.5,1.8,3.0,3.0,5.1,3.8,1018.1,43,1022.1,9.3
55,2016-02-25,2.8,9.1,-1.4,0.5,8.0,2.0,,1.7,4.6,1022.1,65,1026.1,4.0
56,2016-02-26,4.6,11.5,-1.2,,8.3,,,2.2,3.2,1020.5,40,1024.5,3.0
57,2016-02-27,6.5,13.3,1.4,,10.6,,,2.8,4.1,1020.5,44,1024.4,1.0
58,2016-02-28,7.8,15.3,1.8,0.0,9.2,,,3.3,5.4,1021.0,53,1024.9,4.0
59,2016-02-29,7.7,13.6,3.7,1.5,3.1,,,3.1,6.4,1005.9,61,1009.8,7.3
60,2016-03-01,3.7,8.3,0.6,,10.4,,,5.9,2.5,1012.2,32,1016.2,0.7
61,2016-03-02,5.5,13.0,-2.4,,11.1,,,2.6,2.8,1017.2,33,1021.1,0.0
62,2016-03-03,8.5,18.1,-1.5,,10.9,,,2.3,4.1,1018.1,40,1022.0,0.7
63,2016-03-04,9.0,16.1,2.0,,8.9,,,2.8,6.0,1026.0,53,1029.9,6.7
64,2016-03-05,9.3,13.9,4.5,0.0,1.1,,,2.1,7.8,1028.7,68,1032.6,10.0
65,2016-03-06,12.2,16.2,7.9,0.0,4.6,,,1.5,9.6,1021.8,69,1025.6,7.3
66,2016-03-07,12.0,12.9,10.7,9.5,0.0,,,1.1,12.8,1014.6,91,1018.4,10.0
67,2016-03-08,16.0,21.7,11.5,,8.9,,,2.1,12.4,1009.5,70,1013.2,4.7
68,2016-03-09,8.5,14.3,3.5,19.5,0.0,,,2.7,8.1,1011.9,75,1015.8,10.0
69,2016-03-10,6.5,10.2,3.8,0.5,0.9,,,2.4,6.3,1013.1,66,1017.1,9.7
70,2016-03-11,4.2,6.1,2.5,1.0,0.0,,,2.1,6.4,1015.3,78,1019.2,10.0
71,2016-03-12,5.3,7.6,3.0,0.0,1.3,,,2.1,5.8,1019.7,66,1023.7,9.3
72,2016-03-13,6.1,8.2,3.2,,0.0,,,1.3,5.9,1021.1,63,1025.0,10.0
73,2016-03-14,5.4,6.5,4.1,18.0,0.0,,,2.1,7.5,1011.5,84,1015.4,10.0
74,2016-03-15,7.1,12.6,3.0,,11.5,,,4.9,4.4,1011.7,45,1015.6,1.0
75,2016-03-16,6.8,12.4,0.2,,6.5,,,1.8,5.2,1019.2,53,1023.1,10.0
76,2016-03-17,12.6,22.0,2.7,,11.3,,,2.2,5.6,1017.6,45,1021.4,0.0
77,2016-03-18,13.1,19.7,5.1,0.5,6.8,,,1.7,8.1,1014.3,56,1018.1,7.7
78,2016-03-19,14.5,19.5,11.3,1.5,3.2,,,2.4,10.8,1003.2,66,1006.9,5.3
79,2016-03-20,12.9,17.9,9.1,,11.1,,,6.1,5.0,1007.2,34,1011.1,4.7
80,2016-03-21,9.8,16.3,5.2,0.0,6.1,,,3.4,3.9,1013.5,33,1017.3,3.3
81,2016-03-22,9.9,17.7,1.5,,11.4,,,2.3,5.2,1011.5,42,1015.4,0.7
82,2016-03-23,10.4,17.5,5.4,1.5,4.0,,,2.5,6.6,1009.8,55,1013.6,10.0
83,2016-03-24,6.4,11.3,4.0,3.0,4.1,,,2.7,6.0,1012.2,65,1016.1,6.3
84,2016-03-25,7.1,12.7,1.1,,11.6,,,3.8,3.5,1014.5,37,1018.5,4.0
85,2016-03-26,8.6,15.3,3.1,,9.1,,,3.0,4.2,1016.3,39,1020.2,3.3
86,2016-03-27,10.3,15.5,6.1,0.0,3.9,,,2.1,6.8,1015.7,55,1019.5,9.3
87,2016-03-28,11.8,17.6,8.5,17.5,6.1,,,1.9,8.5,1015.3,64,1019.2,10.0
88,2016-03-29,12.3,18.9,6.4,,9.5,,,3.1,7.7,1018.7,57,1022.5,6.3
89,2016-03-30,13.6,19.6,7.4,,7.1,,,2.1,8.0,1013.9,53,1017.7,10.0
90,2016-03-31,15.0,21.5,9.6,,10.4,,,2.8,5.4,1014.0,33,1017.8,7.7
91,2016-04-01,12.7,20.0,8.9,0.0,4.8,,,3.3,6.9,1017.3,47,1021.2,10.0
92,2016-04-02,11.1,12.9,9.2,0.0,0.0,,,1.4,7.5,1022.8,56,1026.7,10.0
93,2016-04-03,14.8,19.9,10.2,,3.8,,,2.3,10.9,1018.4,65,1022.2,10.0
94,2016-04-04,14.6,21.1,9.5,6.0,0.9,,,2.5,13.5,1004.2,82,1007.9,10.0
95,2016-04-05,10.3,13.0,6.7,2.5,0.0,,,2.5,9.5,1010.4,77,1014.3,7.3
96,2016-04-06,13.9,22.4,4.7,,9.2,,,2.5,7.6,1014.5,54,1018.4,8.3
97,2016-04-07,11.6,12.4,10.6,14.5,0.0,,,1.5,11.9,1006.8,87,1010.7,10.0
98,2016-04-08,17.2,23.3,10.9,,6.4,,,3.9,9.8,1004.6,53,1008.4,10.0
99,2016-04-09,15.9,24.6,8.2,,8.7,,,2.6,10.5,1009.8,61,1013.6,9.7
100,2016-04-10,16.5,22.9,10.8,,2.0,,,2.3,9.6,1005.5,56,1009.2,10.0
101,2016-04-11,10.6,15.3,5.6,,9.4,,,5.4,5.5,1008.7,43,1012.6,1.3
102,2016-04-12,10.0,16.0,4.3,,11.6,,,2.8,4.9,1018.7,41,1022.7,4.0
103,2016-04-13,14.4,21.3,7.9,0.0,4.8,,,2.9,9.4,1012.8,57,1016.7,10.0
104,2016-04-14,16.4,21.2,13.1,11.0,4.0,,,1.9,14.2,1001.6,77,1005.3,8.3
105,2016-04-15,15.0,19.0,10.1,,12.4,,,5.3,4.5,1010.0,26,1013.8,0.0
106,2016-04-16,13.5,20.1,5.3,,9.4,,,1.9,7.6,1017.7,47,1021.6,7.0
107,2016-04-17,19.6,28.8,12.0,0.0,6.6,,,4.0,13.5,1002.6,61,1006.3,6.0
108,2016-04-18,18.3,24.7,13.7,0.0,5.1,,,2.3,12.7,1004.4,61,1008.1,10.0
109,2016-04-19,16.0,24.1,11.1,2.0,10.5,,,2.9,8.9,1012.6,51,1016.4,4.0
110,2016-04-20,14.4,20.8,7.8,,12.0,,,2.8,7.8,1020.1,49,1024.0,4.7
111,2016-04-21,13.8,17.3,11.1,2.0,0.3,,,1.3,11.1,1011.1,71,1015.0,10.0
112,2016-04-22,17.1,25.2,11.0,0.0,8.3,,,3.0,13.7,1002.1,72,1005.9,7.3
113,2016-04-23,17.7,23.0,13.4,1.0,3.0,,,2.0,13.8,1007.3,68,1011.1,9.3
114,2016-04-24,16.3,20.2,13.2,22.5,4.0,,,2.5,12.5,1009.7,68,1013.5,9.3
115,2016-04-25,17.9,22.9,13.6,,5.5,,,2.0,9.6,1015.5,49,1019.3,9.0
116,2016-04-26,19.2,27.1,12.3,,11.9,,,2.3,12.0,1012.9,57,1016.6,3.7
117,2016-04-27,16.7,20.5,14.0,0.0,0.0,,,2.5,14.2,1009.4,75,1013.2,10.0
118,2016-04-28,14.3,16.0,13.0,26.0,0.0,,,2.5,14.9,996.5,91,1000.2,10.0
119,2016-04-29,14.7,19.1,9.3,,13.0,,,5.3,7.0,997.8,43,1001.6,2.0
120,2016-04-30,15.5,23.1,7.6,,12.6,,,2.3,7.2,1007.9,43,1011.7,5.3
121,2016-05-01,18.6,26.4,10.0,,10.0,,,2.0,10.4,1009.1,52,1012.8,7.3
122,2016-05-02,16.6,20.2,12.7,,0.0,,,1.9,13.0,1017.0,69,1020.8,10.0
123,2016-05-03,20.1,26.2,16.7,,2.3,,,3.5,15.0,1012.2,65,1015.9,10.0
124,2016-05-04,23.1,31.2,16.5,2.5,9.8,,,4.5,13.5,998.7,52,1002.3,3.0
125,2016-05-05,20.7,28.8,12.7,,12.9,,,2.9,7.7,1006.0,36,1009.7,0.3
126,2016-05-06,17.7,22.2,13.5,4.5,3.0,,,2.3,11.7,1012.9,57,1016.6,10.0
127,2016-05-07,21.3,28.9,14.5,0.0,11.9,,,2.2,13.4,1002.8,56,1006.5,8.0
128,2016-05-08,21.3,27.7,16.3,,11.6,,,3.8,7.7,1011.8,33,1015.5,6.7
129,2016-05-09,18.0,22.4,14.5,5.5,0.0,,,2.4,15.3,1013.1,75,1016.8,10.0
130,2016-05-10,19.1,24.2,15.7,5.0,1.4,,,2.4,18.1,1004.1,83,1007.8,10.0
131,2016-05-11,18.4,21.6,15.5,5.0,0.0,,,1.5,18.4,996.8,88,1000.5,10.0
132,2016-05-12,22.0,28.5,16.7,,13.5,,,3.7,11.0,1009.4,44,1013.1,0.0
133,2016-05-13,21.3,28.4,14.1,,9.4,,,2.0,14.0,1015.1,59,1018.8,6.3
134,2016-05-14,21.1,27.3,15.4,,8.7,,,3.1,13.0,1018.9,53,1022.7,5.7
135,2016-05-15,17.8,24.2,14.5,,5.8,,,2.9,11.7,1018.0,58,1021.8,8.7
136,2016-05-16,16.8,19.4,14.6,0.0,0.0,,,1.9,14.4,1011.0,75,1014.8,10.0
137,2016-05-17,16.9,18.6,13.4,19.0,0.0,,,1.5,17.4,1008.3,90,1012.0,10.0
138,2016-05-18,19.5,28.3,11.4,,13.6,,,2.6,9.0,1014.3,44,1018.1,1.3
139,2016-05-19,19.7,26.9,12.7,,11.8,,,2.7,10.2,1017.3,47,1021.1,6.7
140,2016-05-20,17.4,22.8,12.1,,5.8,,,2.0,10.8,1017.1,56,1020.9,9.7
141,2016-05-21,19.2,26.9,11.3,0.0,10.9,,,2.2,12.1,1013.5,58,1017.2,5.7
142,2016-05-22,22.4,30.3,15.1,,12.9,,,2.3,11.6,1013.0,47,1016.7,0.3
143,2016-05-23,24.7,33.0,15.3,,12.5,,,2.3,11.3,1010.2,40,1013.8,6.0
144,2016-05-24,24.2,32.2,17.3,,8.2,,,2.6,12.7,1008.9,44,1012.5,9.7
145,2016-05-25,21.9,24.7,19.1,0.0,0.0,,,1.7,17.1,1009.6,65,1013.3,10.0
146,2016-05-26,23.8,30.9,17.9,,9.9,,,2.7,18.4,1007.1,64,1010.7,7.3
147,2016-05-27,20.6,23.7,16.5,1.0,2.0,,,2.2,18.3,1005.2,76,1008.9,8.0
148,2016-05-28,19.9,24.4,15.5,,0.5,,,1.6,16.1,1004.9,71,1008.6,6.7
149,2016-05-29,22.5,30.2,14.7,0.0,9.1,,,2.9,15.1,1003.9,59,1007.5,10.0
150,2016-05-30,17.1,21.2,15.3,7.5,0.0,,,2.2,16.5,1004.1,85,1007.9,10.0
151,2016-05-31,20.9,27.4,15.3,1.0,8.9,,,2.1,17.5,1000.6,73,1004.3,10.0
152,2016-06-01,21.5,28.0,16.7,,12.4,,,4.3,9.9,997.1,41,1000.7,5.3
153,2016-06-02,19.7,26.0,15.4,,13.9,,,5.8,6.9,1001.3,32,1005.0,0.3
154,2016-06-03,19.8,26.7,11.8,,13.5,,,3.2,10.1,1008.6,44,1012.4,0.7
155,2016-06-04,22.2,28.6,15.3,0.0,7.6,,,2.3,14.6,1008.1,56,1011.8,9.7
156,2016-06-05,22.5,27.7,18.9,0.0,5.4,,,2.4,15.9,1007.0,60,1010.7,7.3
157,2016-06-06,20.2,24.8,17.0,0.0,1.7,,,2.7,16.3,1012.4,70,1016.2,10.0
158,2016-06-07,18.9,20.9,16.7,0.0,0.0,,,1.8,18.3,1011.7,83,1015.4,10.0
159,2016-06-08,23.0,29.0,18.9,0.0,5.5,,,2.5,17.1,1009.7,63,1013.4,9.3
160,2016-06-09,22.0,26.0,19.1,3.0,0.6,,,1.5,21.2,1007.3,81,1010.9,10.0
161,2016-06-10,25.5,32.0,19.4,,12.7,,,3.0,17.2,1009.0,56,1012.7,4.3
162,2016-06-11,25.0,32.4,18.8,,10.9,,,2.9,16.1,1011.4,54,1015.0,8.0
163,2016-06-12,24.3,30.1,19.5,0.0,4.2,,,2.4,18.0,1008.2,62,1011.9,10.0
164,2016-06-13,19.8,23.1,17.3,57.5,0.0,,,3.0,21.4,998.0,92,1001.7,10.0
165,2016-06-14,22.7,28.3,19.4,0.0,3.3,,,2.5,18.7,999.9,70,1003.5,8.0
166,2016-06-15,19.0,21.1,17.4,6.5,0.0,,,2.4,19.8,1006.6,90,1010.3,10.0
167,2016-06-16,20.8,24.3,18.6,8.0,0.0,,,1.7,22.0,1002.8,90,1006.4,10.0
168,2016-06-17,25.6,32.1,19.6,0.5,6.1,,,2.0,19.6,999.8,63,1003.4,7.7
169,2016-06-18,27.5,34.4,21.2,,13.1,,,3.5,14.7,1008.7,43,1012.3,2.3
170,2016-06-19,24.4,31.0,20.7,1.0,3.8,,,2.7,20.1,1009.6,67,1013.3,10.0
171,2016-06-20,24.7,31.5,20.0,7.0,10.2,,,2.0,22.9,1003.4,75,1007.0,8.7
172,2016-06-21,23.6,27.6,21.6,1.5,4.7,,,1.5,21.6,1004.0,75,1007.6,6.7
173,2016-06-22,21.7,23.0,20.7,3.0,0.0,,,1.8,23.8,1005.4,92,1009.1,10.0
174,2016-06-23,23.1,27.4,20.9,14.0,2.4,,,2.2,23.7,999.8,85,1003.5,8.0
175,2016-06-24,21.3,22.3,19.8,7.0,0.0,,,1.8,23.0,1003.0,91,1006.7,10.0
176,2016-06-25,23.9,27.2,20.6,0.0,0.5,,,1.7,24.7,995.5,84,999.1,10.0
177,2016-06-26,25.9,30.5,20.8,,8.3,,,2.4,15.3,1001.5,46,1005.2,10.0
178,2016-06-27,24.9,31.1,19.3,,10.5,,,3.0,16.9,1009.7,55,1013.4,4.7
179,2016-06-28,20.2,22.4,17.2,10.5,0.0,,,1.9,19.9,1009.0,84,1012.7,10.0
180,2016-06-29,22.2,26.0,20.1,0.0,0.0,,,2.0,20.8,1011.2,78,1014.9,10.0
181,2016-06-30,23.8,28.0,20.3,1.5,0.3,,,1.6,23.4,1009.1,80,1012.7,10.0
182,2016-07-01,26.6,33.4,21.8,,7.0,,,2.4,24.4,1009.1,72,1012.7,7.0
183,2016-07-02,26.7,30.9,23.2,,1.4,,,1.7,26.3,1006.7,76,1010.3,9.3
184,2016-07-03,29.1,36.8,24.0,0.0,6.1,,,1.7,27.3,1003.1,70,1006.6,7.7
185,2016-07-04,27.4,34.4,23.6,0.5,5.2,,,2.2,26.4,1007.8,74,1011.4,9.7
186,2016-07-05,21.3,25.0,19.7,0.0,0.0,,,2.6,20.9,1015.7,82,1019.4,10.0
187,2016-07-06,23.1,27.6,19.9,,1.9,,,1.4,21.6,1012.5,76,1016.2,6.7
188,2016-07-07,26.8,37.3,21.3,0.0,10.0,,,2.8,23.3,1008.9,69,1012.5,8.7
189,2016-07-08,25.3,28.6,21.3,0.0,1.0,,,1.7,23.7,1010.0,74,1013.7,10.0
190,2016-07-09,23.0,25.3,20.9,3.5,0.0,,,2.3,24.0,1004.0,85,1007.6,7.3
191,2016-07-10,26.3,34.0,19.6,,11.1,,,2.1,22.1,1000.2,67,1003.8,9.3
192,2016-07-11,28.9,35.6,22.6,,12.2,,,2.2,21.0,1000.8,55,1004.3,4.7
193,2016-07-12,27.9,34.4,23.9,0.0,8.6,,,2.7,24.4,1001.8,67,1005.4,4.7
194,2016-07-13,25.0,26.3,23.3,3.0,0.0,,,1.6,28.2,998.4,89,1002.0,10.0
195,2016-07-14,26.0,33.7,22.3,7.0,3.4,,,1.9,27.7,992.9,83,996.5,9.0
196,2016-07-15,22.0,23.3,20.7,23.0,0.0,,,1.9,24.5,996.6,93,1000.2,10.0
197,2016-07-16,23.7,27.0,20.6,0.0,0.0,,,1.6,22.5,1003.6,77,1007.3,10.0
198,2016-07-17,25.8,29.2,22.8,0.0,0.9,,,1.2,26.1,1003.4,79,1007.0,9.7
199,2016-07-18,29.1,34.4,24.6,0.0,10.7,,,2.7,27.0,1003.3,69,1006.8,7.3
200,2016-07-19,28.4,34.0,24.1,0.5,7.8,,,2.3,24.8,1005.5,66,1009.1,7.3
201,2016-07-20,26.4,32.3,22.7,0.0,8.7,,,3.2,23.5,1008.1,70,1011.7,6.7
202,2016-07-21,22.0,23.6,20.7,9.0,0.0,,,2.3,23.6,1009.9,89,1013.6,10.0
203,2016-07-22,21.2,23.4,19.9,7.0,0.0,,,2.5,21.4,1010.5,85,1014.2,10.0
204,2016-07-23,22.1,25.2,18.9,0.0,0.2,,,1.8,18.7,1011.6,71,1015.3,10.0
205,2016-07-24,23.9,28.8,19.5,0.0,5.4,,,1.9,20.2,1011.8,69,1015.5,8.3
206,2016-07-25,24.8,28.6,21.6,,1.4,,,2.1,22.2,1010.8,71,1014.5,10.0
207,2016-07-26,23.2,25.3,21.5,9.0,0.0,,,2.3,25.2,1007.8,89,1011.4,10.0
208,2016-07-27,24.4,28.9,21.4,0.0,1.4,,,1.8,24.6,1007.1,82,1010.7,9.7
209,2016-07-28,26.7,32.4,22.4,0.0,4.6,,,1.7,24.8,1008.8,72,1012.5,10.0
210,2016-07-29,28.0,34.2,23.9,,7.5,,,2.2,24.1,1009.8,66,1013.4,4.7
211,2016-07-30,28.4,34.7,23.9,,10.3,,,2.2,23.4,1009.9,63,1013.5,4.7
212,2016-07-31,28.4,34.1,24.4,0.0,8.1,,,2.3,25.9,1008.5,68,1012.1,8.0
213,2016-08-01,28.5,34.6,25.0,0.0,5.0,,,2.2,26.6,1005.4,70,1009.0,10.0
214,2016-08-02,26.9,33.5,22.3,43.5,3.5,,,2.3,27.5,1004.5,79,1008.1,10.0
215,2016-08-03,26.6,33.1,22.1,1.0,6.6,,,1.9,26.1,1005.2,77,1008.8,10.0
216,2016-08-04,28.7,34.7,23.7,,11.1,,,2.0,27.2,1005.6,71,1009.2,4.0
217,2016-08-05,29.7,35.8,24.9,,11.3,,,1.9,27.5,1006.3,68,1009.9,6.7
218,2016-08-06,30.5,36.5,25.3,,11.6,,,2.0,27.5,1005.9,65,1009.4,4.0
219,2016-08-07,29.2,34.5,25.6,0.0,8.5,,,2.4,26.1,1006.5,66,1010.0,7.0
220,2016-08-08,29.6,35.3,24.0,0.0,7.1,,,2.8,24.2,999.8,60,1003.4,8.0
221,2016-08-09,32.3,36.9,28.2,,10.7,,,4.0,20.4,997.8,43,1001.3,6.7
222,2016-08-10,29.1,34.6,25.3,0.0,8.1,,,2.9,22.6,1004.2,57,1007.8,7.7
223,2016-08-11,27.7,32.2,24.9,0.0,4.8,,,2.7,22.6,1006.4,62,1009.9,8.3
224,2016-08-12,27.1,32.7,23.8,,6.0,,,2.6,22.5,1006.3,64,1009.9,8.7
225,2016-08-13,26.4,31.9,23.6,0.0,4.4,,,2.7,22.2,1005.0,65,1008.6,8.0
226,2016-08-14,25.6,30.0,23.3,,2.5,,,2.3,21.2,1002.3,65,1005.9,10.0
227,2016-08-15,24.8,27.1,23.6,0.0,0.0,,,1.5,24.8,1000.1,79,1003.7,10.0
228,2016-08-16,27.1,33.1,23.8,5.0,3.3,,,2.3,27.1,999.4,78,1003.0,9.0
229,2016-08-17,29.3,37.0,23.3,9.5,5.9,,,3.3,26.4,994.6,68,998.1,7.0
230,2016-08-18,26.4,28.5,24.7,2.0,0.5,,,2.4,29.1,1003.0,85,1006.6,10.0
231,2016-08-19,28.2,33.9,24.7,7.0,6.0,,,2.3,27.8,1004.6,75,1008.2,9.0
232,2016-08-20,25.5,27.6,24.2,9.0,0.0,,,2.0,29.1,1002.7,89,1006.3,10.0
233,2016-08-21,28.3,34.5,23.0,0.0,9.2,,,2.1,28.4,1002.3,75,1005.8,8.7
234,2016-08-22,24.9,27.6,22.3,134.5,0.0,,,3.6,27.7,997.1,88,1000.7,9.7
235,2016-08-23,25.9,33.6,21.5,29.5,7.1,,,2.1,26.8,1001.5,81,1005.1,7.7
236,2016-08-24,25.8,30.0,23.0,0.0,1.4,,,1.6,27.7,1005.2,84,1008.9,10.0
237,2016-08-25,28.5,34.1,24.7,0.0,6.7,,,2.5,26.9,1004.5,71,1008.0,7.7
238,2016-08-26,28.6,34.7,24.1,,8.4,,,1.9,26.7,1001.0,70,1004.6,5.0
239,2016-08-27,23.1,27.5,20.6,109.5,0.0,,,2.4,26.3,1002.3,93,1005.9,10.0
240,2016-08-28,22.0,24.5,20.0,15.5,0.0,,,1.4,23.5,1000.6,89,1004.2,10.0
241,2016-08-29,25.8,30.3,21.6,9.5,3.6,,,2.5,28.0,990.8,85,994.3,9.7
242,2016-08-30,24.5,28.4,21.9,43.0,0.4,,,3.2,25.5,982.9,84,986.4,8.3
243,2016-08-31,25.5,33.2,20.0,,11.9,,,2.1,20.7,996.0,65,999.6,0.3
244,2016-09-01,26.4,32.8,19.8,,11.3,,,1.9,19.5,1004.9,60,1008.5,5.3
245,2016-09-02,26.8,32.3,21.3,,10.5,,,2.5,23.1,1009.4,67,1013.1,5.0
246,2016-09-03,26.9,32.0,22.6,0.0,6.4,,,2.2,24.5,1011.8,71,1015.4,7.0
247,2016-09-04,26.4,31.5,23.1,4.5,4.8,,,1.7,28.2,1012.3,83,1016.0,5.0
248,2016-09-05,28.3,34.8,23.6,0.0,9.7,,,2.2,26.6,1009.6,72,1013.2,7.7
249,2016-09-06,29.0,34.2,24.7,0.0,6.6,,,1.9,28.7,1004.5,73,1008.1,8.3
250,2016-09-07,27.1,31.8,23.7,5.5,4.1,,,2.7,29.0,1001.6,82,1005.2,8.7
251,2016-09-08,25.0,28.9,22.8,27.5,0.5,,,2.4,29.4,998.8,93,1002.4,9.0
252,2016-09-09,27.4,32.3,22.2,0.0,7.5,,,2.5,22.0,1000.6,62,1004.2,7.7
253,2016-09-10,26.7,31.9,22.9,,7.9,,,2.6,22.3,1007.9,65,1011.5,7.0
254,2016-09-11,25.2,29.6,22.7,0.0,2.1,,,2.1,23.0,1012.1,72,1015.8,10.0
255,2016-09-12,24.6,29.0,21.1,6.5,1.0,,,1.9,23.3,1014.5,76,1018.2,10.0
256,2016-09-13,22.6,26.1,20.8,38.5,0.1,,,1.7,24.2,1012.8,88,1016.5,10.0
257,2016-09-14,23.4,26.4,20.4,0.5,0.3,,,1.2,24.2,1012.4,84,1016.1,10.0
258,2016-09-15,24.7,28.1,22.8,3.5,0.3,,,1.9,25.3,1011.6,82,1015.3,10.0
259,2016-09-16,23.4,25.9,21.7,0.0,0.0,,,1.5,23.3,1013.0,81,1016.7,9.7
260,2016-09-17,25.6,29.4,21.6,0.0,4.7,,,1.5,24.0,1010.1,74,1013.7,10.0
261,2016-09-18,22.5,24.2,21.6,6.0,0.0,,,1.5,25.1,1005.2,92,1008.9,10.0
262,2016-09-19,21.3,23.2,19.3,23.0,0.0,,,1.9,23.6,1006.1,94,1009.8,10.0
263,2016-09-20,19.2,20.7,18.1,70.0,0.0,,,1.6,21.0,1007.7,95,1011.4,10.0
264,2016-09-21,20.5,23.8,18.1,0.0,0.3,,,1.6,18.9,1015.6,79,1019.4,10.0
265,2016-09-22,19.6,20.9,18.5,21.5,0.0,,,1.3,21.6,1015.7,95,1019.5,10.0
266,2016-09-23,21.0,22.8,19.4,8.0,0.0,,,1.1,23.4,1011.5,94,1015.2,10.0
267,2016-09-24,21.6,23.5,20.5,0.5,0.0,,,1.6,23.6,1014.4,92,1018.1,10.0
268,2016-09-25,24.5,29.1,19.8,0.0,8.5,,,1.5,23.6,1014.6,78,1018.2,10.0
269,2016-09-26,25.1,29.1,22.3,0.0,1.6,,,2.0,24.7,1016.2,78,1019.8,10.0
270,2016-09-27,26.0,30.2,22.7,0.0,4.7,,,1.5,26.1,1013.9,79,1017.6,10.0
271,2016-09-28,24.9,28.3,22.6,1.5,0.5,,,1.4,26.1,1008.8,84,1012.4,10.0
272,2016-09-29,24.0,28.8,20.7,2.0,0.1,,,2.1,22.5,1007.1,75,1010.8,9.7
273,2016-09-30,20.7,23.7,18.4,,0.4,,,1.9,13.8,1013.5,57,1017.2,10.0
274,2016-10-01,20.2,22.7,17.4,1.0,0.0,,,1.8,18.7,1015.1,79,1018.8,10.0
275,2016-10-02,23.5,29.2,19.4,0.5,6.0,,,1.7,21.5,1014.7,76,1018.3,8.7
276,2016-10-03,22.0,24.1,20.4,1.0,0.0,,,1.2,24.1,1009.9,91,1013.6,10.0
277,2016-10-04,25.5,32.3,20.0,,7.3,,,2.7,17.3,1009.3,57,1013.0,10.0
278,2016-10-05,20.5,22.1,18.5,0.0,0.0,,,1.5,17.9,1011.5,74,1015.2,10.0
279,2016-10-06,24.8,31.0,19.8,,10.8,,,3.8,15.2,1008.6,50,1012.3,6.3
280,2016-10-07,20.6,24.8,16.9,,5.9,,,3.4,10.9,1020.2,46,1024.0,7.7
281,2016-10-08,20.0,24.6,17.6,0.0,2.7,,,1.4,17.2,1010.4,74,1014.2,10.0
282,2016-10-09,20.5,23.9,17.1,1.0,0.8,,,3.1,15.8,1003.8,66,1007.5,9.7
283,2016-10-10,17.9,21.1,16.1,,1.0,,,2.1,11.9,1013.5,58,1017.2,10.0
284,2016-10-11,17.1,21.3,14.0,,1.1,,,1.7,11.6,1014.6,60,1018.4,10.0
285,2016-10-12,18.0,24.3,12.0,,8.4,,,2.1,10.3,1012.7,53,1016.4,7.3
286,2016-10-13,15.9,17.0,14.5,0.0,0.0,,,1.6,11.3,1017.9,63,1021.7,10.0
287,2016-10-14,15.3,20.7,11.9,,8.0,,,1.5,10.7,1021.2,64,1025.0,5.3
288,2016-10-15,16.2,23.7,9.2,,10.7,,,1.9,9.7,1024.0,57,1027.9,0.0
289,2016-10-16,17.4,24.3,11.6,0.0,6.1,,,2.0,10.8,1023.4,56,1027.3,6.7
290,2016-10-17,17.0,18.5,15.1,18.5,0.0,,,1.5,17.2,1016.5,89,1020.3,10.0
291,2016-10-18,21.9,28.0,15.8,,9.7,,,2.0,18.7,1012.6,72,1016.3,8.0
292,2016-10-19,21.2,24.8,18.9,,1.3,,,2.1,18.4,1013.0,74,1016.7,10.0
293,2016-10-20,21.6,28.1,16.6,,10.5,,,3.4,13.1,1010.0,54,1013.6,0.0
294,2016-10-21,17.9,22.5,12.8,,7.7,,,3.1,9.0,1014.1,46,1017.8,9.3
295,2016-10-22,14.7,17.2,12.7,,0.0,,,1.5,12.0,1011.4,71,1015.2,10.0
296,2016-10-23,17.6,24.1,13.1,,6.5,,,3.0,10.8,1005.8,56,1009.5,6.3
297,2016-10-24,14.6,19.6,10.3,,10.3,,,2.4,7.0,1013.1,43,1016.9,0.0
298,2016-10-25,11.7,15.4,7.1,0.0,2.9,,,1.5,8.9,1016.1,64,1019.9,7.0
299,2016-10-26,18.1,26.5,9.9,1.5,10.2,,,1.5,14.1,1009.7,70,1013.4,4.0
300,2016-10-27,17.8,23.0,11.9,0.0,10.3,,,4.0,9.1,1015.4,45,1019.2,2.3
301,2016-10-28,10.7,12.7,8.7,10.5,0.0,,,1.6,9.5,1014.0,74,1017.8,10.0
302,2016-10-29,15.9,22.1,11.1,,9.3,,,3.8,9.3,1010.1,54,1013.9,5.7
303,2016-10-30,12.0,15.1,8.6,,1.6,,,1.6,8.5,1023.0,61,1026.9,9.7
304,2016-10-31,12.9,17.4,8.2,,2.3,,,1.6,9.9,1020.4,68,1024.3,9.3
305,2016-11-01,13.3,18.7,10.6,0.5,4.2,,,2.5,9.9,1014.2,65,1018.0,6.3
306,2016-11-02,11.0,13.2,9.2,0.0,0.6,,,1.9,7.5,1020.5,58,1024.4,10.0
307,2016-11-03,13.4,20.2,9.9,0.0,9.8,,,3.1,7.1,1010.6,48,1014.4,0.7
308,2016-11-04,12.7,19.0,6.2,,10.2,,,2.5,6.3,1012.0,46,1015.9,1.0
309,2016-11-05,13.2,20.3,7.3,,9.5,,,2.1,8.5,1009.4,57,1013.2,0.0
310,2016-11-06,14.5,19.7,9.8,,9.9,,,4.3,7.1,1014.9,44,1018.7,0.3
311,2016-11-07,9.6,14.1,5.9,,6.6,,,1.7,6.7,1022.7,57,1026.6,3.3
312,2016-11-08,9.0,12.7,4.3,0.0,1.7,,,1.5,7.7,1013.3,68,1017.2,10.0
313,2016-11-09,10.1,13.8,6.4,0.0,9.0,,,5.4,4.5,1013.8,37,1017.6,0.0
314,2016-11-10,8.9,12.1,6.2,0.0,0.7,,,3.0,5.0,1020.6,44,1024.5,10.0
315,2016-11-11,8.8,11.4,5.5,35.5,0.0,,,1.8,10.6,1015.1,92,1019.0,10.0
316,2016-11-12,13.6,20.3,8.5,,9.7,,,2.1,10.1,1018.8,69,1022.7,1.3
317,2016-11-13,12.6,18.8,7.3,,9.1,,,1.7,10.2,1020.6,71,1024.5,3.3
318,2016-11-14,13.3,16.9,10.4,6.0,0.0,,,1.7,11.4,1017.8,75,1021.7,10.0
319,2016-11-15,15.3,20.0,11.5,2.0,4.5,,,2.6,12.4,1006.0,72,1009.8,5.7
320,2016-11-16,12.0,16.3,9.7,,8.9,,,4.4,5.7,1014.1,41,1017.9,4.7
321,2016-11-17,11.1,19.2,4.3,,8.5,,,2.4,6.8,1016.8,52,1020.6,2.0
322,2016-11-18,9.0,14.2,3.1,,9.5,,,1.6,6.8,1021.6,60,1025.5,4.0
323,2016-11-19,9.0,11.2,7.1,7.5,0.0,,,1.5,9.8,1011.9,85,1015.8,9.0
324,2016-11-20,10.5,14.2,6.6,,0.9,,,1.1,11.9,1011.9,93,1015.7,9.7
325,2016-11-21,10.6,13.0,7.6,8.5,0.0,,,1.0,11.6,1017.3,91,1021.2,10.0
326,2016-11-22,14.1,21.5,9.3,0.5,7.7,,,1.2,12.5,1006.2,79,1010.0,4.7
327,2016-11-23,10.2,13.5,7.4,,0.1,,,4.9,5.1,1012.5,40,1016.4,9.7
328,2016-11-24,2.4,7.4,0.4,17.0,0.0,6.0,6.0,1.6,5.8,1016.4,82,1020.3,10.0
329,2016-11-25,3.2,8.7,-1.5,,9.5,2.0,,1.5,5.7,1018.3,76,1022.3,5.3
330,2016-11-26,6.1,11.8,-0.2,,6.2,,,1.4,6.8,1022.5,74,1026.5,10.0
331,2016-11-27,9.8,14.0,7.2,6.0,0.7,,,1.6,9.6,1011.5,79,1015.3,10.0
332,2016-11-28,10.4,14.4,7.2,3.0,4.4,,,4.3,7.0,1010.1,56,1014.0,3.7
333,2016-11-29,9.2,13.9,6.2,,9.3,,,4.3,5.2,1020.3,46,1024.2,0.3
334,2016-11-30,7.1,10.1,1.6,0.0,6.0,,,1.9,5.2,1027.6,52,1031.6,9.3
335,2016-12-01,10.2,16.8,5.7,0.5,4.6,,,1.9,9.1,1014.1,72,1018.0,10.0
336,2016-12-02,11.2,16.2,6.7,,9.3,,,3.8,4.9,1017.2,38,1021.1,1.7
337,2016-12-03,9.4,16.4,2.3,,9.3,,,1.7,6.4,1021.7,57,1025.6,1.7
338,2016-12-04,9.7,14.1,6.2,1.5,1.7,,,1.5,8.1,1016.0,68,1019.9,10.0
339,2016-12-05,12.2,19.2,6.8,5.0,7.8,,,1.5,10.1,1007.2,73,1011.1,7.3
340,2016-12-06,9.4,16.7,5.5,0.0,8.1,,,5.1,6.0,1007.7,52,1011.6,0.3
341,2016-12-07,5.7,8.7,2.3,,1.7,,,2.9,4.9,1013.8,54,1017.7,4.3
342,2016-12-08,7.2,13.9,0.5,,9.4,,,2.2,4.9,1013.1,52,1017.0,5.3
343,2016-12-09,8.2,15.5,1.9,,9.1,,,1.7,5.6,1006.8,53,1010.7,0.3
344,2016-12-10,7.3,11.4,4.0,,9.4,,,4.8,4.2,1011.8,41,1015.7,0.0
345,2016-12-11,5.4,10.5,2.2,,9.3,,,4.2,3.7,1016.8,42,1020.7,0.3
346,2016-12-12,5.8,10.6,2.8,,8.7,,,2.4,3.9,1021.8,43,1025.8,7.0
347,2016-12-13,7.8,13.6,2.0,2.5,6.0,,,1.3,5.9,1012.9,56,1016.8,7.0
348,2016-12-14,8.0,14.0,4.1,26.0,4.1,,,3.5,7.0,1000.1,65,1004.0,4.0
349,2016-12-15,4.8,10.2,-0.3,,9.3,,,3.6,3.4,1009.0,41,1012.9,0.0
350,2016-12-16,2.9,9.8,-1.6,,8.8,,,3.1,3.4,1009.6,48,1013.5,0.7
351,2016-12-17,5.9,14.5,-1.6,,9.3,,,2.4,3.7,1017.0,41,1020.9,1.0
352,2016-12-18,7.4,15.0,1.8,,9.3,,,1.9,5.1,1022.6,51,1026.6,4.0
353,2016-12-19,8.3,16.4,2.0,,8.2,,,1.4,5.8,1021.2,56,1025.1,9.0
354,2016-12-20,9.0,16.2,4.0,,6.7,,,1.7,7.0,1021.3,62,1025.3,4.3
355,2016-12-21,8.5,16.7,1.8,,8.0,,,1.5,7.2,1025.7,68,1029.7,3.0
356,2016-12-22,8.4,11.0,3.5,3.5,1.9,,,1.5,8.3,1012.4,75,1016.3,9.7
357,2016-12-23,11.9,17.2,6.6,4.0,8.2,,,4.4,8.1,997.6,59,1001.4,1.7
358,2016-12-24,6.7,11.1,1.9,,9.2,,,3.6,4.7,1016.5,49,1020.4,0.3
359,2016-12-25,4.2,11.4,-1.0,,8.1,,,1.3,4.9,1025.9,62,1030.0,3.3
360,2016-12-26,4.8,8.4,0.8,,0.4,,,1.6,5.3,1020.0,62,1024.0,10.0
361,2016-12-27,7.6,15.0,2.9,1.5,1.6,,,3.9,6.4,999.4,62,1003.2,9.3
362,2016-12-28,4.6,8.4,-0.5,,9.4,,,4.5,3.4,1015.9,42,1019.8,0.0
363,2016-12-29,3.1,8.0,-1.5,,6.4,,,2.3,3.9,1014.3,52,1018.3,5.0
364,2016-12-30,4.7,9.4,1.0,,9.4,,,3.9,3.5,1019.4,42,1023.4,0.0
365,2016-12-31,4.6,14.2,-2.8,,9.4,,,1.7,4.0,1019.7,51,1023.7,0.0
366,2017-01-01,6.9,14.4,0.0,,9.3,,,2.4,4.8,1019.1,52,1023.0,0.0
367,2017-01-02,5.9,13.3,0.8,,6.2,,,1.5,5.3,1013.4,59,1017.4,3.3
368,2017-01-03,7.0,13.3,0.4,,9.3,,,3.5,4.7,1011.0,50,1014.9,0.7
369,2017-01-04,6.0,14.4,-1.0,,9.0,,,3.4,4.2,1010.6,47,1014.5,0.7
370,2017-01-05,5.4,9.3,2.6,,9.1,,,5.3,3.5,1015.3,39,1019.2,2.0
371,2017-01-06,4.0,10.3,-0.5,,8.9,,,3.6,3.1,1020.3,40,1024.3,6.0
372,2017-01-07,2.8,9.4,-3.3,,9.2,,,1.8,3.7,1018.1,52,1022.1,2.0
373,2017-01-08,2.4,6.6,-1.7,9.5,0.0,,,2.4,5.3,1011.1,73,1015.1,10.0
374,2017-01-09,7.5,13.5,2.4,6.5,4.0,,,3.4,7.0,999.1,69,1002.9,4.7
375,2017-01-10,8.1,13.1,5.1,,9.5,,,3.8,4.8,1005.4,45,1009.2,0.0
376,2017-01-11,5.6,11.4,0.9,,8.9,,,2.3,3.5,1006.6,41,1010.6,1.0
377,2017-01-12,4.4,12.0,-2.2,,9.4,,,2.4,3.4,1001.7,44,1005.6,0.3
378,2017-01-13,3.5,11.4,-2.0,0.0,6.4,,,2.1,3.9,997.9,52,1001.8,3.3
379,2017-01-14,1.0,6.9,-2.3,0.0,3.7,,,2.7,3.5,998.7,53,1002.6,8.0
380,2017-01-15,-0.5,4.0,-3.4,0.0,7.0,,,3.4,3.3,1005.1,56,1009.1,5.3
381,2017-01-16,1.3,7.2,-5.3,,8.2,,,3.6,3.6,1007.6,56,1011.6,2.0
382,2017-01-17,4.8,10.7,0.6,,9.3,,,3.4,4.6,1018.8,55,1022.8,3.7
383,2017-01-18,4.0,9.6,-1.1,,8.7,,,2.1,3.9,1022.6,50,1026.6,6.3
384,2017-01-19,5.0,11.1,-0.3,,7.3,,,3.8,3.7,1015.1,44,1019.0,3.3
385,2017-01-20,1.5,3.4,-1.1,0.0,0.7,,,1.9,4.1,1006.9,60,1010.9,10.0
386,2017-01-21,4.1,9.5,-0.7,0.0,9.5,,,4.3,4.2,1011.6,54,1015.5,0.7
387,2017-01-22,4.2,11.4,-2.0,,9.5,,,2.1,3.5,1008.8,46,1012.8,0.7
388,2017-01-23,2.8,7.6,-0.8,,9.1,,,4.4,2.4,1009.1,33,1013.0,1.0
389,2017-01-24,1.2,7.5,-2.4,,8.2,,,3.4,2.4,1016.0,37,1020.0,1.7
390,2017-01-25,2.6,9.0,-3.1,,9.8,,,3.6,2.6,1021.8,36,1025.8,0.0
391,2017-01-26,4.3,11.5,-0.7,,9.8,,,2.7,2.8,1022.9,36,1026.9,0.0
392,2017-01-27,5.8,13.6,-0.7,,5.9,,,2.1,4.0,1015.3,45,1019.2,5.0
393,2017-01-28,7.7,13.7,3.7,,8.6,,,3.2,3.8,1019.7,38,1023.6,3.7
394,2017-01-29,6.9,11.7,3.1,0.0,2.8,,,1.6,5.5,1016.9,54,1020.8,8.7
395,2017-01-30,8.9,19.0,3.1,0.0,8.7,,,4.3,6.1,1000.6,56,1004.5,0.7
396,2017-01-31,4.4,9.4,0.7,,10.1,,,5.1,2.8,1015.7,34,1019.6,0.0
397,2017-02-01,3.8,10.0,-2.2,0.0,9.4,,,2.3,3.2,1010.4,42,1014.4,7.3
398,2017-02-02,3.9,8.5,0.0,,10.2,,,5.4,2.0,1009.3,26,1013.2,0.3
399,2017-02-03,6.7,11.6,1.5,,10.2,,,5.3,3.0,1011.9,32,1015.9,0.0
400,2017-02-04,7.5,14.3,2.9,,10.2,,,3.9,3.0,1014.8,30,1018.8,0.0
401,2017-02-05,4.9,9.2,0.4,,1.9,,,2.2,4.7,1007.8,55,1011.8,10.0
402,2017-02-06,7.0,13.4,1.3,0.0,8.0,,,4.5,4.7,996.7,50,1000.5,2.7
403,2017-02-07,4.3,9.2,0.7,,9.9,,,5.6,2.5,1007.6,31,1011.6,3.3
404,2017-02-08,4.7,10.4,-0.9,,9.6,,,3.2,2.7,1009.7,32,1013.7,4.3
405,2017-02-09,2.3,3.9,1.2,2.5,0.0,,,1.8,5.2,1000.8,72,1004.7,10.0
406,2017-02-10,3.6,8.5,0.6,0.0,7.8,,,4.9,4.0,995.7,52,999.6,6.3
407,2017-02-11,3.2,9.7,-2.3,,9.5,,,3.8,2.1,1004.0,30,1007.9,2.3
408,2017-02-12,4.6,10.2,1.0,,10.5,,,5.8,3.5,1011.8,43,1015.8,0.3
409,2017-02-13,5.5,11.8,1.7,,9.6,,,4.9,2.8,1018.0,32,1021.9,3.3
410,2017-02-14,4.8,11.4,0.8,,8.9,,,4.1,2.9,1019.4,35,1023.4,4.3
411,2017-02-15,5.8,12.5,1.3,,10.6,,,4.0,3.0,1021.5,34,1025.4,0.0
412,2017-02-16,6.2,14.0,-1.8,,10.4,,,1.7,3.9,1019.8,44,1023.8,3.0
413,2017-02-17,10.1,21.0,0.7,,9.5,,,3.2,4.7,1008.0,41,1011.8,1.7
414,2017-02-18,7.2,11.1,2.0,0.0,2.0,,,4.3,3.4,1008.4,35,1012.3,8.7
415,2017-02-19,5.2,10.6,0.8,0.0,10.6,,,4.5,2.6,1011.5,31,1015.4,0.7
416,2017-02-20,7.6,15.7,1.0,1.5,9.0,,,3.3,4.7,999.6,45,1003.5,4.3
417,2017-02-21,4.6,8.2,2.1,,10.8,,,6.6,3.1,1013.2,37,1017.1,1.0
418,2017-02-22,5.5,10.5,-0.3,0.0,7.9,,,2.7,3.3,1019.2,37,1023.2,10.0
419,2017-02-23,9.4,17.9,3.9,0.0,4.9,,,3.7,5.6,998.6,48,1002.4,7.7
420,2017-02-24,6.1,10.1,3.2,,10.5,,,6.0,2.6,1009.0,28,1012.9,6.3
421,2017-02-25,6.3,12.5,-1.5,0.0,9.8,,,2.2,3.4,1013.1,36,1017.1,5.3
422,2017-02-26,8.4,14.5,1.4,0.0,9.0,,,2.5,3.8,1014.5,37,1018.4,5.3
423,2017-02-27,6.6,11.6,3.2,,9.3,,,3.4,4.1,1020.8,43,1024.8,5.0
424,2017-02-28,5.7,10.8,2.6,,8.9,,,2.3,4.1,1021.7,46,1025.7,5.3
425,2017-03-01,5.8,10.5,1.3,2.0,3.0,,,1.5,5.7,1017.8,62,1021.8,10.0
426,2017-03-02,7.0,10.0,4.6,3.0,0.5,,,1.4,8.1,1004.1,81,1007.9,10.0
427,2017-03-03,8.3,14.0,4.2,,10.6,,,5.2,4.6,1006.6,43,1010.5,1.0
428,2017-03-04,7.8,15.2,-0.3,,10.8,,,2.0,4.5,1013.4,44,1017.3,3.3
429,2017-03-05,9.1,16.3,1.6,,9.2,,,2.5,6.2,1010.8,55,1014.7,6.7
430,2017-03-06,8.7,11.1,5.2,,1.1,,,1.7,8.0,1001.2,71,1005.1,6.7
431,2017-03-07,5.6,9.4,1.4,0.5,2.6,,,3.9,3.9,999.6,43,1003.5,3.7
432,2017-03-08,5.2,12.0,-2.0,,10.0,,,3.1,2.8,1001.5,36,1005.4,3.0
433,2017-03-09,7.2,14.3,-0.1,,10.4,,,2.7,3.1,1002.1,33,1005.9,1.7
434,2017-03-10,7.3,13.7,2.0,0.0,10.1,,,4.0,3.6,1006.4,37,1010.2,1.0
435,2017-03-11,7.2,13.5,3.0,,11.2,,,4.4,3.5,1015.7,37,1019.6,0.3
436,2017-03-12,6.5,12.6,-0.2,,10.2,,,2.5,3.8,1019.2,40,1023.2,7.7
437,2017-03-13,7.9,10.4,5.8,0.0,0.0,,,1.3,6.1,1014.8,57,1018.7,10.0
438,2017-03-14,8.0,12.0,5.9,1.5,0.0,,,2.4,8.4,1005.2,79,1009.1,10.0
439,2017-03-15,5.5,7.0,4.0,2.5,0.0,,,2.6,6.4,1004.2,71,1008.1,10.0
440,2017-03-16,7.8,14.7,0.7,,11.2,,,3.7,4.2,1011.5,43,1015.4,0.7
441,2017-03-17,8.3,14.9,2.0,,10.1,,,4.0,3.4,1014.7,34,1018.6,2.0
442,2017-03-18,9.5,15.6,2.3,,8.2,,,3.4,3.2,1016.7,29,1020.6,7.3
443,2017-03-19,10.8,17.4,3.4,,10.5,,,3.8,4.4,1015.7,36,1019.6,0.0
444,2017-03-20,12.3,18.9,5.8,,9.8,,,3.7,3.9,1016.8,29,1020.7,6.3
445,2017-03-21,8.5,10.0,6.9,15.0,0.0,,,2.7,8.9,1004.6,80,1008.4,10.0
446,2017-03-22,8.5,14.0,4.5,0.0,11.4,,,5.9,4.4,1008.5,40,1012.3,1.0
447,2017-03-23,8.3,15.2,2.0,,6.7,,,2.7,4.1,1012.3,40,1016.2,9.0
448,2017-03-24,7.3,12.5,3.4,,11.1,,,5.1,3.6,1012.8,37,1016.7,3.7
449,2017-03-25,7.8,13.4,2.6,,11.2,,,3.6,3.7,1016.4,37,1020.3,8.7
450,2017-03-26,5.3,7.1,3.7,11.0,0.0,,,2.4,7.2,1015.1,81,1019.1,10.0
451,2017-03-27,5.9,10.5,3.4,27.0,1.3,,,3.3,6.7,1007.2,73,1011.1,6.7
452,2017-03-28,8.6,14.5,3.6,0.0,9.1,,,3.5,5.3,1014.5,50,1018.4,5.7
453,2017-03-29,8.9,15.1,2.4,,11.6,,,2.1,6.0,1018.3,56,1022.2,4.0
454,2017-03-30,11.4,18.5,4.5,,10.4,,,2.1,6.2,1014.3,50,1018.1,1.0
455,2017-03-31,8.7,12.0,5.2,3.0,0.0,,,3.0,5.5,1013.6,51,1017.5,10.0
456,2017-04-01,6.3,8.6,4.3,3.5,0.0,,,1.5,7.0,1010.4,74,1014.3,10.0
457,2017-04-02,8.6,14.2,2.6,0.0,10.4,,,1.9,5.7,1010.2,54,1014.1,7.3
458,2017-04-03,9.2,16.6,4.5,2.5,9.0,,,2.4,6.4,1012.6,57,1016.5,2.3
459,2017-04-04,11.2,18.2,4.9,,11.8,,,2.2,6.7,1020.0,54,1023.9,0.7
460,2017-04-05,13.6,21.9,5.8,,9.1,,,2.3,8.6,1022.2,58,1026.0,10.0
461,2017-04-06,15.5,23.2,8.2,0.0,7.8,,,3.3,10.4,1017.5,61,1021.3,7.7
462,2017-04-07,17.9,24.4,13.7,0.0,6.5,,,2.1,13.9,1011.1,68,1014.9,7.0
463,2017-04-08,14.9,15.9,13.3,1.0,0.0,,,1.7,15.3,1008.8,90,1012.6,10.0
464,2017-04-09,14.3,17.8,9.5,4.5,0.5,,,2.5,12.2,1004.2,74,1008.0,7.7
465,2017-04-10,10.7,16.6,5.3,,8.0,,,3.2,4.5,1016.2,36,1020.0,9.3
466,2017-04-11,7.1,9.6,5.1,35.0,0.0,,,2.7,8.6,1004.6,84,1008.5,10.0
467,2017-04-12,14.0,19.7,8.6,,10.0,,,6.1,6.6,998.7,42,1002.5,9.7
468,2017-04-13,11.6,18.6,4.7,,11.8,,,2.8,4.0,1009.8,30,1013.7,1.0
469,2017-04-14,14.2,23.4,5.6,,11.7,,,2.5,6.7,1012.6,44,1016.4,1.7
470,2017-04-15,16.8,24.7,9.4,0.0,8.4,,,2.2,8.4,1009.2,47,1013.0,5.3
471,2017-04-16,19.4,28.0,9.1,,11.5,,,2.3,7.3,1009.5,36,1013.2,4.3
472,2017-04-17,18.3,26.4,14.8,4.0,3.7,,,3.9,10.3,1008.3,52,1012.1,10.0
473,2017-04-18,19.1,28.1,14.3,3.0,7.3,,,2.9,15.2,989.1,70,992.8,5.3
474,2017-04-19,15.9,24.6,10.7,,11.0,,,4.8,7.1,995.8,41,999.6,3.0
475,2017-04-20,15.9,22.4,10.8,,11.7,,,4.1,6.8,1007.9,39,1011.7,7.7
476,2017-04-21,15.4,19.4,12.3,,1.8,,,1.4,10.3,1004.3,59,1008.1,10.0
477,2017-04-22,15.0,20.5,10.3,0.5,4.5,,,2.8,8.5,1004.1,52,1007.9,10.0
478,2017-04-23,14.2,21.2,8.4,0.0,12.9,,,3.5,6.5,1013.3,43,1017.1,3.3
479,2017-04-24,14.7,20.7,9.3,,7.9,,,2.2,8.7,1022.6,54,1026.5,4.0
480,2017-04-25,15.9,22.9,10.9,,10.8,,,2.7,9.8,1021.3,57,1025.1,7.3
481,2017-04-26,15.4,19.5,11.3,,0.2,,,1.3,11.5,1010.2,67,1014.0,10.0
482,2017-04-27,15.9,20.9,10.9,0.0,5.0,,,3.3,5.5,1001.5,32,1005.3,10.0
483,2017-04-28,14.8,22.4,8.8,,10.7,,,2.5,7.8,1003.4,47,1007.2,3.7
484,2017-04-29,15.1,24.1,9.0,1.0,10.1,,,2.1,10.2,1002.5,64,1006.2,2.3
485,2017-04-30,17.5,27.1,8.4,,12.6,,,2.3,8.8,1005.6,49,1009.4,0.0
486,2017-05-01,15.9,23.3,11.0,4.0,4.9,,,2.1,9.4,1008.8,53,1012.5,7.3
487,2017-05-02,17.0,24.3,10.2,,12.8,,,3.9,5.9,1018.9,33,1022.7,0.0
488,2017-05-03,16.9,25.0,9.7,,10.1,,,2.3,9.6,1022.8,53,1026.6,10.0
489,2017-05-04,18.4,25.0,12.4,,10.9,,,2.8,11.0,1019.5,56,1023.3,6.3
490,2017-05-05,20.1,27.7,12.9,,12.8,,,2.1,12.3,1012.2,56,1015.9,2.3
491,2017-05-06,20.9,27.4,13.7,0.0,8.2,,,1.4,14.8,1006.2,62,1009.9,9.3
492,2017-05-07,20.7,27.0,14.0,0.0,6.1,,,2.7,12.6,1003.3,54,1007.0,6.7
493,2017-05-08,20.9,30.9,11.2,,12.8,,,2.6,6.9,1005.0,31,1008.7,3.7
494,2017-05-09,19.2,23.4,14.5,0.0,0.2,,,2.7,9.3,1013.5,42,1017.3,10.0
495,2017-05-10,15.8,17.6,14.7,7.0,0.0,,,2.1,15.9,1008.9,88,1012.7,10.0
496,2017-05-11,21.3,28.7,13.5,0.0,11.9,,,2.0,12.3,1003.9,54,1007.6,6.3
497,2017-05-12,21.7,29.1,15.0,0.0,8.6,,,2.8,14.0,1009.9,56,1013.6,10.0
498,2017-05-13,17.0,19.6,15.4,33.5,0.0,,,3.1,17.8,1006.2,92,1009.9,10.0
499,2017-05-14,18.3,22.3,14.8,0.0,1.1,,,2.5,15.2,1007.1,74,1010.8,10.0
500,2017-05-15,16.9,19.0,15.2,0.0,0.0,,,1.9,15.6,1007.1,81,1010.8,10.0
501,2017-05-16,19.1,23.4,15.0,0.0,5.5,,,2.3,13.2,1004.6,62,1008.4,9.7
502,2017-05-17,16.6,19.4,14.3,0.0,0.2,,,1.9,13.8,1006.9,74,1010.7,10.0
503,2017-05-18,18.6,24.3,15.3,0.0,7.8,,,2.2,14.4,1011.0,69,1014.8,6.3
504,2017-05-19,20.6,28.6,13.3,,13.2,,,2.1,13.7,1012.3,61,1016.0,0.3
505,2017-05-20,23.4,31.7,15.0,,13.0,,,2.0,13.5,1011.3,51,1014.9,0.0
506,2017-05-21,25.4,34.0,17.3,,12.3,,,2.2,13.8,1011.1,46,1014.8,6.0
507,2017-05-22,24.9,33.2,17.9,,12.3,,,2.5,16.0,1009.9,54,1013.5,4.7
508,2017-05-23,23.3,30.5,17.7,,12.2,,,2.9,16.1,1007.4,59,1011.0,4.7
509,2017-05-24,22.1,26.3,18.0,0.0,1.3,,,2.1,16.7,1005.3,64,1008.9,10.0
510,2017-05-25,19.8,22.6,18.0,10.0,0.1,,,1.7,19.8,1003.0,86,1006.7,10.0
511,2017-05-26,17.5,18.3,16.7,13.5,0.0,,,2.3,18.4,1001.8,92,1005.5,10.0
512,2017-05-27,18.5,22.0,17.0,7.5,0.1,,,2.9,17.3,1003.9,82,1007.6,10.0
513,2017-05-28,21.6,27.1,17.0,,8.7,,,2.1,14.7,1007.3,59,1011.0,5.0
514,2017-05-29,22.1,29.8,15.9,,12.8,,,2.7,14.2,1008.8,55,1012.5,2.0
515,2017-05-30,24.5,32.3,16.7,,11.4,,,2.0,16.9,1005.7,58,1009.3,9.7
516,2017-05-31,24.2,30.2,19.6,,3.5,,,2.4,19.9,1002.2,67,1005.8,10.0
