visit_date,air_store_id,Friday,Monday,Saturday,Sunday,Thursday,Tuesday,Wednesday,avg_temperature1,high_temperature1,holiday_flg,hours_sunlight1,low_temperature1,train_ind,visitors,Japanese food,Hiroshima-ken Hiroshima-shi Kokutaijimachi,total_area_visitors,total_genre_visitors
2016-01-04,air_9352c401d5adb01b,0,1,0,0,0,0,0,-0.5701614674033341,-0.44570079205148466,0.0,0.48994217451129823,-0.5473004140345153,1,24.0,1,1,-1.516690636580736,-1.516690636580736
2016-01-05,air_9352c401d5adb01b,0,0,0,0,0,1,0,-0.9256796378959322,-1.1035977779282777,0.0,-1.3155140276248252,-0.6922906480444158,1,29.0,1,1,-1.3870516421010648,-1.3870516421010648
2016-01-06,air_9352c401d5adb01b,0,0,0,0,0,0,1,-0.9256796378959322,-1.0343454636254574,0.0,-1.1399835635282576,-0.7815154074351237,1,18.0,1,1,-1.3231166214317531,-1.3231166214317531
2016-01-07,air_9352c401d5adb01b,0,0,0,0,1,0,0,-0.9486162940567451,-0.8842987826360135,0.0,0.18903280748861095,-0.8818932617496703,1,23.0,1,1,-1.2541274489308756,-1.2541274489308756
2016-01-08,air_9352c401d5adb01b,1,0,0,0,0,0,0,-1.0174262625391834,-1.1151398303120812,0.0,-1.1149077829430336,-0.9265056414450242,1,15.0,1,1,-0.9208061356390892,-0.9208061356390892
2016-01-09,air_9352c401d5adb01b,0,0,1,0,0,0,0,-1.1206412152628409,-1.0805136731606708,0.0,0.2642601492442827,-1.0603427805310863,1,32.0,1,1,-0.663549807412373,-0.663549807412373
2016-01-10,air_9352c401d5adb01b,0,0,0,1,0,0,0,-1.0747679029412154,-0.930466992171227,0.0,0.5902452968521938,-1.0714958754549249,1,10.0,1,1,-0.9483512631211246,-0.9483512631211246
2016-01-12,air_9352c401d5adb01b,0,0,0,0,0,1,0,-0.9371479659763388,-1.0112613588578507,0.0,-0.26233124304541977,-0.7703623125112853,1,22.0,1,1,-1.3625390057179692,-1.3625390057179692
2016-01-13,air_9352c401d5adb01b,0,0,0,0,0,0,1,-1.212387839906092,-1.2536444589177218,0.0,-0.914301538261242,-1.1495675399217942,1,23.0,1,1,-1.1593621020890106,-1.1593621020890106
2016-01-14,air_9352c401d5adb01b,0,0,0,0,1,0,0,-1.3385394487905624,-1.1959341969987047,0.0,-0.23725546246019596,-1.3168639637793718,1,28.0,1,1,-1.0671238311629287,-1.0671238311629287
2016-01-15,air_9352c401d5adb01b,1,0,0,0,0,0,0,-1.2582611522277178,-1.1151398303120812,0.0,0.6403968580226417,-1.1830268246933098,1,25.0,1,1,-0.7921779715257311,-0.7921779715257311
2016-01-16,air_9352c401d5adb01b,0,0,1,0,0,0,0,-1.2238561679864985,-1.1035977779282777,0.0,0.6905484191930896,-1.3168639637793718,1,19.0,1,1,-0.6453548608187349,-0.6453548608187349
2016-01-17,air_9352c401d5adb01b,0,0,0,1,0,0,0,-1.2467928241473112,-1.4267752446747726,0.0,-1.3155140276248252,-1.0380365906834093,1,13.0,1,1,-1.245535390817213,-1.245535390817213
2016-01-18,air_9352c401d5adb01b,0,1,0,0,0,0,0,-1.1206412152628409,-0.9997193064740473,0.0,-0.011573437193180458,-1.2387922993125022,1,25.0,1,1,-1.5275570630186033,-1.5275570630186033
2016-01-19,air_9352c401d5adb01b,0,0,0,0,0,1,0,-1.7169942754439733,-1.8422891304916946,0.0,0.013502343392043386,-1.4618541977892723,1,15.0,1,1,-1.2922862952591998,-1.2922862952591998
2016-01-20,air_9352c401d5adb01b,0,0,0,0,0,0,1,-1.5105643699966584,-1.4036911399071659,0.0,0.515017955096522,-1.5399258622561416,1,24.0,1,1,-1.167954160202673,-1.167954160202673
2016-01-21,air_9352c401d5adb01b,0,0,0,0,1,0,0,-1.3729444330317817,-1.4729434542099862,0.0,-0.4880132683124353,-1.32801705870321,1,22.0,1,1,-1.0466545162450858,-1.0466545162450858
2016-01-22,air_9352c401d5adb01b,1,0,0,0,0,0,0,-1.1894511837452793,-1.1151398303120812,0.0,0.13888124631816307,-1.1830268246933098,1,22.0,1,1,-0.7401202076605999,-0.7401202076605999
2016-01-23,air_9352c401d5adb01b,0,0,1,0,0,0,0,-1.3614761049513753,-1.5075696113613963,0.0,-0.939377318846466,-1.2499453942363408,1,33.0,1,1,-0.6673404212860476,-0.6673404212860476
2016-01-25,air_9352c401d5adb01b,0,1,0,0,0,0,0,-1.7169942754439733,-1.6229901351994303,0.0,0.5400937356817461,-1.7295284759613962,1,19.0,1,1,-1.3845245661852816,-1.3845245661852816
2016-01-26,air_9352c401d5adb01b,0,0,0,0,0,1,0,-1.3500077768709688,-1.5421957685128065,0.0,-1.2653624664543772,-1.2722515840840176,1,16.0,1,1,-1.2129361115036115,-1.2129361115036115
2016-01-27,air_9352c401d5adb01b,0,0,0,0,0,0,1,-1.097704559102028,-1.0112613588578507,0.0,0.03857812397726745,-1.1161082551502788,1,14.0,1,1,-1.0623223869229408,-1.0623223869229408
2016-01-28,air_9352c401d5adb01b,0,0,0,0,1,0,0,-1.1894511837452793,-1.415233192290969,0.0,-1.3155140276248252,-1.1272613500741173,1,27.0,1,1,-1.0678819539376636,-1.0678819539376636
2016-01-29,air_9352c401d5adb01b,1,0,0,0,0,0,0,-0.9600846221371514,-1.3113547208367387,0.0,-1.3155140276248252,-0.6922906480444158,1,26.0,1,1,-0.9258602874706553,-0.9258602874706553
2016-01-30,air_9352c401d5adb01b,0,0,1,0,0,0,0,-0.8224646851722748,-1.0689716207768676,0.0,-1.3155140276248252,-0.6588313632729003,1,26.0,1,1,-0.626401791450362,-0.626401791450362
2016-01-31,air_9352c401d5adb01b,0,0,0,1,0,0,0,-1.005957934458777,-1.1266818826958844,0.0,-0.4629374877272113,-0.9711180211403783,1,4.0,1,1,-1.1775570486826485,-1.1775570486826485
2016-02-01,air_9352c401d5adb01b,0,1,0,0,0,0,0,-1.0174262625391834,-1.2190183017663117,0.0,-1.3155140276248252,-0.7815154074351237,1,8.0,1,1,-1.4302646402609551,-1.4302646402609551
2016-02-02,air_9352c401d5adb01b,0,0,0,0,0,1,0,-1.097704559102028,-1.1382239350796879,0.0,-0.23725546246019596,-1.1272613500741173,1,13.0,1,1,-1.2831888219623808,-1.2831888219623808
2016-02-03,air_9352c401d5adb01b,0,0,0,0,0,0,1,-1.1091728871824347,-1.172850092231098,0.0,-0.13695234011930013,-0.9599649262165398,1,31.0,1,1,-1.2088927900383586,-1.2088927900383586
2016-02-04,air_9352c401d5adb01b,0,0,0,0,1,0,0,-1.1665145275844666,-1.0920557255444745,0.0,0.515017955096522,-1.2945577739316947,1,24.0,1,1,-1.1714920664847692,-1.1714920664847692
2016-02-05,air_9352c401d5adb01b,1,0,0,0,0,0,0,-1.177982855664873,-1.1266818826958844,0.0,0.03857812397726745,-1.1941799196171483,1,21.0,1,1,-0.8000119068646586,-0.8000119068646586
2016-02-06,air_9352c401d5adb01b,0,0,1,0,0,0,0,-1.3041344645493431,-1.1497659874634913,0.0,0.1138054657329392,-1.261098489160179,1,31.0,1,1,-0.5783873490504837,-0.5783873490504837
2016-02-08,air_9352c401d5adb01b,0,1,0,0,0,0,0,-1.177982855664873,-1.1613080398472948,0.0,-0.11187655953407628,-1.261098489160179,1,22.0,1,1,-1.3792177067621372,-1.3792177067621372
2016-02-09,air_9352c401d5adb01b,0,0,0,0,0,1,0,-0.9486162940567451,-0.9766352017064406,0.0,0.6153210774374179,-0.9711180211403783,1,21.0,1,1,-1.1629000083711067,-1.1629000083711067
2016-02-10,air_9352c401d5adb01b,0,0,0,0,0,0,1,-1.1091728871824347,-0.8265885207169965,0.0,1.2672913726532402,-1.2945577739316947,1,16.0,1,1,-0.8412032442919226,-0.8412032442919226
2016-02-11,air_9352c401d5adb01b,0,0,0,0,1,0,0,-0.9600846221371514,-0.7688782587979796,1.0,1.1920640308975683,-1.1607206348456327,1,29.0,1,1,-0.9139830306664749,-0.9139830306664749
2016-02-12,air_9352c401d5adb01b,1,0,0,0,0,0,0,-0.7536547166898365,-0.7573362064141762,0.0,-1.2152109052839293,-0.8818932617496703,1,22.0,1,1,-0.8581346529276691,-0.8581346529276691
2016-02-13,air_9352c401d5adb01b,0,0,1,0,0,0,0,-0.4554781865992702,-0.7804203111817829,0.0,-1.3155140276248252,-0.22386066124319892,1,22.0,1,1,-0.6696147896102524,-0.6696147896102524
2016-02-14,air_9352c401d5adb01b,0,0,0,1,0,0,0,-0.3866682181168319,-0.44570079205148466,0.0,-1.1149077829430336,-0.38000399017693776,1,6.0,1,1,-1.2023223926573228,-1.2023223926573228
2016-02-15,air_9352c401d5adb01b,0,1,0,0,0,0,0,-1.2238561679864985,-1.2998126684529352,0.0,-0.061724998363628374,-1.1272613500741173,1,18.0,1,1,-1.3827556130442336,-1.3827556130442336
2016-02-16,air_9352c401d5adb01b,0,0,0,0,0,1,0,-1.327071120710156,-1.3459808779881488,0.0,-0.061724998363628374,-1.2945577739316947,1,24.0,1,1,-1.223297122758322,-1.223297122758322
2016-02-17,air_9352c401d5adb01b,0,0,0,0,0,0,1,-1.212387839906092,-1.288270616069132,0.0,-0.08680077894885221,-1.2053330145409866,1,37.0,1,1,-1.0554992819503266,-1.0554992819503266
2016-02-18,air_9352c401d5adb01b,0,0,0,0,1,0,0,-1.2811978083885305,-1.1035977779282777,0.0,1.2672913726532402,-1.4618541977892723,1,13.0,1,1,-1.0651021704303023,-1.0651021704303023
2016-02-19,air_9352c401d5adb01b,1,0,0,0,0,0,0,-0.9027429817351195,-0.7573362064141762,0.0,-0.011573437193180458,-1.1718737297694712,1,22.0,1,1,-0.7482068505911057,-0.7482068505911057
2016-02-20,air_9352c401d5adb01b,0,0,1,0,0,0,0,-0.9142113098155259,-1.230560354150115,0.0,-1.2904382470396012,-0.6030658886537078,1,7.0,1,1,-0.7820696678625988,-0.7820696678625988
2016-02-21,air_9352c401d5adb01b,0,0,0,1,0,0,0,-1.097704559102028,-1.1497659874634913,0.0,0.866078883289657,-1.0380365906834093,1,24.0,1,1,-1.1482429680595652,-1.1482429680595652
2016-02-22,air_9352c401d5adb01b,0,1,0,0,0,0,0,-1.15504619950406,-1.172850092231098,0.0,-0.939377318846466,-1.2164861094648252,1,29.0,1,1,-1.3698675258737398,-1.3698675258737398
2016-02-24,air_9352c401d5adb01b,0,0,0,0,0,0,1,-1.2467928241473112,-1.4729434542099862,0.0,-1.2904382470396012,-1.1049551602264402,1,23.0,1,1,-1.1113476596891323,-1.1113476596891323
2016-02-25,air_9352c401d5adb01b,0,0,0,0,1,0,0,-1.3385394487905624,-1.3459808779881488,0.0,-0.011573437193180458,-1.2387922993125022,1,23.0,1,1,-1.0077375471420267,-1.0077375471420267
2016-02-26,air_9352c401d5adb01b,1,0,0,0,0,0,0,-1.269729480308124,-1.1266818826958844,0.0,1.041609347386225,-1.4283949130177567,1,26.0,1,1,-0.6003729095177964,-0.6003729095177964
2016-02-27,air_9352c401d5adb01b,0,0,1,0,0,0,0,-1.063299574860809,-1.0112613588578507,0.0,-0.7638468547498984,-1.0603427805310863,1,24.0,1,1,-0.43333319148453575,-0.43333319148453575
2016-02-28,air_9352c401d5adb01b,0,0,0,1,0,0,0,-0.7077814043682109,-0.5726633682733221,0.0,-0.18710390128974805,-0.7369030277397698,1,7.0,1,1,-1.0130444065651711,-1.0130444065651711
2016-02-29,air_9352c401d5adb01b,0,1,0,0,0,0,0,-1.1206412152628409,-1.1382239350796879,0.0,-0.563240610068107,-1.3614763434747257,1,16.0,1,1,-1.3223584986570183,-1.3223584986570183
2016-03-01,air_9352c401d5adb01b,0,0,0,0,0,1,0,-1.5449693542378775,-1.7384106590374642,0.0,-1.0647562217725857,-1.3503232485508871,1,13.0,1,1,-1.2139469418699247,-1.2139469418699247
2016-03-02,air_9352c401d5adb01b,0,0,0,0,0,0,1,-1.1894511837452793,-0.9189249397874236,0.0,1.39267027557936,-1.3949356282462413,1,10.0,1,1,-1.0848133625734102,-1.0848133625734102
2016-03-03,air_9352c401d5adb01b,0,0,0,0,1,0,0,-0.8912746536547131,-0.6188315778085355,0.0,1.4177460561645838,-1.2053330145409866,1,22.0,1,1,-1.1014920636175785,-1.1014920636175785
2016-03-04,air_9352c401d5adb01b,1,0,0,0,0,0,0,-0.6045664516445534,-0.5495792635057152,0.0,-1.039680441187362,-0.5919127937298693,1,25.0,1,1,-0.7307700267722026,-0.7307700267722026
2016-03-05,air_9352c401d5adb01b,0,0,1,0,0,0,0,-0.19170664074992327,-0.007102801466955905,0.0,0.2893359298295068,-0.4246163698722918,1,32.0,1,1,-0.5088927613664495,-0.5088927613664495
2016-03-07,air_9352c401d5adb01b,0,1,0,0,0,0,0,0.12940654550145556,0.2699064557443252,0.0,1.1669882503123445,0.12188528139579471,1,21.0,1,1,-1.4262213187957022,-1.4262213187957022
2016-03-08,air_9352c401d5adb01b,0,0,0,0,0,1,0,-0.214643296910736,-0.3764484777486646,0.0,-1.1149077829430336,-0.04541114246178277,1,24.0,1,1,-1.0923945903207593,-1.0923945903207593
2016-03-09,air_9352c401d5adb01b,0,0,0,0,0,0,1,-0.74218638860943,-0.8496726254846032,0.0,-1.2904382470396012,-0.5696066038821923,1,21.0,1,1,-1.1386400795795895,-1.1386400795795895
2016-03-10,air_9352c401d5adb01b,0,0,0,0,1,0,0,-0.8109963570918685,-0.9881772540902439,0.0,-1.0146046606021377,-0.6030658886537078,1,25.0,1,1,-1.0186039735798937,-1.0186039735798937
2016-03-11,air_9352c401d5adb01b,1,0,0,0,0,0,0,-0.9371479659763388,-0.9420090445550303,0.0,-0.011573437193180458,-0.8484339769781548,1,33.0,1,1,-0.6812393388228545,-0.6812393388228545
2016-03-12,air_9352c401d5adb01b,0,0,1,0,0,0,0,-0.9944896063783707,-0.9073828874036202,0.0,1.1920640308975683,-1.0714958754549249,1,15.0,1,1,-0.49196135273070285,-0.49196135273070285
2016-03-13,air_9352c401d5adb01b,0,0,0,1,0,0,0,-0.9142113098155259,-0.9881772540902439,0.0,-0.96445309943169,-0.8484339769781548,1,19.0,1,1,-1.089614806813398,-1.089614806813398
2016-03-14,air_9352c401d5adb01b,0,1,0,0,0,0,0,-0.8568696694134939,-0.7457941540303729,0.0,-0.43786170714198736,-0.7369030277397698,1,31.0,1,1,-1.3178097620086089,-1.3178097620086089
2016-03-15,air_9352c401d5adb01b,0,0,0,0,0,1,0,-0.7765913728506493,-0.6072895254247321,0.0,1.5180491785054797,-0.8595870719019932,1,18.0,1,1,-1.0438747327377245,-1.0438747327377245
2016-03-16,air_9352c401d5adb01b,0,0,0,0,0,0,1,-0.6389714358857727,-0.45724284443528823,0.0,0.23918436865905887,-0.7257499328159313,1,29.0,1,1,-0.9549216605021605,-0.9549216605021605
2016-03-17,air_9352c401d5adb01b,0,0,0,0,1,0,0,-0.3866682181168319,-0.11098127292118663,0.0,1.4177460561645838,-0.7369030277397698,1,23.0,1,1,-0.9076653408770172,-0.9076653408770172
2016-03-18,air_9352c401d5adb01b,1,0,0,0,0,0,0,-0.4210732023580511,-0.6996259444951592,0.0,-1.3155140276248252,-0.1680951866240064,1,22.0,1,1,-0.5336581053411235,-0.5336581053411235
2016-03-19,air_9352c401d5adb01b,0,0,1,0,0,0,0,-0.15730165650870404,0.08523361760347085,0.0,-0.5381648294828831,-0.1457889967763293,1,27.0,1,1,-0.5162212815222204,-0.5162212815222204
2016-03-20,air_9352c401d5adb01b,0,0,0,1,0,0,0,-0.5128198270013021,-0.2033176919916138,1.0,1.4678976173350315,-0.44692255971996886,1,7.0,1,1,-0.7277375356732629,-0.7277375356732629
2016-03-22,air_9352c401d5adb01b,0,0,0,0,0,1,0,-0.593098123564147,-0.3187382158296477,0.0,1.5932765202611512,-0.9488118312927013,1,17.0,1,1,-1.0398314112724716,-1.0398314112724716
2016-03-23,air_9352c401d5adb01b,0,0,0,0,0,0,1,-0.43254153043845744,-0.24948590152682718,0.0,0.7908515415339855,-0.6253720785013849,1,28.0,1,1,-0.9390010822327273,-0.9390010822327273
2016-03-24,air_9352c401d5adb01b,0,0,0,0,1,0,0,-0.7307180605290237,-0.6072895254247321,0.0,0.9914577862157766,-0.6588313632729003,1,32.0,1,1,-0.9983873662536292,-0.9983873662536292
2016-03-25,air_9352c401d5adb01b,1,0,0,0,0,0,0,-0.8912746536547131,-0.6880838921113559,0.0,1.041609347386225,-1.0045773059118939,1,26.0,1,1,-0.3959324679309464,-0.3959324679309464
2016-03-26,air_9352c401d5adb01b,0,0,1,0,0,0,0,-0.8683379974939004,-0.7573362064141762,0.0,1.5431249590907035,-1.1272613500741173,1,29.0,1,1,-0.4017447425372474,-0.4017447425372474
2016-03-28,air_9352c401d5adb01b,0,1,0,0,0,0,0,-0.627503107805366,-0.46878489681909136,0.0,0.8911546638748813,-0.8930463566735088,1,11.0,1,1,-1.0754631816850129,-1.0754631816850129
2016-03-29,air_9352c401d5adb01b,0,0,0,0,0,1,0,-0.5128198270013021,-0.36490642536486106,0.0,0.21410858807383482,-0.8818932617496703,1,27.0,1,1,-0.8012754448225501,-0.8012754448225501
2016-03-30,air_9352c401d5adb01b,0,0,0,0,0,0,1,-0.20317496883032965,-0.1340653776887933,0.0,0.16395702690338712,-0.3911570851007764,1,31.0,1,1,-0.8864379031844395,-0.8864379031844395
2016-03-31,air_9352c401d5adb01b,0,0,0,0,1,0,0,-0.18023831266951693,-0.1340653776887933,0.0,-0.41278592655676344,-0.26847304093855273,1,25.0,1,1,-0.8508061327718982,-0.8508061327718982
2016-04-01,air_9352c401d5adb01b,1,0,0,0,0,0,0,-0.06555503186545301,-0.22640179675922048,0.0,-1.2653624664543772,0.0995790915481176,1,25.0,1,1,-0.6443440304524217,-0.6443440304524217
2016-04-02,air_9352c401d5adb01b,0,0,1,0,0,0,0,0.14087487358186213,0.1429438795224878,0.0,0.6654726386078658,0.08842599662427914,1,15.0,1,1,-0.6615281466797466,-0.6615281466797466
2016-04-03,air_9352c401d5adb01b,0,0,0,1,0,0,0,0.10646988934064286,0.027523355684453927,0.0,-1.2402866858691532,0.2668755154056951,1,13.0,1,1,-1.1851382764299978,-1.1851382764299978
2016-04-04,air_9352c401d5adb01b,0,1,0,0,0,0,0,0.049128248938610904,0.13140182713868465,0.0,-1.1149077829430336,0.08842599662427914,1,24.0,1,1,-1.2975931546823443,-1.2975931546823443
2016-04-05,air_9352c401d5adb01b,0,0,0,0,0,1,0,-0.18023831266951693,-0.2956541110620406,0.0,0.23918436865905887,-0.22386066124319892,1,7.0,1,1,-1.0934054206870725,-1.0934054206870725
2016-04-06,air_9352c401d5adb01b,0,0,0,0,0,0,1,-0.08849168802626572,0.06214951283586417,0.0,0.46486639392607415,-0.32423851555774524,1,18.0,1,1,-1.0264379089188214,-1.0264379089188214
2016-04-07,air_9352c401d5adb01b,0,0,0,0,1,0,0,-0.09996001610667207,0.09677566998727441,0.0,-1.3155140276248252,-0.0677173323094599,1,36.0,1,1,-1.1421779858616856,-1.1421779858616856
2016-04-08,air_9352c401d5adb01b,1,0,0,0,0,0,0,-0.04261837570464011,-0.06481306338597284,0.0,0.03857812397726745,-0.05656423738562143,1,33.0,1,1,-0.5841996236567848,-0.5841996236567848
2016-04-09,air_9352c401d5adb01b,0,0,1,0,0,0,0,0.09500156126023672,0.16602798429009488,0.0,1.1920640308975683,-0.07887042723329835,1,30.0,1,1,-0.49196135273070285,-0.49196135273070285
2016-04-11,air_9352c401d5adb01b,0,1,0,0,0,0,0,-0.20317496883032965,-0.1340653776887933,0.0,1.2923671532384642,-0.4246163698722918,1,20.0,1,1,-1.3198314227412353,-1.3198314227412353
2016-04-12,air_9352c401d5adb01b,0,0,0,0,0,1,0,-0.47841484276008306,-0.3187382158296477,0.0,0.8410031027044331,-0.7257499328159313,1,20.0,1,1,-1.1565823185816493,-1.1565823185816493
2016-04-13,air_9352c401d5adb01b,0,0,0,0,0,0,1,-0.12289667226748498,-0.06481306338597284,0.0,-0.6635437324090028,-0.2796261358623914,1,39.0,1,1,-1.0686400767123985,-1.0686400767123985
2016-04-14,air_9352c401d5adb01b,0,0,0,0,1,0,0,0.43905140367242845,0.7200464987126571,0.0,1.342518714408912,0.30033480017721065,1,14.0,1,1,-1.0355353822156403,-1.0355353822156403
2016-04-15,air_9352c401d5adb01b,1,0,0,0,0,0,0,0.16381152974267482,0.3737849271985555,0.0,1.5932765202611512,0.13303837631963317,1,35.0,1,1,-0.6119974587303985,-0.6119974587303985
2016-04-16,air_9352c401d5adb01b,0,0,1,0,0,0,0,0.08353323317983016,0.25836440336052163,0.0,1.016533566801001,-0.23501375616703737,1,30.0,1,1,-0.396437883114103,-0.396437883114103
2016-04-17,air_9352c401d5adb01b,0,0,0,1,0,0,0,0.3587731071095834,0.443037241501376,0.0,1.2672913726532402,0.30033480017721065,1,9.0,1,1,-1.107809753407036,-1.107809753407036
2016-04-18,air_9352c401d5adb01b,0,1,0,0,0,0,0,-0.12289667226748498,-0.1340653776887933,0.0,-1.2904382470396012,-0.1457889967763293,1,16.0,1,1,-1.4092899101599559,-1.4092899101599559
2016-04-19,air_9352c401d5adb01b,0,0,0,0,0,1,0,-0.15730165650870404,0.15448593190629134,0.0,1.242215592068016,-0.5249942241868383,1,15.0,1,1,-1.0923945903207593,-1.0923945903207593
2016-04-20,air_9352c401d5adb01b,0,0,0,0,0,0,1,0.0261915927777982,0.32761671766334216,0.0,1.4428218367498076,-0.4134632749484533,1,25.0,1,1,-0.9587122743758352,-0.9587122743758352
2016-04-21,air_9352c401d5adb01b,0,0,0,0,1,0,0,-0.05408670378504646,-0.24948590152682718,0.0,-1.3155140276248252,0.14419147124347162,1,29.0,1,1,-1.0651021704303023,-1.0651021704303023
2016-04-22,air_9352c401d5adb01b,1,0,0,0,0,0,0,0.3358364509487707,0.40841108434996576,0.0,1.7186554231872708,0.22226313571034104,1,22.0,1,1,-0.5660046770631467,-0.5660046770631467
2016-04-23,air_9352c401d5adb01b,0,0,1,0,0,0,0,0.15234320166226867,0.2237382462091118,0.0,-0.6384679518237788,0.22226313571034104,1,30.0,1,1,-0.4687122543054987,-0.4687122543054987
2016-04-25,air_9352c401d5adb01b,0,1,0,0,0,0,0,0.16381152974267482,0.3737849271985555,0.0,-0.08680077894885221,0.021507427081248184,1,26.0,1,1,-1.2723223955245135,-1.2723223955245135
2016-04-26,air_9352c401d5adb01b,0,0,0,0,0,1,0,0.4046464194312092,0.650794184409837,0.0,1.0917609085566724,0.06611980677660222,1,18.0,1,1,-0.9956075827462679,-0.9956075827462679
2016-04-27,air_9352c401d5adb01b,0,0,0,0,0,0,1,0.27849481054673875,-0.11098127292118663,0.0,-1.3155140276248252,0.5010905088063035,1,24.0,1,1,-0.9761490981947383,-0.9761490981947383
2016-04-28,air_9352c401d5adb01b,0,0,0,0,1,0,0,0.08353323317983016,0.13140182713868465,0.0,-1.2152109052839293,0.0438136169289251,1,30.0,1,1,-0.7340552254627206,-0.7340552254627206
2016-04-29,air_9352c401d5adb01b,1,0,0,0,0,0,0,-0.07702335994585936,0.10831772237107797,1.0,1.4929733979202553,-0.29077923078622986,1,27.0,1,1,-0.5609505252315806,-0.5609505252315806
2016-04-30,air_9352c401d5adb01b,0,0,1,0,0,0,0,0.049128248938610904,0.3391587700471457,0.0,1.8189585455281667,-0.3911570851007764,1,28.0,1,1,-0.6051743537577842,-0.6051743537577842
2016-05-02,air_9352c401d5adb01b,0,1,0,0,0,0,0,0.5078613721548666,0.7200464987126571,0.0,1.8189585455281667,0.19995694586266413,1,27.0,1,1,-1.0256797861440863,-1.0256797861440863
2016-05-03,air_9352c401d5adb01b,0,0,0,0,0,1,0,0.312899794787958,0.09677566998727441,1.0,-1.3155140276248252,0.48993741388246526,1,27.0,1,1,-0.7396147924774433,-0.7396147924774433
2016-05-04,air_9352c401d5adb01b,0,0,0,0,0,0,1,0.5078613721548666,0.708504446328854,1.0,1.668503862016823,0.2780286103295335,1,31.0,1,1,-0.7964740005825623,-0.7964740005825623
2016-05-05,air_9352c401d5adb01b,0,0,0,0,1,0,0,0.5078613721548666,0.500747503420393,1.0,1.1419124697271206,0.2780286103295335,1,22.0,1,1,-0.9890371853652319,-0.9890371853652319
2016-05-06,air_9352c401d5adb01b,1,0,0,0,0,0,0,0.06059657701901745,-0.2725700062944339,0.0,-1.3155140276248252,0.32264099002488755,1,22.0,1,1,-1.143946939002734,-1.143946939002734
2016-05-11,air_9352c401d5adb01b,0,0,0,0,0,0,1,0.24408982630551948,0.06214951283586417,0.0,-0.3626343653863156,0.06611980677660222,1,13.0,1,1,-1.133333220156445,-1.133333220156445
2016-05-13,air_9352c401d5adb01b,1,0,0,0,0,0,0,0.5193297002352731,0.5469157129556063,0.0,0.21410858807383482,0.4118657494155956,1,14.0,1,1,-0.6534415037492408,-0.6534415037492408
2016-05-16,air_9352c401d5adb01b,0,1,0,0,0,0,0,0.22115317014470678,0.38532697958235906,0.0,-1.3155140276248252,-0.011951857690267393,1,14.0,1,1,-1.4262213187957022,-1.4262213187957022
2016-05-17,air_9352c401d5adb01b,0,0,0,0,0,1,0,0.18674818590348752,0.5122895558041964,0.0,2.0195647902099583,-0.2796261358623914,1,19.0,1,1,-1.2531166185645624,-1.2531166185645624
2016-05-18,air_9352c401d5adb01b,0,0,0,0,0,0,1,0.5422663563960858,0.8700931797021012,0.0,1.994489009624734,0.11073218647195605,1,22.0,1,1,-1.049181592160869,-1.049181592160869
2016-05-19,air_9352c401d5adb01b,0,0,0,0,1,0,0,0.5537346844764924,0.708504446328854,0.0,1.2171398114827923,0.2557224204818566,1,17.0,1,1,-1.0405895340472064,-1.0405895340472064
2016-05-20,air_9352c401d5adb01b,1,0,0,0,0,0,0,0.7372279337629944,0.8931772844697079,0.0,1.768806984357719,0.46763122403478796,1,31.0,1,1,-0.6529360885660842,-0.6529360885660842
2016-05-21,air_9352c401d5adb01b,0,0,1,0,0,0,0,0.7601645899238071,0.8008408653992811,0.0,1.7437312037724948,0.5010905088063035,1,32.0,1,1,-0.3764739833794168,-0.3764739833794168
2016-05-22,air_9352c401d5adb01b,0,0,0,1,0,0,0,0.7831012460846202,0.9739716511563319,0.0,1.7938827649429427,0.5903152681970116,1,2.0,1,1,-1.1141274431964936,-1.1141274431964936
2016-05-23,air_9352c401d5adb01b,0,1,0,0,0,0,0,0.8060379022454329,1.0547660178429556,0.0,1.8189585455281667,0.45647812911094965,1,24.0,1,1,-1.3170516392338738,-1.3170516392338738
2016-05-24,air_9352c401d5adb01b,0,0,0,0,0,1,0,0.7372279337629944,0.7546726558640674,0.0,0.1138054657329392,0.5010905088063035,1,32.0,1,1,-1.2053548837562624,-1.2053548837562624
2016-05-25,air_9352c401d5adb01b,0,0,0,0,0,0,1,0.5537346844764924,0.25836440336052163,0.0,-1.3155140276248252,0.8022240717499429,1,26.0,1,1,-0.9996509042115208,-0.9996509042115208
2016-05-26,air_9352c401d5adb01b,0,0,0,0,1,0,0,0.8519112145670583,0.6969623939450504,0.0,-1.2402866858691532,0.9026019260644896,1,27.0,1,1,-0.9635137186158229,-0.9635137186158229
2016-05-27,air_9352c401d5adb01b,1,0,0,0,0,0,0,1.012467807692748,1.2278968036000064,0.0,0.4397906133408503,1.002979780379036,1,27.0,1,1,-0.6693620820186741,-0.6693620820186741
2016-05-28,air_9352c401d5adb01b,0,0,1,0,0,0,0,0.7142912776021817,0.500747503420393,0.0,-1.1149077829430336,0.9360612108360052,1,27.0,1,1,-0.4737664061370648,-0.4737664061370648
2016-05-30,air_9352c401d5adb01b,0,1,0,0,0,0,0,0.8289745584062457,0.9393454940049217,0.0,1.0917609085566724,0.8022240717499429,1,23.0,1,1,-1.303910844471802,-1.303910844471802
2016-05-31,air_9352c401d5adb01b,0,0,0,0,0,1,0,0.8060379022454329,0.9278034416211182,0.0,1.242215592068016,0.5680090783493347,1,32.0,1,1,-1.075715889276591,-1.075715889276591
2016-06-01,air_9352c401d5adb01b,0,0,0,0,0,0,1,0.7831012460846202,0.916261389237315,0.0,1.016533566801001,0.6237745529685271,1,22.0,1,1,-1.0969433269691689,-1.0969433269691689
2016-06-02,air_9352c401d5adb01b,0,0,0,0,1,0,0,0.5652030125568985,0.8816352320859048,0.0,2.1198679125508537,0.4230188443394341,1,19.0,1,1,-1.0360407973987968,-1.0360407973987968
2016-06-03,air_9352c401d5adb01b,1,0,0,0,0,0,0,0.5996079967981178,0.7777567606316741,0.0,1.693579642602047,0.24456932555801816,1,20.0,1,1,-0.7272321204901063,-0.7272321204901063
2016-06-04,air_9352c401d5adb01b,0,0,1,0,0,0,0,0.4275830755920219,0.4199531367337693,0.0,-1.2904382470396012,0.6126214580446885,1,37.0,1,1,-0.5528638823010747,-0.5528638823010747
2016-06-05,air_9352c401d5adb01b,0,0,0,1,0,0,0,0.4505197317528346,0.2468223509767185,0.0,-1.3155140276248252,0.5457028885016577,1,2.0,1,1,-1.1431888162279988,-1.1431888162279988
2016-06-06,air_9352c401d5adb01b,0,1,0,0,0,0,0,0.7945695741650264,0.6623362367936402,0.0,-0.989528880016914,0.8356833565214584,1,22.0,1,1,-1.3317086795454156,-1.3317086795454156
2016-06-07,air_9352c401d5adb01b,0,0,0,0,0,1,0,0.691354621441369,0.6392521320260335,0.0,-0.41278592655676344,0.7910709768261046,1,20.0,1,1,-1.1864018143878894,-1.1864018143878894
2016-06-08,air_9352c401d5adb01b,0,0,0,0,0,0,1,0.8633795426474649,0.7662147082478709,0.0,-1.2152109052839293,0.980673590531359,1,31.0,1,1,-1.0213837570872553,-1.0213837570872553
2016-06-09,air_9352c401d5adb01b,0,0,0,0,1,0,0,0.8519112145670583,0.8585511273182981,0.0,-0.23725546246019596,0.8356833565214584,1,25.0,1,1,-1.0719252754029165,-1.0719252754029165
2016-06-10,air_9352c401d5adb01b,1,0,0,0,0,0,0,1.0583411200143735,1.1355603845295792,0.0,1.6434280814315994,0.9137550209883278,1,21.0,1,1,-0.632214066056663,-0.632214066056663
2016-06-11,air_9352c401d5adb01b,0,0,1,0,0,0,0,1.0583411200143735,1.1124762797619725,0.0,-0.41278592655676344,1.0475921600743903,1,36.0,1,1,-0.4712393302212817,-0.4712393302212817
2016-06-12,air_9352c401d5adb01b,0,0,0,1,0,0,0,0.8863161988082776,0.5699998177232134,0.0,-1.1901351246987053,1.025285970226713,1,2.0,1,1,-1.101239356026,-1.101239356026
2016-06-13,air_9352c401d5adb01b,0,1,0,0,0,0,0,0.9665944953711223,0.9393454940049217,0.0,-0.4880132683124353,0.9918266854551977,1,26.0,1,1,-1.3931166242989441,-1.3931166242989441
2016-06-14,air_9352c401d5adb01b,0,0,0,0,0,1,0,1.06980944809478,1.0778501226105623,0.0,1.668503862016823,0.9360612108360052,1,17.0,1,1,-1.111853074872289,-1.111853074872289
2016-06-15,air_9352c401d5adb01b,0,0,0,0,0,0,1,1.1156827604164055,1.043223965459152,0.0,-0.588316390653331,1.114510729617421,1,33.0,1,1,-1.0517086680766519,-1.0517086680766519
2016-06-16,air_9352c401d5adb01b,0,0,0,0,1,0,0,0.9092528549690903,0.6392521320260335,0.0,-1.3155140276248252,1.1256638245412596,1,29.0,1,1,-1.1229722089017344,-1.1229722089017344
2016-06-17,air_9352c401d5adb01b,1,0,0,0,0,0,0,0.9780628234515288,0.8816352320859048,0.0,0.7657757609487617,1.025285970226713,1,34.0,1,1,-0.5606978176400023,-0.5606978176400023
2016-06-18,air_9352c401d5adb01b,0,0,1,0,0,0,0,1.0354044638535607,1.1240183321457757,0.0,1.8189585455281667,0.7910709768261046,1,36.0,1,1,-0.4687122543054987,-0.4687122543054987
2016-06-19,air_9352c401d5adb01b,0,0,0,1,0,0,0,0.8863161988082776,0.650794184409837,0.0,-1.1901351246987053,0.980673590531359,1,2.0,1,1,-1.094668958644964,-1.094668958644964
2016-06-20,air_9352c401d5adb01b,0,1,0,0,0,0,0,1.0009994796123416,0.9508875463887249,0.0,-0.8390741965055704,1.1925823940842903,1,13.0,1,1,-1.3622862981263908,-1.3622862981263908
2016-06-21,air_9352c401d5adb01b,0,0,0,0,0,1,0,0.9551261672907161,0.8931772844697079,0.0,-0.8641499770907943,1.0475921600743903,1,29.0,1,1,-1.1464740149185169,-1.1464740149185169
2016-06-22,air_9352c401d5adb01b,0,0,0,0,0,0,1,0.8748478707278711,0.500747503420393,0.0,-1.3155140276248252,1.1479700143889364,1,16.0,1,1,-1.083802532207097,-1.083802532207097
2016-06-23,air_9352c401d5adb01b,0,0,0,0,1,0,0,1.2074293850596567,1.2856070655190233,0.0,0.6654726386078658,1.1479700143889364,1,24.0,1,1,-1.0795065031502658,-1.0795065031502658
2016-06-24,air_9352c401d5adb01b,1,0,0,0,0,0,0,0.932189511129903,0.6738782891774437,0.0,-1.3155140276248252,1.114510729617421,1,25.0,1,1,-0.582683378107315,-0.582683378107315
2016-06-25,air_9352c401d5adb01b,0,0,1,0,0,0,0,0.9092528549690903,0.6854203415612473,0.0,-1.3155140276248252,1.0475921600743903,1,30.0,1,1,-0.41892885876457225,-0.41892885876457225
2016-06-26,air_9352c401d5adb01b,0,0,0,1,0,0,0,0.8748478707278711,0.8816352320859048,0.0,0.7406999803635373,0.7687647869784278,1,8.0,1,1,-0.9870155246326054,-0.9870155246326054
2016-06-27,air_9352c401d5adb01b,0,1,0,0,0,0,0,0.6569496372001498,0.6969623939450504,0.0,-0.26233124304541977,0.7576116920545891,1,26.0,1,1,-1.30719604316232,-1.30719604316232
2016-06-28,air_9352c401d5adb01b,0,0,0,0,0,1,0,0.691354621441369,0.5930839224908201,0.0,-1.1901351246987053,0.7910709768261046,1,13.0,1,1,-1.1601202248637454,-1.1601202248637454
2016-06-29,air_9352c401d5adb01b,0,0,0,0,0,0,1,0.7372279337629944,0.3507008224309488,0.0,-1.3155140276248252,1.0364390651505515,1,26.0,1,1,-0.981708665209461,-0.981708665209461
2016-06-30,air_9352c401d5adb01b,0,0,0,0,1,0,0,1.0009994796123416,0.7777567606316741,0.0,-1.0898320023578096,1.1591231093127752,1,27.0,1,1,-0.956943321234787,-0.956943321234787
2016-07-01,air_9352c401d5adb01b,1,0,0,0,0,0,0,1.241834369300876,1.2394388559838094,0.0,0.4397906133408503,1.181429299160452,1,26.0,1,1,1.632045954484964,1.632045954484964
2016-07-02,air_9352c401d5adb01b,0,0,1,0,0,0,0,1.310644337783314,1.0085978083077418,0.0,-1.1650593441134816,1.538328336723284,1,34.0,1,1,1.7376777277646962,1.7376777277646962
2016-07-04,air_9352c401d5adb01b,0,1,0,0,0,0,0,1.4712009309090037,1.527990165578894,0.0,0.3896390521704024,1.4825628621040914,1,11.0,1,1,-0.0936941884032917,-0.0936941884032917
2016-07-05,air_9352c401d5adb01b,0,0,0,0,0,1,0,1.5400108993914419,1.527990165578894,0.0,1.1419124697271206,1.516022146875607,1,22.0,1,1,0.34930221963347974,0.34930221963347974
2016-07-06,air_9352c401d5adb01b,0,0,0,0,0,0,1,1.5514792274718483,1.5049060608112879,0.0,0.7908515415339855,1.6610123808855075,1,13.0,1,1,0.6545729902600741,0.6545729902600741
2016-07-07,air_9352c401d5adb01b,0,0,0,0,1,0,0,1.4941375870698164,1.4125696417408602,0.0,0.6403968580226417,1.560634526570961,1,30.0,1,1,0.6100964541422921,0.6100964541422921
2016-07-08,air_9352c401d5adb01b,1,0,0,0,0,0,0,0.9665944953711223,0.8816352320859048,0.0,-1.3155140276248252,1.1702762042366135,1,29.0,1,1,1.4950784398495218,1.4950784398495218
2016-07-09,air_9352c401d5adb01b,0,0,1,0,0,0,0,1.1042144323359988,1.0085978083077418,0.0,0.03857812397726745,1.1033576346935827,1,31.0,1,1,1.6969918055205888,1.6969918055205888
2016-07-10,air_9352c401d5adb01b,0,0,0,1,0,0,0,1.4023909624265651,1.2394388559838094,0.0,0.4397906133408503,1.516022146875607,1,3.0,1,1,0.5254394109635594,0.5254394109635594
2016-07-11,air_9352c401d5adb01b,0,1,0,0,0,0,0,1.2762393535420948,0.9393454940049217,0.0,-1.3155140276248252,1.4937159570279301,1,7.0,1,1,-0.12730429808320648,-0.12730429808320648
2016-07-12,air_9352c401d5adb01b,0,0,0,0,0,1,0,1.367985978185346,1.2740650131352198,0.0,-0.6384679518237788,1.4825628621040914,1,24.0,1,1,0.359410523296612,0.359410523296612
2016-07-13,air_9352c401d5adb01b,0,0,0,0,0,0,1,1.1730244008184374,0.8816352320859048,0.0,-1.3155140276248252,1.404491197637222,1,18.0,1,1,0.4081830884712252,0.4081830884712252
2016-07-14,air_9352c401d5adb01b,0,0,0,0,1,0,0,1.4023909624265651,1.4010275893570567,0.0,0.23918436865905887,1.4379504824087377,1,27.0,1,1,0.5537426612203298,0.5537426612203298
2016-07-15,air_9352c401d5adb01b,1,0,0,0,0,0,0,1.1042144323359988,0.9047193368535115,0.0,-0.6635437324090028,1.2595009636273216,1,22.0,1,1,1.3520459430162002,1.3520459430162002
2016-07-16,air_9352c401d5adb01b,0,0,1,0,0,0,0,1.0927461042555928,0.9047193368535115,0.0,-0.38771014597153947,1.0475921600743903,1,23.0,1,1,1.6573167136427946,1.6573167136427946
2016-07-17,air_9352c401d5adb01b,0,0,0,1,0,0,0,1.310644337783314,1.2278968036000064,0.0,0.3896390521704024,1.3264195331703525,1,6.0,1,1,1.0331289624443774,1.0331289624443774
2016-07-18,air_9352c401d5adb01b,0,1,0,0,0,0,0,1.3221126658637206,1.2394388559838094,1.0,1.0666851279714487,1.226041678855806,1,34.0,1,1,0.004103649537512948,0.004103649537512948
2016-07-19,air_9352c401d5adb01b,0,0,0,0,0,1,0,1.4482642747481906,1.389485536973254,0.0,1.5932765202611512,1.3375726280941909,1,23.0,1,1,0.12237080239616042,0.12237080239616042
2016-07-20,air_9352c401d5adb01b,0,0,0,0,0,0,1,1.4138592905069718,1.447195798892271,0.0,0.7657757609487617,1.4379504824087377,1,27.0,1,1,0.4468473499827061,0.4468473499827061
2016-07-21,air_9352c401d5adb01b,0,0,0,0,1,0,0,1.3794543062657525,1.4241116941246639,0.0,1.7437312037724948,1.3375726280941909,1,32.0,1,1,0.5956921214223286,0.5956921214223286
2016-07-22,air_9352c401d5adb01b,1,0,0,0,0,0,0,1.3450493220245332,1.4125696417408602,0.0,0.7156241997783135,1.2595009636273216,1,26.0,1,1,1.3950062335845124,1.3950062335845124
2016-07-23,air_9352c401d5adb01b,0,0,1,0,0,0,0,1.4367959466677844,1.4356537465084673,0.0,1.4428218367498076,1.3710319128657065,1,28.0,1,1,1.6080387332850248,1.6080387332850248
2016-07-25,air_9352c401d5adb01b,0,1,0,0,0,0,0,1.3794543062657525,1.1586444892971859,0.0,-1.2904382470396012,1.5048690519517685,1,20.0,1,1,-0.03001187532555844,-0.03001187532555844
2016-07-26,air_9352c401d5adb01b,0,0,0,0,0,1,0,1.4023909624265651,1.2856070655190233,0.0,-0.3626343653863156,1.538328336723284,1,31.0,1,1,0.4630206358437177,0.4630206358437177
2016-07-27,air_9352c401d5adb01b,0,0,0,0,0,0,1,1.4712009309090037,1.4125696417408602,0.0,0.8410031027044331,1.5271752417994453,1,25.0,1,1,0.6002408580707381,0.6002408580707381
2016-07-28,air_9352c401d5adb01b,0,0,0,0,1,0,0,1.5400108993914419,1.5049060608112879,0.0,1.0666851279714487,1.5829407164186378,1,26.0,1,1,0.7521181206093004,0.7521181206093004
2016-07-29,air_9352c401d5adb01b,1,0,0,0,0,0,0,1.5744158836326612,1.5510742703465012,0.0,1.1669882503123445,1.560634526570961,1,27.0,1,1,1.561287828843038,1.561287828843038
2016-07-30,air_9352c401d5adb01b,0,0,1,0,0,0,0,1.5744158836326612,1.5510742703465012,0.0,1.4177460561645838,1.516022146875607,1,29.0,1,1,1.641143427781783,1.641143427781783
2016-07-31,air_9352c401d5adb01b,0,0,0,1,0,0,0,1.5170742432306292,1.6203265846493218,0.0,0.515017955096522,1.5829407164186378,1,25.0,1,1,0.4342119704037907,0.4342119704037907
2016-08-01,air_9352c401d5adb01b,0,1,0,0,0,0,0,1.5744158836326612,1.643410689416928,0.0,1.242215592068016,1.4825628621040914,1,14.0,1,1,-0.0669071836959912,-0.0669071836959912
2016-08-02,air_9352c401d5adb01b,0,0,0,0,0,1,0,1.5744158836326612,1.643410689416928,0.0,0.4147148327556265,1.538328336723284,1,20.0,1,1,0.17316502830340005,0.17316502830340005
2016-08-03,air_9352c401d5adb01b,0,0,0,0,0,0,1,1.5514792274718483,1.6203265846493218,0.0,0.2642601492442827,1.5829407164186378,1,21.0,1,1,0.47767767615525947,0.47767767615525947
2016-08-04,air_9352c401d5adb01b,0,0,0,0,1,0,0,1.5629475555522545,1.6895788989521414,0.0,1.4428218367498076,1.4825628621040914,1,18.0,1,1,0.563850964883462,0.563850964883462
2016-08-05,air_9352c401d5adb01b,1,0,0,0,0,0,0,1.631757524034693,1.6895788989521414,0.0,1.6434280814315994,1.538328336723284,1,19.0,1,1,1.2787607414584914,1.2787607414584914
2016-08-06,air_9352c401d5adb01b,0,0,1,0,0,0,0,1.6432258521150995,1.724205056103552,0.0,1.041609347386225,1.5829407164186378,1,34.0,1,1,1.1139953917494354,1.1139953917494354
2016-08-07,air_9352c401d5adb01b,0,0,0,1,0,0,0,1.6546941801955057,1.7126630037197486,0.0,0.941306225045329,1.6275530961139921,1,3.0,1,1,0.30002423927571,0.30002423927571
2016-08-08,air_9352c401d5adb01b,0,1,0,0,0,0,0,1.6432258521150995,1.7357471084873557,0.0,1.041609347386225,1.5940938113424765,1,35.0,1,1,-0.05427180411707587,-0.05427180411707587
2016-08-09,air_9352c401d5adb01b,0,0,0,0,0,1,0,1.7005674925171315,1.8280835275577825,0.0,0.8159273221192093,1.5494814316471226,1,25.0,1,1,0.5117932010183309,0.5117932010183309
2016-08-10,air_9352c401d5adb01b,0,0,0,0,0,0,1,1.6202891959542864,1.7703732656387654,0.0,1.8691101066986144,1.3375726280941909,1,27.0,1,1,1.1948618210544935,1.1948618210544935
2016-08-11,air_9352c401d5adb01b,0,0,0,0,1,0,0,1.6202891959542864,1.9665881561634233,1.0,1.8189585455281667,1.3041133433226753,1,35.0,1,1,0.9835982744950292,0.9835982744950292
2016-08-12,air_9352c401d5adb01b,1,0,0,0,0,0,0,1.6776308363563184,1.8627096847091922,0.0,1.668503862016823,1.5048690519517685,1,29.0,1,1,0.689193930306302,0.689193930306302
2016-08-13,air_9352c401d5adb01b,0,0,1,0,0,0,0,1.689099164436725,1.7357471084873557,1.0,1.5682007396759274,1.5048690519517685,1,25.0,1,1,0.8021542237418051,0.8021542237418051
2016-08-14,air_9352c401d5adb01b,0,0,0,1,0,0,0,1.7235041486779443,1.8049994227901753,1.0,1.342518714408912,1.649859285961669,1,26.0,1,1,0.09684733564675146,0.09684733564675146
2016-08-15,air_9352c401d5adb01b,0,1,0,0,0,0,0,1.6202891959542864,1.5164481131950907,1.0,-0.6886195129942267,1.7502371402762154,1,13.0,1,1,-0.26098661402813067,-0.26098661402813067
2016-08-16,air_9352c401d5adb01b,0,0,0,0,0,1,0,1.48266925898941,1.5741583751141075,0.0,-0.8892257576760182,1.560634526570961,1,11.0,1,1,-0.18087830749780748,-0.18087830749780748
2016-08-18,air_9352c401d5adb01b,0,0,0,0,1,0,0,1.6202891959542864,1.6895788989521414,0.0,1.668503862016823,1.4602566722564145,1,25.0,1,1,0.3485440968587448,0.3485440968587448
2016-08-19,air_9352c401d5adb01b,1,0,0,0,0,0,0,1.7120358205975377,1.8857937894767993,0.0,1.242215592068016,1.5717876214947994,1,34.0,1,1,1.253742689892239,1.253742689892239
2016-08-20,air_9352c401d5adb01b,0,0,1,0,0,0,0,1.746440804838757,1.8973358418606028,0.0,1.4929733979202553,1.5940938113424765,1,29.0,1,1,1.1738870909534942,1.1738870909534942
2016-08-23,air_9352c401d5adb01b,0,0,0,0,0,1,0,1.6432258521150995,1.7934573704063725,0.0,1.3675944949941357,1.516022146875607,1,29.0,1,1,0.30457297592411947,0.30457297592411947
2016-08-24,air_9352c401d5adb01b,0,0,0,0,0,0,1,1.5514792274718483,1.5626163227303047,0.0,-0.3124828042158677,1.5940938113424765,1,23.0,1,1,0.4337065552206341,0.4337065552206341
2016-08-25,air_9352c401d5adb01b,0,0,0,0,1,0,0,1.631757524034693,1.7357471084873557,0.0,0.8159273221192093,1.6164000011901534,1,22.0,1,1,0.5216487970898849,0.5216487970898849
2016-08-26,air_9352c401d5adb01b,1,0,0,0,0,0,0,1.4712009309090037,1.6664947941845352,0.0,-0.061724998363628374,1.516022146875607,1,44.0,1,1,1.4561614707464625,1.4561614707464625
2016-08-27,air_9352c401d5adb01b,0,0,1,0,0,0,0,1.253302697381282,1.2971491179028265,0.0,-0.41278592655676344,1.3821850077895452,1,29.0,1,1,1.4988690537231963,1.4988690537231963
2016-08-28,air_9352c401d5adb01b,0,0,0,1,0,0,0,1.06980944809478,0.8470090749344945,0.0,-1.3155140276248252,1.2483478687034828,1,9.0,1,1,0.5428762347824626,0.5428762347824626
2016-08-29,air_9352c401d5adb01b,0,1,0,0,0,0,0,1.0354044638535607,0.9739716511563319,0.0,-0.28740702363064385,1.1368169194650979,1,31.0,1,1,-0.2508783103649984,-0.2508783103649984
2016-08-30,air_9352c401d5adb01b,0,0,0,0,0,1,0,0.9436578392103095,0.8700931797021012,0.0,0.48994217451129823,1.0141328753028747,1,25.0,1,1,0.2866307369220597,0.2866307369220597
2016-08-31,air_9352c401d5adb01b,0,0,0,0,0,0,1,1.1730244008184374,1.1240183321457757,0.0,0.941306225045329,1.0475921600743903,1,25.0,1,1,0.5780025900118472,0.5780025900118472
2016-09-01,air_9352c401d5adb01b,0,0,0,0,1,0,0,0.9780628234515288,1.031681913075349,0.0,-1.1901351246987053,0.891448831140651,1,26.0,1,1,0.31114337330515546,0.31114337330515546
2016-09-02,air_9352c401d5adb01b,1,0,0,0,0,0,0,1.2074293850596567,1.2740650131352198,0.0,0.13888124631816307,1.092204539769744,1,30.0,1,1,1.127641601694664,1.127641601694664
2016-09-03,air_9352c401d5adb01b,0,0,1,0,0,0,0,1.3335809939441268,1.389485536973254,0.0,-0.38771014597153947,1.114510729617421,1,37.0,1,1,1.522370859739979,1.522370859739979
2016-09-05,air_9352c401d5adb01b,0,1,0,0,0,0,0,1.1042144323359988,0.7431306034802642,0.0,-1.2904382470396012,1.3264195331703525,1,22.0,1,1,-0.1892176580198916,-0.1892176580198916
2016-09-06,air_9352c401d5adb01b,0,0,0,0,0,1,0,1.3794543062657525,1.4933640084274844,0.0,-0.061724998363628374,1.2929602483988372,1,27.0,1,1,0.2866307369220597,0.2866307369220597
2016-09-07,air_9352c401d5adb01b,0,0,0,0,0,0,1,1.3450493220245332,1.193270646448596,0.0,-1.2402866858691532,1.404491197637222,1,31.0,1,1,0.3520820031408411,0.3520820031408411
2016-09-08,air_9352c401d5adb01b,0,0,0,0,1,0,0,1.1615560727380307,1.1701865416809893,0.0,-0.3124828042158677,1.2148885839319676,1,34.0,1,1,0.4519015018142722,0.4519015018142722
2016-09-09,air_9352c401d5adb01b,1,0,0,0,0,0,0,1.1042144323359988,1.1471024369133827,0.0,1.3675944949941357,1.002979780379036,1,31.0,1,1,1.3424430545362247,1.3424430545362247
2016-09-10,air_9352c401d5adb01b,0,0,1,0,0,0,0,1.1042144323359988,1.1701865416809893,0.0,0.013502343392043386,0.980673590531359,1,30.0,1,1,1.6866307942658783,1.6866307942658783
2016-09-11,air_9352c401d5adb01b,0,0,0,1,0,0,0,1.2647710254616886,1.2856070655190233,0.0,1.016533566801001,1.1702762042366135,1,6.0,1,1,0.5120459086099092,0.5120459086099092
2016-09-12,air_9352c401d5adb01b,0,1,0,0,0,0,0,0.9207211830494968,0.6623362367936402,0.0,-1.3155140276248252,1.0141328753028747,1,13.0,1,1,-0.1748133252999281,-0.1748133252999281
2016-09-13,air_9352c401d5adb01b,0,0,0,0,0,1,0,1.1042144323359988,1.1586444892971859,0.0,-0.11187655953407628,1.0141328753028747,1,31.0,1,1,0.1754393966276048,0.1754393966276048
2016-09-14,air_9352c401d5adb01b,0,0,0,0,0,0,1,1.0583411200143735,0.8470090749344945,0.0,-1.1650593441134816,1.203735489008129,1,25.0,1,1,0.44255132092587485,0.44255132092587485
2016-09-15,air_9352c401d5adb01b,0,0,0,0,1,0,0,1.2074293850596567,1.1817285940647926,0.0,-0.7638468547498984,1.27065405855116,1,20.0,1,1,0.6621542180074232,0.6621542180074232
2016-09-16,air_9352c401d5adb01b,1,0,0,0,0,0,0,1.2647710254616886,1.250980908367613,0.0,-0.6133921712385549,1.3264195331703525,1,25.0,1,1,1.2964502728689729,1.2964502728689729
2016-09-17,air_9352c401d5adb01b,0,0,1,0,0,0,0,1.2647710254616886,1.193270646448596,0.0,-0.563240610068107,1.3041133433226753,1,30.0,1,1,1.609049563651338,1.609049563651338
2016-09-18,air_9352c401d5adb01b,0,0,0,1,0,0,0,1.1042144323359988,0.7200464987126571,0.0,-1.3155140276248252,1.3487257230180296,1,40.0,1,1,0.8125152349965157,0.8125152349965157
2016-09-19,air_9352c401d5adb01b,0,1,0,0,0,0,0,0.8748478707278711,0.7777567606316741,1.0,-1.3155140276248252,0.9249081159121666,1,29.0,1,1,-0.17683498603255457,-0.17683498603255457
2016-09-20,air_9352c401d5adb01b,0,0,0,0,0,1,0,0.634012981039337,0.443037241501376,0.0,-1.1399835635282576,0.8245302615976202,1,26.0,1,1,-0.5040913171264616,-0.5040913171264616
2016-09-21,air_9352c401d5adb01b,0,0,0,0,0,0,1,0.7716329180042136,0.6623362367936402,0.0,-1.1399835635282576,0.8579895463691354,1,32.0,1,1,0.9530206559140542,0.9530206559140542
2016-09-22,air_9352c401d5adb01b,0,0,0,0,1,0,0,0.7142912776021817,0.4199531367337693,1.0,-1.3155140276248252,0.9583674006836821,1,21.0,1,1,0.5026957277215118,0.5026957277215118
2016-09-23,air_9352c401d5adb01b,1,0,0,0,0,0,0,0.9436578392103095,1.0663080702267587,0.0,-0.011573437193180458,0.9583674006836821,1,34.0,1,1,0.8281831056743707,0.8281831056743707
2016-09-24,air_9352c401d5adb01b,0,0,1,0,0,0,0,1.0009994796123416,1.043223965459152,0.0,0.7156241997783135,0.9695204956075204,1,25.0,1,1,1.4559087631548842,1.4559087631548842
2016-09-26,air_9352c401d5adb01b,0,1,0,0,0,0,0,1.0812777761751862,1.031681913075349,0.0,-1.039680441187362,1.203735489008129,1,19.0,1,1,-0.02040898684558279,-0.02040898684558279
2016-09-27,air_9352c401d5adb01b,0,0,0,0,0,1,0,1.299176009702908,1.4241116941246639,0.0,0.7406999803635373,1.1702762042366135,1,31.0,1,1,0.4013599834986109,0.4013599834986109
2016-09-28,air_9352c401d5adb01b,0,0,0,0,0,0,1,1.1844927288988438,0.8354670225506909,0.0,-1.3155140276248252,1.4156442925610604,1,25.0,1,1,0.4791939217047293,0.4791939217047293
2016-09-29,air_9352c401d5adb01b,0,0,0,0,1,0,0,0.8060379022454329,0.5930839224908201,0.0,-1.3155140276248252,0.9137550209883278,1,22.0,1,1,0.5613238889676789,0.5613238889676789
2016-09-30,air_9352c401d5adb01b,1,0,0,0,0,0,0,0.6684179652805563,0.45457929388517954,0.0,-1.3155140276248252,0.869142641292974,1,22.0,1,1,1.5021542524137144,1.5021542524137144
2016-10-01,air_9352c401d5adb01b,0,0,1,0,0,0,0,0.8404428864866522,0.5584577653394098,0.0,-1.2653624664543772,1.002979780379036,1,33.0,1,1,1.5251506432473403,1.5251506432473403
2016-10-02,air_9352c401d5adb01b,0,0,0,1,0,0,0,1.2188977131400627,1.2394388559838094,0.0,0.21410858807383482,1.1702762042366135,1,3.0,1,1,0.4084357960628035,0.4084357960628035
2016-10-03,air_9352c401d5adb01b,0,1,0,0,0,0,0,1.2877076816225013,1.1701865416809893,0.0,-0.989528880016914,1.449103577332576,1,23.0,1,1,-0.3228999739648158,-0.3228999739648158
2016-10-04,air_9352c401d5adb01b,0,0,0,0,0,1,0,1.2188977131400627,1.043223965459152,0.0,-1.2402866858691532,1.3821850077895452,1,23.0,1,1,0.24645022986110895,0.24645022986110895
2016-10-06,air_9352c401d5adb01b,0,0,0,0,1,0,0,0.8977845268886842,0.9508875463887249,0.0,0.9663820056305529,0.8802957362168127,1,29.0,1,1,0.45038525626480236,0.45038525626480236
2016-10-07,air_9352c401d5adb01b,1,0,0,0,0,0,0,0.6225446529589305,0.500747503420393,0.0,-0.23725546246019596,0.5903152681970116,1,25.0,1,1,1.2436343862291068,1.2436343862291068
2016-10-08,air_9352c401d5adb01b,0,0,1,0,0,0,0,0.748696261843401,0.6277100796422304,0.0,-1.3155140276248252,0.7687647869784278,1,33.0,1,1,1.4134538877697287,1.4134538877697287
2016-10-09,air_9352c401d5adb01b,0,0,0,1,0,0,0,0.5422663563960858,0.5122895558041964,0.0,-0.13695234011930013,0.5345497935778191,1,39.0,1,1,0.9295188498972716,0.9295188498972716
2016-10-10,air_9352c401d5adb01b,0,1,0,0,0,0,0,0.3473047790291772,0.4199531367337693,1.0,1.0666851279714487,0.37840646464408006,1,22.0,1,1,0.17998813327601432,0.17998813327601432
2016-10-11,air_9352c401d5adb01b,0,0,0,0,0,1,0,0.22115317014470678,0.004439250916847236,0.0,-1.3155140276248252,0.37840646464408006,1,23.0,1,1,-0.08383859233173774,-0.08383859233173774
2016-10-12,air_9352c401d5adb01b,0,0,0,0,0,0,1,0.32436812286836453,0.5238316081879997,0.0,0.16395702690338712,0.18880385093882565,1,23.0,1,1,0.3942841709344183,0.3942841709344183
2016-10-13,air_9352c401d5adb01b,0,0,0,0,1,0,0,0.2899631386271453,0.2699064557443252,0.0,-0.8139984159203464,0.43417193926327274,1,21.0,1,1,0.41728056176804423,0.41728056176804423
2016-10-14,air_9352c401d5adb01b,1,0,0,0,0,0,0,0.2899631386271453,0.5469157129556063,0.0,0.36456327158517854,0.2334162306341797,1,32.0,1,1,1.3492661595088389,1.3492661595088389
2016-10-18,air_9352c401d5adb01b,0,0,0,0,0,1,0,0.9092528549690903,0.9855137035401351,0.0,0.2642601492442827,0.9472143057598434,1,26.0,1,1,0.3063419290651676,0.3063419290651676
2016-10-19,air_9352c401d5adb01b,0,0,0,0,0,0,1,0.7601645899238071,0.500747503420393,0.0,-1.2904382470396012,0.869142641292974,1,2.0,1,1,0.3983274923996712,0.3983274923996712
2016-10-20,air_9352c401d5adb01b,0,0,0,0,1,0,0,0.6684179652805563,0.6738782891774437,0.0,0.48994217451129823,0.6683869326638809,1,23.0,1,1,0.5464141410645589,0.5464141410645589
2016-10-21,air_9352c401d5adb01b,1,0,0,0,0,0,0,0.39317809135080267,0.16602798429009488,0.0,-1.2904382470396012,0.5233966986539804,1,21.0,1,1,1.364934030186694,1.364934030186694
2016-10-22,air_9352c401d5adb01b,0,0,1,0,0,0,0,0.08353323317983016,-0.2841120586782374,0.0,-1.3155140276248252,0.3672533697202416,1,40.0,1,1,1.7326235759331299,1.7326235759331299
2016-10-23,air_9352c401d5adb01b,0,0,0,1,0,0,0,0.27849481054673875,0.05060746045206103,0.0,-1.1399835635282576,0.4118657494155956,1,2.0,1,1,0.5656199180245102,0.5656199180245102
2016-10-24,air_9352c401d5adb01b,0,1,0,0,0,0,0,0.17527985782308136,0.2929905605119319,0.0,1.342518714408912,0.11073218647195605,1,23.0,1,1,-0.12073390070217051,-0.12073390070217051
2016-10-25,air_9352c401d5adb01b,0,0,0,0,0,1,0,0.1982165139838941,0.16602798429009488,0.0,-0.939377318846466,0.05496671185276356,1,27.0,1,1,0.33110727303984167,0.33110727303984167
2016-10-26,air_9352c401d5adb01b,0,0,0,0,0,0,1,0.5422663563960858,0.39686903196616263,0.0,-1.1650593441134816,0.7353055022069122,1,44.0,1,1,0.5941758758728588,0.5941758758728588
2016-10-27,air_9352c401d5adb01b,0,0,0,0,1,0,0,0.4046464194312092,0.39686903196616263,0.0,0.7156241997783135,0.3672533697202416,1,20.0,1,1,0.6032733491696779,0.6032733491696779
2016-10-28,air_9352c401d5adb01b,1,0,0,0,0,0,0,0.06059657701901745,-0.23794384914302363,0.0,-1.3155140276248252,0.2557224204818566,1,32.0,1,1,1.2992300563763342,1.2992300563763342
2016-10-29,air_9352c401d5adb01b,0,0,1,0,0,0,0,0.17527985782308136,0.03906540806825748,0.0,0.013502343392043386,0.12188528139579471,1,37.0,1,1,1.8544286350738737,1.8544286350738737
2016-10-31,air_9352c401d5adb01b,0,1,0,0,0,0,0,-0.1458333284282977,-0.2841120586782374,0.0,-1.2904382470396012,-0.0677173323094599,1,25.0,1,1,-0.006762776900354235,-0.006762776900354235
2016-11-01,air_9352c401d5adb01b,0,0,0,0,0,1,0,-0.214643296910736,-0.23794384914302363,0.0,0.2893359298295068,-0.2573199460147143,1,28.0,1,1,0.18377874714968892,0.18377874714968892
2016-11-02,air_9352c401d5adb01b,0,0,0,0,0,0,1,-0.3293265777147999,-0.24948590152682718,0.0,-0.21217968187497188,-0.4246163698722918,1,26.0,1,1,0.9580748077456203,0.9580748077456203
2016-11-03,air_9352c401d5adb01b,0,0,0,0,1,0,0,-0.3981365461972382,-0.22640179675922048,1.0,0.8159273221192093,-0.4134632749484533,1,2.0,1,1,0.64623363973799,0.64623363973799
2016-11-04,air_9352c401d5adb01b,1,0,0,0,0,0,0,-0.3522632338756128,-0.1571494824564,0.0,1.1168366891418964,-0.5249942241868383,1,18.0,1,1,0.7326596360577708,0.7326596360577708
2016-11-05,air_9352c401d5adb01b,0,0,1,0,0,0,0,-0.22611162499114235,0.004439250916847236,0.0,1.1419124697271206,-0.4246163698722918,1,31.0,1,1,1.5377860228262556,1.5377860228262556
2016-11-07,air_9352c401d5adb01b,0,1,0,0,0,0,0,-0.34079490579520627,-0.2033176919916138,0.0,1.1168366891418964,-0.49153493941532284,1,20.0,1,1,-0.16799022032731384,-0.16799022032731384
2016-11-08,air_9352c401d5adb01b,0,0,0,0,0,1,0,-0.2375799530715489,-0.4803269492028949,0.0,-1.3155140276248252,-0.07887042723329835,1,5.0,1,1,-0.04694328396130498,-0.04694328396130498
2016-11-09,air_9352c401d5adb01b,0,0,0,0,0,0,1,-0.5242881550817087,-0.5380372111219118,0.0,0.36456327158517854,-0.5919127937298693,1,27.0,1,1,0.15876069558343658,0.15876069558343658
2016-11-10,air_9352c401d5adb01b,0,0,0,0,1,0,0,-0.7307180605290237,-0.7573362064141762,0.0,-1.1149077829430336,-0.6142189835775462,1,19.0,1,1,0.33540330209667285,0.33540330209667285
2016-11-11,air_9352c401d5adb01b,1,0,0,0,0,0,0,-0.3178582496343936,-0.053271011002169695,0.0,0.08872968514771515,-0.3576978003292608,1,22.0,1,1,0.9679304038171742,0.9679304038171742
2016-11-12,air_9352c401d5adb01b,0,0,1,0,0,0,0,-0.24904828115195524,0.004439250916847236,0.0,0.8911546638748813,-0.38000399017693776,1,27.0,1,1,1.8961253876842943,1.8961253876842943
2016-11-14,air_9352c401d5adb01b,0,1,0,0,0,0,0,-0.04261837570464011,-0.34182232059725437,0.0,-1.3155140276248252,0.1776507560149872,1,28.0,1,1,-0.24152812947660104,-0.24152812947660104
2016-11-15,air_9352c401d5adb01b,0,0,0,0,0,1,0,0.10646988934064286,0.23528029859291497,0.0,-0.3626343653863156,0.05496671185276356,1,28.0,1,1,0.09255130658992025,0.09255130658992025
2016-11-16,air_9352c401d5adb01b,0,0,0,0,0,0,1,-0.3293265777147999,-0.2033176919916138,0.0,1.0917609085566724,-0.38000399017693776,1,21.0,1,1,0.4804574596626209,0.4804574596626209
2016-11-17,air_9352c401d5adb01b,0,0,0,0,1,0,0,-0.3063899215539872,-0.06481306338597284,0.0,0.7657757609487617,-0.4692287495676458,1,14.0,1,1,0.513562154159379,0.513562154159379
2016-11-18,air_9352c401d5adb01b,1,0,0,0,0,0,0,-0.3063899215539872,-0.3995325825162713,0.0,-1.1399835635282576,-0.29077923078622986,1,26.0,1,1,1.3752950414414045,1.3752950414414045
2016-11-19,air_9352c401d5adb01b,0,0,1,0,0,0,0,0.11793821742104942,0.16602798429009488,0.0,-0.989528880016914,0.0995790915481176,1,40.0,1,1,1.7126596761984438,1.7126596761984438
2016-11-20,air_9352c401d5adb01b,0,0,0,1,0,0,0,0.22115317014470678,0.16602798429009488,0.0,-1.0647562217725857,0.31148789510104913,1,1.0,1,1,0.6085802085928222,0.6085802085928222
2016-11-21,air_9352c401d5adb01b,0,1,0,0,0,0,0,0.03765992085820476,-0.2033176919916138,0.0,-1.3155140276248252,0.14419147124347162,1,24.0,1,1,-0.17279166456730166,-0.17279166456730166
2016-11-22,air_9352c401d5adb01b,0,0,0,0,0,1,0,0.11793821742104942,0.1429438795224878,0.0,0.5400937356817461,0.11073218647195605,1,32.0,1,1,1.1486163317956635,1.1486163317956635
2016-11-23,air_9352c401d5adb01b,0,0,0,0,0,0,1,-0.3522632338756128,-0.5611213158895185,1.0,-1.3155140276248252,-0.17924828154784486,1,8.0,1,1,0.5666307483908234,0.5666307483908234
2016-11-24,air_9352c401d5adb01b,0,0,0,0,1,0,0,-0.5586931393229277,-0.6188315778085355,0.0,-0.38771014597153947,-0.32423851555774524,1,17.0,1,1,-0.05250285097602773,-0.05250285097602773
2016-11-25,air_9352c401d5adb01b,1,0,0,0,0,0,0,-0.6389714358857727,-0.6419156825761424,0.0,0.8911546638748813,-0.5584535089583538,1,30.0,1,1,1.285078431247949,1.285078431247949
2016-11-26,air_9352c401d5adb01b,0,0,1,0,0,0,0,-0.684844748207398,-0.6188315778085355,0.0,0.4147148327556265,-0.8484339769781548,1,34.0,1,1,1.9256921758989562,1.9256921758989562
2016-11-28,air_9352c401d5adb01b,0,1,0,0,0,0,0,-0.5586931393229277,-0.6072895254247321,0.0,-0.7387710741646746,-0.6030658886537078,1,23.0,1,1,-0.14196133839474825,-0.14196133839474825
2016-11-29,air_9352c401d5adb01b,0,0,0,0,0,1,0,-0.74218638860943,-0.5957474730409288,0.0,0.03857812397726745,-0.8484339769781548,1,27.0,1,1,0.2932011343030957,0.2932011343030957
2016-11-30,air_9352c401d5adb01b,0,0,0,0,0,0,1,-0.6733764201269916,-0.8265885207169965,0.0,-0.914301538261242,-0.6030658886537078,1,31.0,1,1,0.4544285777300553,0.4544285777300553
2016-12-02,air_9352c401d5adb01b,1,0,0,0,0,0,0,-0.5472248112425214,-0.5726633682733221,0.0,0.9663820056305529,-0.5138411292629999,1,53.0,1,1,1.462984575719077,1.462984575719077
2016-12-03,air_9352c401d5adb01b,0,0,1,0,0,0,0,-0.6389714358857727,-0.4803269492028949,0.0,0.7156241997783135,-0.7369030277397698,1,44.0,1,1,2.228688578201346,2.228688578201346
2016-12-05,air_9352c401d5adb01b,0,1,0,0,0,0,0,-0.3751998900364255,-0.36490642536486106,0.0,-0.011573437193180458,-0.32423851555774524,1,14.0,1,1,-0.09748480227696629,-0.09748480227696629
2016-12-06,air_9352c401d5adb01b,0,0,0,0,0,1,0,-0.593098123564147,-0.7342521016465693,0.0,0.1138054657329392,-0.6476782683490617,1,37.0,1,1,0.22774986808431427,0.22774986808431427
2016-12-07,air_9352c401d5adb01b,0,0,0,0,0,0,1,-0.7995280290114619,-0.6996259444951592,0.0,0.3896390521704024,-0.9041994515973473,1,25.0,1,1,0.5924069227318107,0.5924069227318107
2016-12-08,air_9352c401d5adb01b,0,0,0,0,1,0,0,-0.7995280290114619,-0.7688782587979796,0.0,0.8911546638748813,-0.8038215972828008,1,23.0,1,1,0.7048618009841571,0.7048618009841571
2016-12-09,air_9352c401d5adb01b,1,0,0,0,0,0,0,-0.6160347797249597,-0.36490642536486106,0.0,-0.08680077894885221,-0.6142189835775462,1,41.0,1,1,1.8850062536548489,1.8850062536548489
2016-12-10,air_9352c401d5adb01b,0,0,1,0,0,0,0,-0.8109963570918685,-0.7804203111817829,0.0,-0.11187655953407628,-0.8261277871304777,1,32.0,1,1,2.378038764824125,2.378038764824125
2016-12-12,air_9352c401d5adb01b,0,1,0,0,0,0,0,-0.9371479659763388,-1.0574295683930641,0.0,-0.914301538261242,-0.9376587363688627,1,23.0,1,1,0.03518668330164466,0.03518668330164466
2016-12-13,air_9352c401d5adb01b,0,0,0,0,0,1,0,-0.6963130762878046,-0.9420090445550303,0.0,-1.3155140276248252,-0.44692255971996886,1,26.0,1,1,0.4278942806143331,0.4278942806143331
2016-12-14,air_9352c401d5adb01b,0,0,0,0,0,0,1,-0.7765913728506493,-0.9189249397874236,0.0,-0.7638468547498984,-0.8261277871304777,1,25.0,1,1,0.8693744431016347,0.8693744431016347
2016-12-15,air_9352c401d5adb01b,0,0,0,0,1,0,0,-1.212387839906092,-1.5421957685128065,0.0,-1.3155140276248252,-0.9153525465211858,1,27.0,1,1,0.9373527852361991,0.9373527852361991
2016-12-16,air_9352c401d5adb01b,1,0,0,0,0,0,0,-1.2811978083885305,-1.3575229303719523,0.0,-0.3626343653863156,-1.2164861094648252,1,34.0,1,1,2.000746330597713,2.000746330597713
2016-12-17,air_9352c401d5adb01b,0,0,1,0,0,0,0,-1.2467928241473112,-1.1613080398472948,0.0,-0.3626343653863156,-1.3168639637793718,1,43.0,1,1,2.6777499684359967,2.6777499684359967
2016-12-19,air_9352c401d5adb01b,0,1,0,0,0,0,0,-0.7192497324486172,-0.5380372111219118,0.0,0.866078883289657,-0.8707401668258318,1,18.0,1,1,0.39933832276598447,0.39933832276598447
2016-12-20,air_9352c401d5adb01b,0,0,0,0,0,1,0,-0.4554781865992702,-0.5149531063543051,0.0,-0.7136952935794507,-0.29077923078622986,1,24.0,1,1,0.8850423137794897,0.8850423137794897
2016-12-21,air_9352c401d5adb01b,0,0,0,0,0,0,1,-0.40960487427764475,-0.5957474730409288,0.0,-0.588316390653331,-0.2796261358623914,1,39.0,1,1,1.2714322213027205,1.2714322213027205
2016-12-22,air_9352c401d5adb01b,0,0,0,0,1,0,0,-0.20317496883032965,-0.030186906234563007,0.0,-1.3155140276248252,-0.2015544713955218,1,28.0,1,1,2.011360049444002,2.011360049444002
2016-12-23,air_9352c401d5adb01b,1,0,0,0,0,0,0,-0.6389714358857727,-0.8612146778684068,1.0,-0.7387710741646746,-0.4692287495676458,1,36.0,1,1,1.6795549817016855,1.6795549817016855
2016-12-24,air_9352c401d5adb01b,0,0,1,0,0,0,0,-0.7536547166898365,-0.8612146778684068,0.0,-0.036649217778404526,-0.6365251734252233,1,46.0,1,1,1.8410351327202235,1.8410351327202235
2016-12-25,air_9352c401d5adb01b,0,0,0,1,0,0,0,-0.7192497324486172,-0.7342521016465693,0.0,-0.38771014597153947,-0.6030658886537078,1,18.0,1,1,0.7106740755904581,0.7106740755904581
2016-12-26,air_9352c401d5adb01b,0,1,0,0,0,0,0,-0.8454013413330875,-1.2536444589177218,0.0,-1.3155140276248252,-0.5807596988060308,1,31.0,1,1,0.6202047578054244,0.6202047578054244
2016-12-27,air_9352c401d5adb01b,0,0,0,0,0,1,0,-0.6619080920465853,-0.6534577349599457,0.0,-0.8892257576760182,-0.7257499328159313,1,28.0,1,1,1.1364863673999048,1.1364863673999048
2016-12-28,air_9352c401d5adb01b,0,0,0,0,0,0,1,-1.2467928241473112,-1.5075696113613963,0.0,-0.8139984159203464,-0.9934242109880551,1,42.0,1,1,1.924681345532643,1.924681345532643
2016-12-29,air_9352c401d5adb01b,0,0,0,0,1,0,0,-1.3041344645493431,-1.3575229303719523,1.0,-1.0898320023578096,-1.2053330145409866,1,38.0,1,1,1.6388690594575783,1.6388690594575783
2016-12-30,air_9352c401d5adb01b,1,0,0,0,0,0,0,-1.097704559102028,-1.0458875160092609,1.0,-0.08680077894885221,-0.9934242109880551,1,22.0,1,1,1.117027882848375,1.117027882848375
2017-01-04,air_9352c401d5adb01b,0,0,0,0,0,0,1,-0.9486162940567451,-0.630373630192339,0.0,0.8410031027044331,-1.1272613500741173,1,16.0,1,1,-0.5634776011473637,-0.5634776011473637
2017-01-05,air_9352c401d5adb01b,0,0,0,0,1,0,0,-0.9371479659763388,-1.0920557255444745,0.0,-0.43786170714198736,-0.7592092175874467,1,31.0,1,1,-0.1583873318473382,-0.1583873318473382
2017-01-06,air_9352c401d5adb01b,1,0,0,0,0,0,0,-0.9486162940567451,-0.8612146778684068,0.0,0.6153210774374179,-0.8484339769781548,1,32.0,1,1,0.7028401402515306,0.7028401402515306
2017-01-07,air_9352c401d5adb01b,0,0,1,0,0,0,0,-1.0747679029412154,-1.1843921446149015,0.0,-1.1399835635282576,-1.0938020653026017,1,27.0,1,1,1.2388329419891189,1.2388329419891189
2017-01-09,air_9352c401d5adb01b,0,1,0,0,0,0,0,-0.8454013413330875,-0.9766352017064406,1.0,-0.7638468547498984,-0.6476782683490617,1,23.0,1,1,-0.12149202347690542,-0.12149202347690542
2017-01-10,air_9352c401d5adb01b,0,0,0,0,0,1,0,-0.9486162940567451,-0.7111679968789626,0.0,0.9663820056305529,-0.9488118312927013,1,15.0,1,1,-0.07145592034440072,-0.07145592034440072
2017-01-11,air_9352c401d5adb01b,0,0,0,0,0,0,1,-1.15504619950406,-1.1959341969987047,0.0,0.46486639392607415,-1.0268834957595707,1,18.0,1,1,0.14738885396241277,0.14738885396241277
2017-01-12,air_9352c401d5adb01b,0,0,0,0,1,0,0,-1.086236231021622,-1.2190183017663117,0.0,-0.3375585848010917,-1.0380365906834093,1,18.0,1,1,0.13803867307401543,0.13803867307401543
2017-01-13,air_9352c401d5adb01b,1,0,0,0,0,0,0,-1.177982855664873,-1.438317297058576,0.0,-0.8892257576760182,-1.1941799196171483,1,29.0,1,1,1.2024430488018427,1.2024430488018427
2017-01-14,air_9352c401d5adb01b,0,0,1,0,0,0,0,-1.6137793227203159,-1.7268686066536607,0.0,-0.3124828042158677,-1.5510789571799801,1,26.0,1,1,1.5079665270200153,1.5079665270200153
2017-01-15,air_9352c401d5adb01b,0,0,0,1,0,0,0,-1.7284626035243797,-1.9230834971783182,0.0,-0.6384679518237788,-1.5399258622561416,1,6.0,1,1,0.15800257280870167,0.15800257280870167
2017-01-16,air_9352c401d5adb01b,0,1,0,0,0,0,0,-1.5564376823182837,-1.6114480828156268,0.0,-0.061724998363628374,-1.4283949130177567,1,38.0,1,1,-0.20665448183879473,-0.20665448183879473
2017-01-17,air_9352c401d5adb01b,0,0,0,0,0,1,0,-1.3958810891925943,-1.3575229303719523,0.0,0.08872968514771515,-1.4060887231700798,1,15.0,1,1,0.1486523919203043,0.1486523919203043
2017-01-18,air_9352c401d5adb01b,0,0,0,0,0,0,1,-1.2238561679864985,-1.0574295683930641,0.0,0.6654726386078658,-1.261098489160179,1,44.0,1,1,0.4321903096711643,0.4321903096711643
2017-01-19,air_9352c401d5adb01b,0,0,0,0,1,0,0,-1.0518312467804027,-0.9535510969388337,0.0,-0.036649217778404526,-1.0268834957595707,1,24.0,1,1,0.4256199122901283,0.4256199122901283
2017-01-20,air_9352c401d5adb01b,1,0,0,0,0,0,0,-1.3500077768709688,-1.2190183017663117,0.0,-0.41278592655676344,-1.2053330145409866,1,35.0,1,1,1.2267029775933602,1.2267029775933602
2017-01-21,air_9352c401d5adb01b,0,0,1,0,0,0,0,-1.327071120710156,-1.3921490875233624,0.0,-0.26233124304541977,-1.2164861094648252,1,25.0,1,1,1.8440676238191631,1.8440676238191631
2017-01-23,air_9352c401d5adb01b,0,1,0,0,0,0,0,-1.5449693542378775,-1.6691583447346439,0.0,0.5400937356817461,-1.3614763434747257,1,18.0,1,1,-0.21726820068508362,-0.21726820068508362
2017-01-24,air_9352c401d5adb01b,0,0,0,0,0,1,0,-1.5679060103986904,-1.530653716129003,0.0,0.18903280748861095,-1.4507011028654337,1,25.0,1,1,0.22774986808431427,0.22774986808431427
2017-01-25,air_9352c401d5adb01b,0,0,0,0,0,0,1,-1.3385394487905624,-1.3344388256043456,0.0,-0.011573437193180458,-1.2053330145409866,1,22.0,1,1,0.4865224418605002,0.4865224418605002
2017-01-26,air_9352c401d5adb01b,0,0,0,0,1,0,0,-1.327071120710156,-1.1843921446149015,0.0,1.1669882503123445,-1.4060887231700798,1,27.0,1,1,0.5774971748286906,0.5774971748286906
2017-01-27,air_9352c401d5adb01b,1,0,0,0,0,0,0,-1.0747679029412154,-0.930466992171227,0.0,-0.588316390653331,-1.2499453942363408,1,32.0,1,1,1.5269195963883884,1.5269195963883884
2017-01-28,air_9352c401d5adb01b,0,0,1,0,0,0,0,-1.0747679029412154,-0.8381305731007999,0.0,1.1419124697271206,-1.1941799196171483,1,37.0,1,1,2.0207102303323996,2.0207102303323996
2017-01-29,air_9352c401d5adb01b,0,0,0,1,0,0,0,-1.1665145275844666,-1.4844855065937894,0.0,-1.2904382470396012,-1.0157304008357322,1,10.0,1,1,0.6194466350306895,0.6194466350306895
2017-01-30,air_9352c401d5adb01b,0,1,0,0,0,0,0,-0.8798063255743068,-0.7573362064141762,0.0,-0.7889226353351224,-0.7815154074351237,1,21.0,1,1,-0.1553548407483985,-0.1553548407483985
2017-01-31,air_9352c401d5adb01b,0,0,0,0,0,1,0,-1.15504619950406,-1.172850092231098,0.0,0.866078883289657,-1.0491896856072476,1,25.0,1,1,0.24619752226953065,0.24619752226953065
2017-02-01,air_9352c401d5adb01b,0,0,0,0,0,0,1,-1.2238561679864985,-1.0343454636254574,0.0,-0.5381648294828831,-1.2164861094648252,1,27.0,1,1,0.36522279790291307,0.36522279790291307
2017-02-02,air_9352c401d5adb01b,0,0,0,0,1,0,0,-1.1321095433432473,-0.9189249397874236,0.0,0.7657757609487617,-1.2387922993125022,1,12.0,1,1,0.35713615497240725,0.35713615497240725
2017-02-03,air_9352c401d5adb01b,1,0,0,0,0,0,0,-1.0747679029412154,-0.7919623635655862,0.0,1.1920640308975683,-1.2722515840840176,1,33.0,1,1,1.208255323408144,1.208255323408144
2017-02-04,air_9352c401d5adb01b,0,0,1,0,0,0,0,-0.9830212782979642,-0.8842987826360135,0.0,0.36456327158517854,-1.1161082551502788,1,24.0,1,1,1.9026957850653303,1.9026957850653303
2017-02-06,air_9352c401d5adb01b,0,1,0,0,0,0,0,-1.086236231021622,-1.1266818826958844,0.0,-0.43786170714198736,-0.9376587363688627,1,8.0,1,1,-0.18365809100516883,-0.18365809100516883
2017-02-07,air_9352c401d5adb01b,0,0,0,0,0,1,0,-1.200919511825686,-1.230560354150115,0.0,-0.6133921712385549,-1.0268834957595707,1,26.0,1,1,0.16634192333078576,0.16634192333078576
2017-02-08,air_9352c401d5adb01b,0,0,0,0,0,0,1,-1.269729480308124,-1.3344388256043456,0.0,-0.6635437324090028,-1.2722515840840176,1,24.0,1,1,0.47995204447946427,0.47995204447946427
2017-02-09,air_9352c401d5adb01b,0,0,0,0,1,0,0,-1.1894511837452793,-1.1382239350796879,0.0,-0.6384679518237788,-1.0938020653026017,1,31.0,1,1,0.26868849791999994,0.26868849791999994
2017-02-10,air_9352c401d5adb01b,1,0,0,0,0,0,0,-1.5679060103986904,-1.7153265542698573,0.0,-0.036649217778404526,-1.3837825333224025,1,38.0,1,1,1.399554970232922,1.399554970232922
2017-02-11,air_9352c401d5adb01b,0,0,1,0,0,0,0,-1.6137793227203159,-1.5768219256642166,1.0,0.2893359298295068,-1.4953134825607877,1,26.0,1,1,1.805150654716104,1.805150654716104
2017-02-13,air_9352c401d5adb01b,0,1,0,0,0,0,0,-1.2582611522277178,-0.9766352017064406,0.0,0.8410031027044331,-1.3614763434747257,1,25.0,1,1,-0.08282776196542452,-0.08282776196542452
2017-02-14,air_9352c401d5adb01b,0,0,0,0,0,1,0,-1.3385394487905624,-1.2536444589177218,0.0,-0.3626343653863156,-1.2053330145409866,1,22.0,1,1,0.34475348298507025,0.34475348298507025
2017-02-15,air_9352c401d5adb01b,0,0,0,0,0,0,1,-1.212387839906092,-1.0805136731606708,0.0,1.2923671532384642,-1.3391701536270488,1,31.0,1,1,0.7068834617167835,0.7068834617167835
2017-02-16,air_9352c401d5adb01b,0,0,0,0,1,0,0,-0.9371479659763388,-0.5957474730409288,0.0,1.1920640308975683,-1.2387922993125022,1,23.0,1,1,0.7169917653799158,0.7169917653799158
2017-02-17,air_9352c401d5adb01b,1,0,0,0,0,0,0,-0.627503107805366,-0.5957474730409288,0.0,-1.039680441187362,-0.5919127937298693,1,28.0,1,1,1.4905297032011122,1.4905297032011122
2017-02-18,air_9352c401d5adb01b,0,0,1,0,0,0,0,-0.7880597009310556,-0.6534577349599457,0.0,0.6153210774374179,-0.7145968378920928,1,37.0,1,1,1.960060408353606,1.960060408353606
2017-02-19,air_9352c401d5adb01b,0,0,0,1,0,0,0,-0.971552950217558,-1.022803411241654,0.0,1.2923671532384642,-0.9822711160642167,1,8.0,1,1,0.6219737109464726,0.6219737109464726
2017-02-20,air_9352c401d5adb01b,0,1,0,0,0,0,0,-0.8109963570918685,-0.8496726254846032,0.0,-1.2152109052839293,-0.7815154074351237,1,30.0,1,1,-0.20261116037354185,-0.20261116037354185
2017-02-21,air_9352c401d5adb01b,0,0,0,0,0,1,0,-1.1091728871824347,-1.0805136731606708,0.0,0.8410031027044331,-0.9934242109880551,1,24.0,1,1,0.37710005470709346,0.37710005470709346
2017-02-22,air_9352c401d5adb01b,0,0,0,0,0,0,1,-1.2467928241473112,-1.1959341969987047,0.0,-0.7638468547498984,-1.2722515840840176,1,23.0,1,1,0.6937426669547117,0.6937426669547117
2017-02-23,air_9352c401d5adb01b,0,0,0,0,1,0,0,-0.7880597009310556,-0.7804203111817829,0.0,-0.8139984159203464,-0.7034437429682542,1,31.0,1,1,0.645475516963255,0.645475516963255
2017-02-24,air_9352c401d5adb01b,1,0,0,0,0,0,0,-1.0747679029412154,-1.1035977779282777,0.0,0.03857812397726745,-0.9153525465211858,1,30.0,1,1,1.5855477576345556,1.5855477576345556
2017-02-25,air_9352c401d5adb01b,0,0,1,0,0,0,0,-1.1321095433432473,-1.022803411241654,0.0,1.1168366891418964,-1.261098489160179,1,33.0,1,1,2.178652475068841,2.178652475068841
2017-02-26,air_9352c401d5adb01b,0,0,0,1,0,0,0,-1.063299574860809,-0.9766352017064406,0.0,-0.914301538261242,-1.1830268246933098,1,2.0,1,1,0.7687968216534686,0.7687968216534686
2017-02-27,air_9352c401d5adb01b,0,1,0,0,0,0,0,-0.9371479659763388,-0.6765418397275524,0.0,0.8159273221192093,-1.0380365906834093,1,27.0,1,1,0.02381484168062086,0.02381484168062086
2017-02-28,air_9352c401d5adb01b,0,0,0,0,0,1,0,-1.0288945906195899,-0.630373630192339,0.0,1.4428218367498076,-1.1607206348456327,1,24.0,1,1,0.4544285777300553,0.4544285777300553
