visit_date,air_store_id,Friday,Monday,Saturday,Sunday,Thursday,Tuesday,Wednesday,avg_temperature1,high_temperature1,holiday_flg,hours_sunlight1,low_temperature1,train_ind,visitors,Japanese food,TÅkyÅ-to ChÅ«Å-ku Tsukiji,total_area_visitors,total_genre_visitors
2016-03-25,air_e8ed9335d0c38333,1,0,0,0,0,0,0,-1.1619607786005228,-0.9138248824864674,0.0,0.9934646624874978,-1.3464085625811684,1,11.0,1,1,-0.6681365372112524,-0.6681365372112529
2016-03-26,air_e8ed9335d0c38333,0,0,1,0,0,0,0,-1.1750372186412354,-1.1612799601271608,0.0,0.24295008101329782,-1.021673873882121,1,23.0,1,1,-0.6741763292192522,-0.6741763292192525
2016-03-27,air_e8ed9335d0c38333,0,0,0,1,0,0,0,-0.8612026576641277,-0.6924177077553206,0.0,-0.007221446144768911,-0.9092657124093737,1,15.0,1,1,-1.2526833637246106,-1.252683363724611
2016-03-28,air_e8ed9335d0c38333,0,1,0,0,0,0,0,-0.7435146972977122,-0.6012500475719074,0.0,-0.6076331113241291,-0.5345718408335497,1,5.0,1,1,-1.3742670028421688,-1.3742670028421693
2016-03-29,air_e8ed9335d0c38333,0,0,0,0,0,1,0,-0.5212152166055943,-0.3668189213859872,0.0,1.1435675787823383,-0.7344085723406558,1,6.0,1,1,-1.089346379856098,-1.0893463798560985
2016-03-30,air_e8ed9335d0c38333,0,0,0,0,0,0,1,-0.2727628558320507,-0.1844836010191607,0.0,-0.4074958895976757,-0.48461265795677316,1,14.0,1,1,-1.1778424627559192,-1.1778424627559196
2016-04-01,air_e8ed9335d0c38333,1,0,0,0,0,0,0,-0.5473680966870199,-0.39286682429553427,0.0,-0.23237582058702907,-0.6469800023062969,1,51.0,1,1,-0.9262719956401074,-0.9262719956401079
2016-04-02,air_e8ed9335d0c38333,0,0,1,0,0,0,0,-0.848126217623415,-1.0570883484889741,0.0,-1.308113387366716,-0.6969391851830734,1,39.0,1,1,-0.9441287720115846,-0.9441287720115851
2016-04-03,air_e8ed9335d0c38333,0,0,0,1,0,0,0,-0.5081387765648816,-0.5752021446623607,0.0,-1.308113387366716,-0.47212286223757904,1,66.0,1,1,-1.4882352520365971,-1.4882352520365978
2016-04-04,air_e8ed9335d0c38333,0,1,0,0,0,0,0,-0.18122777554706104,0.06297147662153248,0.0,-1.1329933183560692,-0.44714327079919086,1,38.0,1,1,-1.6050920974087646,-1.605092097408765
2016-04-05,air_e8ed9335d0c38333,0,0,0,0,0,1,0,-0.8088968975012764,-1.1222081057628408,0.0,-1.308113387366716,-0.5220820451143556,1,40.0,1,1,-1.3929115781712114,-1.3929115781712118
2016-04-06,air_e8ed9335d0c38333,0,0,0,0,0,0,1,-0.31199217595418927,-0.15843569810961414,0.0,0.7683102880452382,-0.74689836805985,1,55.0,1,1,-1.3233226702529544,-1.3233226702529548
2016-04-09,air_e8ed9335d0c38333,0,0,1,0,0,0,0,0.014918825063631536,0.271354699897906,0.0,0.5681730663187845,-0.29726572216886116,1,67.0,1,1,-0.7679244051695077,-0.7679244051695081
2016-04-10,air_e8ed9335d0c38333,0,0,0,1,0,0,0,0.02799526510434408,0.3234505057169992,0.0,-0.25739297330283567,-0.13489837781933753,1,56.0,1,1,-1.3698028087492995,-1.3698028087493002
2016-04-11,air_e8ed9335d0c38333,0,1,0,0,0,0,0,-0.7042853771755739,-0.5621781932075872,0.0,0.24295008101329782,-0.7344085723406558,1,46.0,1,1,-1.6282008668306762,-1.6282008668306767
2016-04-12,air_e8ed9335d0c38333,0,0,0,0,0,1,0,-0.848126217623415,-0.8226572223030542,0.0,1.543842022235245,-1.021673873882121,1,51.0,1,1,-1.4585614913016425,-1.458561491301643
2016-04-13,air_e8ed9335d0c38333,0,0,0,0,0,0,1,-0.33814505603561484,-0.3147231155668941,0.0,-1.1329933183560692,-0.3347351093264436,1,46.0,1,1,-1.3671768122240824,-1.3671768122240828
2016-04-15,air_e8ed9335d0c38333,1,0,0,0,0,0,0,-0.08969269526207115,-0.0021482806523342012,0.0,1.7189620912458914,-0.28477592644966704,1,43.0,1,1,-0.8926592401173267,-0.8926592401173271
2016-04-16,air_e8ed9335d0c38333,0,0,1,0,0,0,0,-0.15507489546563524,-0.06726803792620088,0.0,-0.33244443145025576,-0.3971840879224143,1,57.0,1,1,-0.6686617365162959,-0.6686617365162963
2016-04-17,air_e8ed9335d0c38333,0,0,0,1,0,0,0,0.2895240659186005,0.21925889407881285,0.0,-0.5575988058925158,0.4146526338252047,1,54.0,1,1,-1.4078797583649496,-1.40787975836495
2016-04-18,air_e8ed9335d0c38333,0,1,0,0,0,0,0,0.250294745796462,0.7011450979054262,0.0,0.4180701500239446,0.0649383536877688,1,37.0,1,1,-1.7211611438233665,-1.7211611438233672
2016-04-19,air_e8ed9335d0c38333,0,0,0,0,0,1,0,-0.10276913530278414,0.06297147662153248,0.0,1.5938763276668582,-0.1598779692577257,1,38.0,1,1,-1.3918611795611244,-1.3918611795611249
2016-04-20,air_e8ed9335d0c38333,0,0,0,0,0,0,1,-0.2727628558320507,-0.27565126120257394,0.0,1.543842022235245,-0.4346534750799966,1,63.0,1,1,-1.2529459633771323,-1.2529459633771327
2016-04-22,air_e8ed9335d0c38333,1,0,0,0,0,0,0,0.04107170514505709,0.2974026028074526,0.0,0.8183445934768513,-0.010000420627396178,1,42.0,1,1,-0.8448661033583729,-0.8448661033583733
2016-04-23,air_e8ed9335d0c38333,0,0,1,0,0,0,0,0.11953034538933374,0.12809123389539914,0.0,-0.7827531803347758,0.08991794512615699,1,46.0,1,1,-0.7437652371375091,-0.7437652371375095
2016-04-24,air_e8ed9335d0c38333,0,0,0,1,0,0,0,-0.16815133550634825,-0.30169916411212055,0.0,-1.0079075547770358,-0.14738817353853162,1,48.0,1,1,-1.385558787900603,-1.3855587879006035
2016-04-25,air_e8ed9335d0c38333,0,1,0,0,0,0,0,0.14568322547075976,0.21925889407881285,0.0,0.8683788989084644,0.027468966530186316,1,32.0,1,1,-1.5788321321565921,-1.5788321321565926
2016-04-26,air_e8ed9335d0c38333,0,0,0,0,0,1,0,0.2895240659186005,0.47973792317427955,0.0,1.4187562586562115,0.11489753656454517,1,36.0,1,1,-1.291285512645304,-1.2912855126453044
2016-04-27,air_e8ed9335d0c38333,0,0,0,0,0,0,1,0.14568322547075976,0.04994752516675942,0.0,-1.233061929219296,0.2397954937564865,1,33.0,1,1,-1.2710653394011313,-1.2710653394011318
2016-04-29,air_e8ed9335d0c38333,1,0,0,0,0,0,0,-0.15507489546563524,-0.0021482806523342012,1.0,1.0434989679191113,-0.23481674357289045,1,73.0,1,1,-0.8396141103079384,-0.8396141103079389
2016-04-30,air_e8ed9335d0c38333,0,0,1,0,0,0,0,-0.1289220153842097,0.036923573711985895,0.0,1.4437734113720182,-0.3472249050456377,1,65.0,1,1,-0.8855690494992401,-0.8855690494992405
2016-05-01,air_e8ed9335d0c38333,0,0,0,1,0,0,0,0.1587596655114723,0.46671397171950607,0.0,0.9434303570558846,-0.1723677649769198,1,68.0,1,1,-1.1773172634508757,-1.1773172634508762
2016-05-02,air_e8ed9335d0c38333,0,1,0,0,0,0,0,0.05414814518576963,-0.0021482806523342012,0.0,-0.4325130423134824,-0.010000420627396178,1,67.0,1,1,-1.3225348712953893,-1.3225348712953897
2016-05-03,air_e8ed9335d0c38333,0,0,0,0,0,1,0,0.4464413464071543,0.4276421173551859,1.0,0.19291577558168443,0.4771016124211753,1,103.0,1,1,-1.0252720646407973,-1.0252720646407978
2016-05-04,air_e8ed9335d0c38333,0,0,0,0,0,0,1,0.6687408270992726,0.7271930008149727,1.0,0.9934646624874978,0.6769383439282812,1,89.0,1,1,-1.0843569864581855,-1.084356986458186
2016-05-05,air_e8ed9335d0c38333,0,0,0,0,1,0,0,0.6687408270992726,0.7792888066340659,1.0,1.768996396677505,0.4771016124211753,1,76.0,1,1,-1.2844579216797392,-1.2844579216797396
2016-05-06,air_e8ed9335d0c38333,1,0,0,0,0,0,0,0.14568322547075976,0.14111518535017267,0.0,-1.2830962346509094,0.2397954937564865,1,31.0,1,1,-1.4454315086755563,-1.4454315086755567
2016-05-07,air_e8ed9335d0c38333,0,0,1,0,0,0,0,0.551052866732857,0.6490492920863326,0.0,1.5688591749510514,0.2647750851948749,1,66.0,1,1,-1.0000624979987118,-1.0000624979987123
2016-05-08,air_e8ed9335d0c38333,0,0,0,1,0,0,0,0.56412930677357,0.7271930008149727,0.0,1.6689277858142784,0.48959140814036917,1,66.0,1,1,-1.3556224275131266,-1.355622427513127
2016-05-09,air_e8ed9335d0c38333,0,1,0,0,0,0,0,0.19798898563361086,0.04994752516675942,0.0,-1.308113387366716,0.36469345094842787,1,19.0,1,1,-1.8025670361051012,-1.8025670361051016
2016-05-10,air_e8ed9335d0c38333,0,0,0,0,0,1,0,0.18491254559289785,0.1541391368049462,0.0,-1.2830962346509094,0.35220365522923397,1,26.0,1,1,-1.6329276605760672,-1.6329276605760676
2016-05-11,air_e8ed9335d0c38333,0,0,0,0,0,0,1,0.5772057468142825,0.7402169522697463,0.0,-0.8828217911980025,0.3397138595100397,1,53.0,1,1,-1.4344023232696437,-1.4344023232696441
2016-05-13,air_e8ed9335d0c38333,1,0,0,0,0,0,0,0.551052866732857,0.6620732435411061,0.0,1.4687905640878247,0.40216283810601033,1,29.0,1,1,-0.9357255831308895,-0.9357255831308899
2016-05-14,air_e8ed9335d0c38333,0,0,1,0,0,0,0,0.36798270616287765,0.44066606880995945,0.0,0.918413204340078,0.13987712800293356,1,64.0,1,1,-0.7679244051695077,-0.7679244051695081
2016-05-15,air_e8ed9335d0c38333,0,0,0,1,0,0,0,0.08030102526719565,0.2974026028074526,0.0,1.8190307021091183,-0.09742899066175503,1,58.0,1,1,-1.410243155237645,-1.4102431552376455
2016-05-16,air_e8ed9335d0c38333,0,1,0,0,0,0,0,0.263371185837175,0.24530679698835944,0.0,-0.8578046384821959,0.11489753656454517,1,39.0,1,1,-1.738755320542322,-1.7387553205423225
2016-05-17,air_e8ed9335d0c38333,0,0,0,0,0,1,0,0.17183610555218531,-0.11936384374529403,0.0,-1.308113387366716,0.20232610659890424,1,23.0,1,1,-1.558874558564941,-1.5588745585649415
2016-05-18,air_e8ed9335d0c38333,0,0,0,0,0,0,1,0.3941355862443032,0.8053367095436129,0.0,2.0441850765513783,-0.022490216346590267,1,33.0,1,1,-1.3469566389799097,-1.3469566389799101
2016-05-20,air_e8ed9335d0c38333,1,0,0,0,0,0,0,0.02799526510434408,-0.08029198938097394,0.0,-0.8828217911980025,0.13987712800293356,1,33.0,1,1,-0.935200383825846,-0.9352003838258465
2016-05-21,air_e8ed9335d0c38333,0,0,1,0,0,0,0,0.276447625877888,0.6360253406315595,0.0,1.7189620912458914,-0.05995960350417254,1,63.0,1,1,-0.6479163639670797,-0.6479163639670801
2016-05-22,air_e8ed9335d0c38333,0,0,0,1,0,0,0,0.7079701472214107,1.0267438842747596,0.0,1.9691336184039583,0.4521220209827867,1,64.0,1,1,-1.4144447496779926,-1.4144447496779933
2016-05-23,air_e8ed9335d0c38333,0,1,0,0,0,0,0,0.851810987669252,1.2351271075511325,0.0,1.8190307021091183,0.22730569803729242,1,33.0,1,1,-1.6253122706529373,-1.6253122706529377
2016-05-24,air_e8ed9335d0c38333,0,0,0,0,0,1,0,0.838734547628539,1.0267438842747596,0.0,0.8683788989084644,0.5895097738939223,1,32.0,1,1,-1.5092432242383351,-1.5092432242383356
2016-05-25,air_e8ed9335d0c38333,0,0,0,0,0,0,1,0.6818172671399853,0.40159421444563936,0.0,-1.308113387366716,0.9017546668737757,1,34.0,1,1,-1.2954871070856517,-1.2954871070856522
2016-05-27,air_e8ed9335d0c38333,1,0,0,0,0,0,0,0.3156769460000261,0.12809123389539914,0.0,-1.233061929219296,0.2397954937564865,1,19.0,1,1,-0.9522693612397581,-0.9522693612397585
2016-05-28,air_e8ed9335d0c38333,0,0,1,0,0,0,0,0.30260050595931354,0.34949840862654624,0.0,-1.2580790819351026,0.22730569803729242,1,52.0,1,1,-0.7490172301879435,-0.749017230187944
2016-05-29,air_e8ed9335d0c38333,0,0,0,1,0,0,0,0.6164350669364211,0.8444085639079326,0.0,1.2936704950771782,0.35220365522923397,1,50.0,1,1,-1.2744791348839137,-1.2744791348839142
2016-05-30,air_e8ed9335d0c38333,0,1,0,0,0,0,0,0.05414814518576963,-0.015172232107107258,0.0,-1.308113387366716,0.2647750851948749,1,36.0,1,1,-1.6116570887218076,-1.611657088721808
2016-06-01,air_e8ed9335d0c38333,0,0,0,0,0,0,1,0.5902821868549956,0.6490492920863326,0.0,0.11786431743426445,0.5895097738939223,1,35.0,1,1,-1.3965879733065154,-1.3965879733065159
2016-06-03,air_e8ed9335d0c38333,1,0,0,0,0,0,0,0.3156769460000261,0.3625223600813193,0.0,1.8690650075407313,0.11489753656454517,1,50.0,1,1,-1.012404681667233,-1.0124046816672334
2016-06-04,air_e8ed9335d0c38333,0,0,1,0,0,0,0,0.6164350669364211,0.7532409037245194,0.0,0.693258829897818,0.37718324666762215,1,49.0,1,1,-0.8312109214272432,-0.8312109214272436
2016-06-05,air_e8ed9335d0c38333,0,0,0,1,0,0,0,0.30260050595931354,0.25833074844313253,0.0,-0.6076331113241291,0.38967304238681605,1,50.0,1,1,-1.444643709717991,-1.4446437097179914
2016-06-06,air_e8ed9335d0c38333,0,1,0,0,0,0,0,0.3941355862443032,0.3234505057169992,0.0,-1.1830276237876827,0.37718324666762215,1,30.0,1,1,-1.6405430504991974,-1.6405430504991978
2016-06-07,air_e8ed9335d0c38333,0,0,0,0,0,1,0,0.3418298260814521,-0.06726803792620088,0.0,-1.308113387366716,0.6394689567706987,1,21.0,1,1,-1.489548250299206,-1.4895482502992063
2016-06-08,air_e8ed9335d0c38333,0,0,0,0,0,0,1,0.6425879470178466,0.7662648551792929,0.0,0.11786431743426445,0.40216283810601033,1,38.0,1,1,-1.31807067720252,-1.3180706772025204
2016-06-10,air_e8ed9335d0c38333,1,0,0,0,0,0,0,0.851810987669252,0.9616241270008928,0.0,1.2436361896455645,0.76436691396264,1,33.0,1,1,-0.9136672123190647,-0.913667212319065
2016-06-11,air_e8ed9335d0c38333,0,0,1,0,0,0,0,0.851810987669252,1.000695981365213,0.0,1.368721953224598,0.577019978174728,1,52.0,1,1,-0.7463912336627263,-0.7463912336627267
2016-06-12,air_e8ed9335d0c38333,0,0,0,1,0,0,0,0.9041167478321032,0.8965043697270262,0.0,0.2929843864449112,0.8892648711545814,1,63.0,1,1,-1.4010521673993848,-1.4010521673993852
2016-06-13,air_e8ed9335d0c38333,0,1,0,0,0,0,0,0.36798270616287765,0.16716308825971926,0.0,-1.308113387366716,0.6269791610515049,1,14.0,1,1,-1.7043547660619762,-1.7043547660619767
2016-06-14,air_e8ed9335d0c38333,0,0,0,0,0,1,0,0.6818172671399853,0.6230013891767859,0.0,-0.007221446144768911,0.6394689567706987,1,21.0,1,1,-1.4120813528052971,-1.4120813528052976
2016-06-15,air_e8ed9335d0c38333,0,0,0,0,0,0,1,0.49874710657000587,0.10204333098585257,0.0,-1.308113387366716,0.7893465054010287,1,48.0,1,1,-1.3495826355051268,-1.3495826355051272
2016-06-17,air_e8ed9335d0c38333,1,0,0,0,0,0,0,0.9433460679542417,1.013719932819986,0.0,0.7432931353294311,0.76436691396264,1,36.0,1,1,-0.8393515106554167,-0.8393515106554171
2016-06-18,air_e8ed9335d0c38333,0,0,1,0,0,0,0,1.2702570689720623,1.5086300881013728,0.0,2.019167923835572,0.9766934411889407,1,42.0,1,1,-0.7437652371375091,-0.7437652371375095
2016-06-19,air_e8ed9335d0c38333,0,0,0,1,0,0,0,0.9564225079949547,1.0267438842747596,0.0,-0.25739297330283567,1.0141628283465227,1,43.0,1,1,-1.39422457643382,-1.3942245764338204
2016-06-20,air_e8ed9335d0c38333,0,1,0,0,0,0,0,0.9564225079949547,0.9616241270008928,0.0,0.16789862286587784,0.8892648711545814,1,29.0,1,1,-1.6723176084543259,-1.6723176084543263
2016-06-21,air_e8ed9335d0c38333,0,0,0,0,0,1,0,0.7471994673435494,0.5578816319029193,0.0,-0.6826845694715491,0.9891832369081346,1,24.0,1,1,-1.4480575052007734,-1.4480575052007738
2016-06-22,air_e8ed9335d0c38333,0,0,0,0,0,0,1,0.7471994673435494,0.3234505057169992,0.0,-1.308113387366716,0.9766934411889407,1,25.0,1,1,-1.3829327913753857,-1.3829327913753862
2016-06-24,air_e8ed9335d0c38333,1,0,0,0,0,0,0,0.7471994673435494,0.5057858260838262,0.0,-1.308113387366716,0.9517138497505521,1,34.0,1,1,-0.8621976804248067,-0.8621976804248072
2016-06-25,air_e8ed9335d0c38333,0,0,1,0,0,0,0,1.1002633484427955,0.9486001755461193,0.0,-1.308113387366716,1.0766118069424935,1,56.0,1,1,-0.6920331055907294,-0.6920331055907298
2016-06-26,air_e8ed9335d0c38333,0,0,0,1,0,0,0,1.1133397884835086,1.1179115444581729,0.0,1.1435675787823383,1.026652624065717,1,67.0,1,1,-1.2823571244595655,-1.282357124459566
2016-06-27,air_e8ed9335d0c38333,0,1,0,0,0,0,0,0.9694989480356673,0.9746480784556659,0.0,1.2936704950771782,0.9517138497505521,1,33.0,1,1,-1.61507088420459,-1.6150708842045904
2016-06-28,air_e8ed9335d0c38333,0,0,0,0,0,1,0,0.276447625877888,0.18018703971449276,0.0,-1.308113387366716,0.4771016124211753,1,20.0,1,1,-1.4622378864369465,-1.462237886436947
2016-06-29,air_e8ed9335d0c38333,0,0,0,0,0,0,1,0.5902821868549956,0.3625223600813193,0.0,-1.308113387366716,0.726897526805058,1,41.0,1,1,-1.2768425317566092,-1.2768425317566097
2016-07-01,air_e8ed9335d0c38333,1,0,0,0,0,0,0,1.1264162285242214,1.196055253186813,0.0,-0.20735866787122226,1.0891016026616878,1,37.0,1,1,1.4392256742755845,1.439225674275584
2016-07-02,air_e8ed9335d0c38333,0,0,1,0,0,0,0,1.3094863890942008,1.3523426706440929,0.0,0.4180701500239446,1.2639587427304055,1,44.0,1,1,1.548992329029665,1.5489923290296648
2016-07-03,air_e8ed9335d0c38333,0,0,0,1,0,0,0,1.5971680699898827,1.8212049230159326,0.0,0.5931902190345911,1.4138362913607354,1,52.0,1,1,0.1784847425187864,0.17848474251878604
2016-07-04,air_e8ed9335d0c38333,0,1,0,0,0,0,0,1.4140979094199035,1.6128216997395592,0.0,0.46810445545555773,1.288938334168794,1,34.0,1,1,-0.3540673527952703,-0.3540673527952707
2016-07-05,air_e8ed9335d0c38333,0,0,0,0,0,1,0,0.6164350669364211,0.5448576804481462,0.0,-1.308113387366716,0.8642852797161932,1,25.0,1,1,0.10626983807531223,0.10626983807531187
2016-07-06,air_e8ed9335d0c38333,0,0,0,0,0,0,1,0.7995052275064009,0.7141690493601992,0.0,-0.28241012601864246,0.9017546668737757,1,21.0,1,1,0.4234902183215551,0.42349021832155476
2016-07-08,air_e8ed9335d0c38333,1,0,0,0,0,0,0,1.0871869084020829,1.0918636415486263,0.0,-0.7827531803347758,1.101591398380882,1,37.0,1,1,1.2968966626088099,1.2968966626088096
2016-07-09,air_e8ed9335d0c38333,0,0,1,0,0,0,0,0.7079701472214107,0.45369002026473254,0.0,-1.308113387366716,0.8767750754353876,1,28.0,1,1,1.5067137849736674,1.5067137849736671
2016-07-10,air_e8ed9335d0c38333,0,0,0,1,0,0,0,1.1264162285242214,1.2872229133702262,0.0,1.6188934803826647,0.8642852797161932,1,59.0,1,1,0.289301795882954,0.2893017958829537
2016-07-11,air_e8ed9335d0c38333,0,1,0,0,0,0,0,1.440250789501329,1.5737498453752394,0.0,1.8190307021091183,1.1265709898192702,1,38.0,1,1,-0.38899310658065966,-0.38899310658066005
2016-07-12,air_e8ed9335d0c38333,0,0,0,0,0,1,0,1.3225628291349139,1.3523426706440929,0.0,0.2679672337291044,1.4138362913607354,1,22.0,1,1,0.1167738241761812,0.11677382417618085
2016-07-13,air_e8ed9335d0c38333,0,0,0,0,0,0,1,1.0610340283206574,0.8053367095436129,0.0,-1.308113387366716,1.2764485384495998,1,34.0,1,1,0.16745555711287397,0.16745555711287363
2016-07-15,air_e8ed9335d0c38333,1,0,0,0,0,0,0,0.6818172671399853,0.3364744571717727,0.0,-1.308113387366716,0.9642036454697464,1,27.0,1,1,1.148265259281514,1.1482652592815137
2016-07-16,air_e8ed9335d0c38333,0,0,1,0,0,0,0,0.9302696279135291,0.818360660998386,0.0,-0.9078389439138091,0.8517954839969993,1,49.0,1,1,1.4654856395277567,1.4654856395277565
2016-07-17,air_e8ed9335d0c38333,0,0,0,1,0,0,0,1.1656455486463595,0.9616241270008928,0.0,-1.2830962346509094,1.288938334168794,1,59.0,1,1,0.816864497799098,0.8168644977990976
2016-07-18,air_e8ed9335d0c38333,0,1,0,0,0,0,0,1.5317858697863187,1.5737498453752394,1.0,0.5681730663187845,1.4637954742375117,1,42.0,1,1,-0.25244128726936305,-0.25244128726936343
2016-07-19,air_e8ed9335d0c38333,0,0,0,0,0,1,0,1.3487157092163393,1.417462427917959,0.0,0.24295008101329782,1.301428129887988,1,32.0,1,1,-0.12954464988919612,-0.12954464988919648
2016-07-20,air_e8ed9335d0c38333,0,0,0,0,0,0,1,1.217951308809211,1.1048875930033992,0.0,-0.1573243624396091,1.2514689470112115,1,21.0,1,1,0.20763330394869778,0.20763330394869745
2016-07-22,air_e8ed9335d0c38333,1,0,0,0,0,0,0,0.5772057468142825,0.16716308825971926,0.0,-1.308113387366716,0.8892648711545814,1,21.0,1,1,1.192907200210207,1.1929072002102068
2016-07-23,air_e8ed9335d0c38333,0,0,1,0,0,0,0,0.7079701472214107,0.7402169522697463,0.0,-0.9578732493454226,0.8143260968394168,1,49.0,1,1,1.4142787072860206,1.4142787072860203
2016-07-24,air_e8ed9335d0c38333,0,0,0,1,0,0,0,0.9041167478321032,0.9876720299104395,0.0,0.5181387608871711,0.7144077310858638,1,41.0,1,1,0.16299136302000466,0.1629913630200043
2016-07-25,air_e8ed9335d0c38333,0,1,0,0,0,0,0,1.0087282681578058,0.8444085639079326,0.0,-1.1079761656402627,0.9766934411889407,1,37.0,1,1,-0.2878922403597958,-0.2878922403597962
2016-07-26,air_e8ed9335d0c38333,0,0,0,0,0,1,0,0.8910403077913905,0.7792888066340659,0.0,-1.2830962346509094,1.0141628283465227,1,37.0,1,1,0.22443968171008813,0.2244396817100878
2016-07-27,air_e8ed9335d0c38333,0,0,0,0,0,0,1,0.9825753880763802,0.7662648551792929,0.0,-1.233061929219296,1.139060785538464,1,37.0,1,1,0.36703129302938436,0.36703129302938403
2016-07-29,air_e8ed9335d0c38333,1,0,0,0,0,0,0,1.3356392691756263,1.4304863793727327,0.0,1.5688591749510514,1.2015097641344348,1,24.0,1,1,1.3656977715695016,1.3656977715695013
2016-07-30,air_e8ed9335d0c38333,0,0,1,0,0,0,0,1.3356392691756263,1.4956061366465994,0.0,1.393739105940405,1.101591398380882,1,39.0,1,1,1.4486792617663664,1.4486792617663662
2016-07-31,air_e8ed9335d0c38333,0,0,0,1,0,0,0,1.374868589297765,1.2221031560963596,0.0,0.4180701500239446,1.3888566999223468,1,37.0,1,1,0.19450332132261156,0.19450332132261122
2016-08-01,air_e8ed9335d0c38333,0,1,0,0,0,0,0,1.361792149257052,1.3132708162797728,0.0,-0.8327874857663892,1.4138362913607354,1,25.0,1,1,-0.32623178962796756,-0.32623178962796795
2016-08-02,air_e8ed9335d0c38333,0,0,0,0,0,1,0,1.1656455486463595,1.0397678357295326,0.0,-0.8828217911980025,1.1515505812576583,1,20.0,1,1,-0.07676211973232955,-0.07676211973232991
2016-08-03,air_e8ed9335d0c38333,0,0,0,0,0,0,1,1.2833335090127753,1.3783905735536395,0.0,-0.28241012601864246,1.2639587427304055,1,26.0,1,1,0.23967046155634814,0.2396704615563478
2016-08-05,air_e8ed9335d0c38333,1,0,0,0,0,0,0,1.5317858697863187,1.560725893920466,0.0,1.393739105940405,1.4138362913607354,1,29.0,1,1,1.072111360050214,1.0721113600502137
2016-08-06,air_e8ed9335d0c38333,0,0,1,0,0,0,0,1.5840916299491703,1.6649175055586534,0.0,0.8933960516242715,1.5637138399910648,1,52.0,1,1,0.9008963866060498,0.9008963866060494
2016-08-07,air_e8ed9335d0c38333,0,0,0,1,0,0,0,1.518709429745606,1.586773796830013,0.0,1.4938077168036312,1.4013464956415411,1,40.0,1,1,0.05506290583357601,0.055062905833575655
2016-08-08,air_e8ed9335d0c38333,0,1,0,0,0,0,0,1.5056329897048932,1.5346779910109198,0.0,-0.1573243624396091,1.5012648613950943,1,32.0,1,1,-0.31310180700188134,-0.3131018070018817
2016-08-09,air_e8ed9335d0c38333,0,0,0,0,0,1,0,1.9502319510891288,2.12075580647572,0.0,0.7182759826136245,1.5512240442718706,1,27.0,1,1,0.2751214146467809,0.2751214146467806
2016-08-10,air_e8ed9335d0c38333,0,0,0,0,0,0,1,1.5840916299491703,1.6388696026491063,0.0,-0.08227290429218889,1.5886934314294532,1,31.0,1,1,0.9849282754130014,0.9849282754130012
2016-08-11,air_e8ed9335d0c38333,0,0,0,0,1,0,0,1.3487157092163393,1.3914145250084131,1.0,-0.08227290429218889,1.4887750656759,1,51.0,1,1,0.76539496590484,0.7653949659048397
2016-08-12,air_e8ed9335d0c38333,1,0,0,0,0,0,0,1.2702570689720623,1.365366622098866,0.0,0.06783001200265107,1.3638771084839585,1,51.0,1,1,0.4594663707170313,0.459466370717031
2016-08-13,air_e8ed9335d0c38333,0,0,1,0,0,0,0,1.2441041888906368,1.3523426706440929,1.0,0.4931216081713646,1.2514689470112115,1,39.0,1,1,0.576848415394242,0.5768484153942417
2016-08-14,air_e8ed9335d0c38333,0,0,0,1,0,0,0,1.1787219886870726,1.1700073502772659,1.0,-0.35746158416606244,1.2764485384495998,1,52.0,1,1,-0.15606721479389027,-0.15606721479389063
2016-08-15,air_e8ed9335d0c38333,0,1,0,0,0,0,0,1.2571806289313496,1.2221031560963596,1.0,-1.1329933183560692,1.3888566999223468,1,75.0,1,1,-0.5279083227646517,-0.5279083227646522
2016-08-16,air_e8ed9335d0c38333,0,0,0,0,0,1,0,1.2964099490534877,1.5216540395561464,0.0,-0.7827531803347758,1.301428129887988,1,58.0,1,1,-0.4446642329152652,-0.4446642329152656
2016-08-17,air_e8ed9335d0c38333,0,0,0,0,0,0,1,1.5317858697863187,1.677941457013426,0.0,1.1936018842139513,1.213999559853629,1,21.0,1,1,-0.0893669030533723,-0.08936690305337268
2016-08-19,air_e8ed9335d0c38333,1,0,0,0,0,0,0,1.3879450293384779,1.417462427917959,0.0,0.4180701500239446,1.4637954742375117,1,33.0,1,1,1.0461139944505633,1.0461139944505629
2016-08-20,air_e8ed9335d0c38333,0,0,1,0,0,0,0,1.139492668564934,1.1179115444581729,0.0,-0.9078389439138091,1.3513873127647646,1,28.0,1,1,0.9631325042536983,0.9631325042536981
2016-08-21,air_e8ed9335d0c38333,0,0,0,1,0,0,0,1.427174349460616,1.5737498453752394,0.0,0.6682416771820113,1.2764485384495998,1,51.0,1,1,-0.08070111452015541,-0.08070111452015577
2016-08-22,air_e8ed9335d0c38333,0,1,0,0,0,0,0,1.139492668564934,0.8965043697270262,0.0,-1.308113387366716,1.2389791512920172,1,7.0,1,1,-0.9197070043270643,-0.9197070043270648
2016-08-23,air_e8ed9335d0c38333,0,0,0,0,0,1,0,1.2833335090127753,1.1700073502772659,0.0,-0.8828217911980025,1.3638771084839585,1,13.0,1,1,0.05978969957896704,0.05978969957896669
2016-08-24,air_e8ed9335d0c38333,0,0,0,0,0,0,1,1.2441041888906368,1.2741989619154528,0.0,-0.8327874857663892,1.2764485384495998,1,29.0,1,1,0.19397812201756812,0.19397812201756778
2016-08-26,air_e8ed9335d0c38333,1,0,0,0,0,0,0,1.4794801096234675,1.4825821851918257,0.0,1.2436361896455645,1.3388975170455704,1,39.0,1,1,1.2564563161204643,1.256456316120464
2016-08-27,air_e8ed9335d0c38333,0,0,1,0,0,0,0,0.9564225079949547,0.7271930008149727,0.0,-1.308113387366716,1.0391424197849113,1,37.0,1,1,1.3008356573966358,1.3008356573966355
2016-08-28,air_e8ed9335d0c38333,0,0,0,1,0,0,0,0.7341230273028367,0.4146181659004129,0.0,-1.308113387366716,1.0016730326273289,1,43.0,1,1,0.307421171906953,0.3074211719069527
2016-08-29,air_e8ed9335d0c38333,0,1,0,0,0,0,0,1.1264162285242214,1.1309354959129463,0.0,-0.6576674167557425,1.101591398380882,1,18.0,1,1,-0.5174043366637828,-0.5174043366637832
2016-08-30,air_e8ed9335d0c38333,0,0,0,0,0,1,0,1.0610340283206574,0.8704564668174797,0.0,-1.158010471071876,1.1515505812576583,1,16.0,1,1,0.04114512424992463,0.04114512424992427
2016-08-31,air_e8ed9335d0c38333,0,0,0,0,0,0,1,1.2833335090127753,1.2611750104606796,0.0,1.5188248695194384,1.1515505812576583,1,26.0,1,1,0.34392252360747266,0.34392252360747233
2016-09-02,air_e8ed9335d0c38333,1,0,0,0,0,0,0,1.2702570689720623,1.0918636415486263,0.0,-0.08227290429218889,1.213999559853629,1,30.0,1,1,0.9150767678422228,0.9150767678422226
2016-09-03,air_e8ed9335d0c38333,0,0,1,0,0,0,0,1.3356392691756263,1.4435103308275061,0.0,0.543155913602978,1.4138362913607354,1,38.0,1,1,1.325257425081156,1.3252574250811557
2016-09-04,air_e8ed9335d0c38333,0,0,0,1,0,0,0,1.2702570689720623,1.365366622098866,0.0,-0.18234151515541566,1.3388975170455704,1,45.0,1,1,-0.03343317706624505,-0.03343317706624541
2016-09-05,air_e8ed9335d0c38333,0,1,0,0,0,0,0,1.4925565496641802,1.5086300881013728,0.0,1.0935332733507246,1.4388158827991235,1,36.0,1,1,-0.45333002144848206,-0.45333002144848245
2016-09-06,air_e8ed9335d0c38333,0,0,0,0,0,1,0,1.5448623098270318,1.4304863793727327,0.0,1.0935332733507246,1.5762036357102587,1,31.0,1,1,0.04114512424992463,0.04114512424992427
2016-09-09,air_e8ed9335d0c38333,1,0,0,0,0,0,0,1.3094863890942008,1.4435103308275061,0.0,0.017795706571037673,1.1640403769768528,1,26.0,1,1,1.1382864724856885,1.138286472485688
2016-09-10,air_e8ed9335d0c38333,0,0,1,0,0,0,0,1.2571806289313496,1.2741989619154528,0.0,-0.28241012601864246,1.2514689470112115,1,38.0,1,1,1.4959471992202769,1.4959471992202766
2016-09-11,air_e8ed9335d0c38333,0,0,0,1,0,0,0,0.8125816675471135,0.47973792317427955,0.0,-1.2580790819351026,0.9392240540313582,1,31.0,1,1,0.27538401429930265,0.2753840142993023
2016-09-12,air_e8ed9335d0c38333,0,1,0,0,0,0,0,1.0087282681578058,0.818360660998386,0.0,-1.233061929219296,1.1515505812576583,1,22.0,1,1,-0.4383618412547438,-0.4383618412547442
2016-09-13,air_e8ed9335d0c38333,0,0,0,0,0,1,0,0.7341230273028367,0.3234505057169992,0.0,-1.308113387366716,1.0141628283465227,1,23.0,1,1,-0.07439872285963403,-0.07439872285963439
2016-09-14,air_e8ed9335d0c38333,0,0,0,0,0,0,1,0.7995052275064009,0.6750971949958796,0.0,-1.233061929219296,0.91424446259297,1,41.0,1,1,0.20316910985582848,0.20316910985582812
2016-09-16,air_e8ed9335d0c38333,1,0,0,0,0,0,0,0.7733523474249748,0.38857026299086583,0.0,-1.308113387366716,1.0766118069424935,1,21.0,1,1,1.0904933357267346,1.0904933357267343
2016-09-17,air_e8ed9335d0c38333,0,0,1,0,0,0,0,1.0871869084020829,1.0397678357295326,0.0,0.017795706571037673,1.0391424197849113,1,43.0,1,1,1.4153291058961075,1.4153291058961073
2016-09-18,air_e8ed9335d0c38333,0,0,0,1,0,0,0,0.9956518281170932,0.7141690493601992,0.0,-1.308113387366716,1.1140811941000759,1,60.0,1,1,0.5876150011476328,0.5876150011476324
2016-09-19,air_e8ed9335d0c38333,0,1,0,0,0,0,0,0.56412930677357,0.19321099116926582,1.0,-1.308113387366716,0.7393873225242519,1,48.0,1,1,-0.44046263847491757,-0.44046263847491796
2016-09-20,air_e8ed9335d0c38333,0,0,0,0,0,1,0,0.276447625877888,-0.1714596495643872,0.0,-1.308113387366716,0.539550591017146,1,15.0,1,1,-0.7805291884905504,-0.7805291884905509
2016-09-21,air_e8ed9335d0c38333,0,0,0,0,0,0,1,0.40721202628501624,0.2322828455335859,0.0,-1.2830962346509094,0.539550591017146,1,20.0,1,1,0.7336204079497114,0.7336204079497111
2016-09-22,air_e8ed9335d0c38333,0,0,0,0,1,0,0,0.3156769460000261,-0.06726803792620088,1.0,-1.308113387366716,0.6019995696131166,1,12.0,1,1,0.26566782715599885,0.2656678271559985
2016-09-23,air_e8ed9335d0c38333,1,0,0,0,0,0,0,0.49874710657000587,0.08901937953107951,0.0,-1.308113387366716,0.76436691396264,1,23.0,1,1,0.6038961796039797,0.6038961796039793
2016-09-24,air_e8ed9335d0c38333,0,0,1,0,0,0,0,0.6295115069771341,0.3234505057169992,0.0,-1.308113387366716,0.9392240540313582,1,33.0,1,1,1.2561937164679426,1.2561937164679424
2016-09-25,air_e8ed9335d0c38333,0,0,0,1,0,0,0,0.864887427709965,0.9095283211817993,0.0,-0.4575301950292891,0.8767750754353876,1,29.0,1,1,0.20710810464365434,0.20710810464365398
2016-09-26,air_e8ed9335d0c38333,0,1,0,0,0,0,0,1.1002633484427955,1.1309354959129463,0.0,-0.5325816531767091,1.0766118069424935,1,41.0,1,1,-0.2779134535639703,-0.2779134535639707
2016-09-27,air_e8ed9335d0c38333,0,0,0,0,0,1,0,1.1264162285242214,1.0918636415486263,0.0,-0.7327188749031626,1.189019968415241,1,16.0,1,1,0.16036536649478741,0.16036536649478708
2016-09-28,air_e8ed9335d0c38333,0,0,0,0,0,0,1,1.2441041888906368,1.196055253186813,0.0,-0.7827531803347758,1.3388975170455704,1,31.0,1,1,0.24124605947147848,0.24124605947147815
2016-09-30,air_e8ed9335d0c38333,1,0,0,0,0,0,0,0.5772057468142825,0.4276421173551859,0.0,-0.7077017221873558,0.6894281396474755,1,40.0,1,1,1.3042494528794182,1.304249452879418
2016-10-01,air_e8ed9335d0c38333,0,0,1,0,0,0,0,0.35490626612216464,0.04994752516675942,0.0,-1.308113387366716,0.539550591017146,1,40.0,1,1,1.328146021258895,1.3281460212588947
2016-10-02,air_e8ed9335d0c38333,0,0,0,1,0,0,0,0.7995052275064009,0.8053367095436129,0.0,0.9684475097716913,0.6644485482090874,1,47.0,1,1,0.1677181567653957,0.16771815676539537
2016-10-03,air_e8ed9335d0c38333,0,1,0,0,0,0,0,0.7471994673435494,0.6620732435411061,0.0,-1.308113387366716,0.8517954839969993,1,20.0,1,1,-0.5922452376324742,-0.5922452376324746
2016-10-04,air_e8ed9335d0c38333,0,0,0,0,0,1,0,1.0348811482392313,1.3783905735536395,0.0,0.24295008101329782,0.8018363011202225,1,32.0,1,1,-0.0006082205010295246,-0.0006082205010298844
2016-10-05,air_e8ed9335d0c38333,0,0,0,0,0,0,1,0.9171931878728161,0.6490492920863326,0.0,-1.1329933183560692,1.026652624065717,1,31.0,1,1,-0.11982846274589232,-0.11982846274589269
2016-10-07,air_e8ed9335d0c38333,1,0,0,0,0,0,0,0.5772057468142825,0.45369002026473254,0.0,0.14288147015007105,0.7144077310858638,1,24.0,1,1,1.0356100083496942,1.035610008349694
2016-10-08,air_e8ed9335d0c38333,0,0,1,0,0,0,0,0.551052866732857,0.5057858260838262,0.0,-1.2580790819351026,0.6144893653323106,1,26.0,1,1,1.212076974844293,1.2120769748442926
2016-10-09,air_e8ed9335d0c38333,0,0,0,1,0,0,0,0.6948937071806982,0.5578816319029193,0.0,-1.308113387366716,0.6644485482090874,1,62.0,1,1,0.7091986402651911,0.7091986402651907
2016-10-10,air_e8ed9335d0c38333,0,1,0,0,0,0,0,0.18491254559289785,-0.23657940683825388,1.0,-1.308113387366716,0.5145709995787574,1,75.0,1,1,-0.069671929114243,-0.06967192911424336
2016-10-11,air_e8ed9335d0c38333,0,0,0,0,0,1,0,0.08030102526719565,-0.1714596495643872,0.0,-1.2580790819351026,0.36469345094842787,1,20.0,1,1,-0.3438259663469231,-0.3438259663469235
2016-10-12,air_e8ed9335d0c38333,0,0,0,0,0,0,1,0.11953034538933374,0.2322828455335859,0.0,0.7432931353294311,0.05244855796857449,1,25.0,1,1,0.15301257622417913,0.1530125762241788
2016-10-14,air_e8ed9335d0c38333,1,0,0,0,0,0,0,-0.18122777554706104,-0.24960335829302738,0.0,-0.307427278734449,-0.08493919494256094,1,28.0,1,1,1.145376663103775,1.1453766631037747
2016-10-15,air_e8ed9335d0c38333,0,0,1,0,0,0,0,-0.03738693509922003,0.16716308825971926,0.0,1.393739105940405,-0.1848575606961139,1,38.0,1,1,1.4702124332731479,1.4702124332731477
2016-10-16,air_e8ed9335d0c38333,0,0,0,1,0,0,0,0.05414814518576963,0.19321099116926582,0.0,-0.007221446144768911,-0.07244939922336685,1,37.0,1,1,0.1451345866485274,0.14513458664852708
2016-10-17,air_e8ed9335d0c38333,0,1,0,0,0,0,0,0.06722458522648264,-0.24960335829302738,0.0,-1.308113387366716,0.30224447235245716,1,22.0,1,1,-0.4982345620296969,-0.4982345620296973
2016-10-18,air_e8ed9335d0c38333,0,0,0,0,0,1,0,0.5118235466107184,0.6360253406315595,0.0,0.16789862286587784,0.4271424295443985,1,28.0,1,1,0.061627897146619114,0.06162789714661876
2016-10-19,air_e8ed9335d0c38333,0,0,0,0,0,0,1,0.49874710657000587,0.3234505057169992,0.0,-0.8327874857663892,0.6394689567706987,1,37.0,1,1,0.15721417066452673,0.1572141706645264
2016-10-21,air_e8ed9335d0c38333,1,0,0,0,0,0,0,0.1587596655114723,-0.0021482806523342012,0.0,-0.08227290429218889,0.2647750851948749,1,29.0,1,1,1.1616578415601218,1.1616578415601215
2016-10-22,air_e8ed9335d0c38333,0,0,1,0,0,0,0,-0.03738693509922003,-0.4058907757503073,0.0,-1.2830962346509094,0.17734651516051583,1,36.0,1,1,1.5437403359792305,1.5437403359792303
2016-10-23,air_e8ed9335d0c38333,0,0,0,1,0,0,0,0.14568322547075976,0.1150672824406261,0.0,-0.1072900570079957,0.17734651516051583,1,44.0,1,1,0.3310551406339082,0.33105514063390784
2016-10-24,air_e8ed9335d0c38333,0,1,0,0,0,0,0,-0.2727628558320507,-0.30169916411212055,0.0,1.1435675787823383,-0.1723677649769198,1,26.0,1,1,-0.3821655156150948,-0.3821655156150952
2016-10-25,air_e8ed9335d0c38333,0,0,0,0,0,1,0,-0.39045081619846617,-0.5491542417528141,0.0,-0.7077017221873558,-0.4096738836416084,1,22.0,1,1,0.08736266309374809,0.08736266309374774
2016-10-26,air_e8ed9335d0c38333,0,0,0,0,0,0,1,0.276447625877888,0.5578816319029193,0.0,1.0935332733507246,-0.08493919494256094,1,24.0,1,1,0.360728901368863,0.36072890136886265
2016-10-28,air_e8ed9335d0c38333,1,0,0,0,0,0,0,-0.6258267369312971,-0.8617290766673741,0.0,-1.308113387366716,-0.3971840879224143,1,29.0,1,1,1.0933819319044735,1.0933819319044733
2016-10-29,air_e8ed9335d0c38333,0,0,1,0,0,0,0,-0.1943042155877738,-0.08029198938097394,0.0,-1.308113387366716,-0.20983715213450227,1,44.0,1,1,1.6703133684947016,1.6703133684947014
2016-10-30,air_e8ed9335d0c38333,0,0,0,1,0,0,0,-0.6650560570534354,-1.0310404455794275,0.0,-1.308113387366716,-0.459633066518385,1,27.0,1,1,0.3890896638412092,0.3890896638412089
2016-10-31,air_e8ed9335d0c38333,0,1,0,0,0,0,0,-0.3512214960763276,-0.30169916411212055,0.0,-0.33244443145025576,-0.4346534750799966,1,21.0,1,1,-0.2637330723277972,-0.2637330723277976
2016-11-01,air_e8ed9335d0c38333,0,0,0,0,0,1,0,-0.46890945644274307,-0.6533458533910009,0.0,-0.4825473477450958,-0.19734735641530818,1,13.0,1,1,-0.06573293432641714,-0.0657329343264175
2016-11-02,air_e8ed9335d0c38333,0,0,0,0,0,0,1,-0.7958204574605636,-1.2003518144914809,0.0,-1.308113387366716,-0.5845310237103263,1,21.0,1,1,0.7388724010001458,0.7388724010001456
2016-11-03,air_e8ed9335d0c38333,0,0,0,0,1,0,0,-0.5342916566463072,-0.2626273097478009,1.0,1.068516120634918,-0.6095106151487145,1,18.0,1,1,0.41482442978833817,0.41482442978833783
2016-11-04,air_e8ed9335d0c38333,1,0,0,0,0,0,0,-0.39045081619846617,-0.34077101847644065,0.0,0.9934646624874978,-0.5970208194295203,1,24.0,1,1,0.5046335109507679,0.5046335109507676
2016-11-05,air_e8ed9335d0c38333,0,0,1,0,0,0,0,-0.31199217595418927,-0.24960335829302738,0.0,0.39305299730813775,-0.25979633501127886,1,49.0,1,1,1.3412760038849811,1.341276003884981
2016-11-06,air_e8ed9335d0c38333,0,0,0,1,0,0,0,-0.28583929587276347,-0.08029198938097394,0.0,1.068516120634918,-0.42216367936080246,1,19.0,1,1,0.10758283633792086,0.1075828363379205
2016-11-07,air_e8ed9335d0c38333,0,1,0,0,0,0,0,-0.7827440174198509,-0.9138248824864674,0.0,0.7933274407610447,-0.6344902065871029,1,18.0,1,1,-0.43127165063665723,-0.4312716506366576
2016-11-08,air_e8ed9335d0c38333,0,0,0,0,0,1,0,-0.9265848578676918,-1.0180164941246541,0.0,-0.8578046384821959,-0.8967759166901796,1,24.0,1,1,-0.30548641707875135,-0.30548641707875174
2016-11-09,air_e8ed9335d0c38333,0,0,0,0,0,0,1,-0.8612026576641277,-0.8877769795769208,0.0,0.19291577558168443,-0.6719595937446852,1,21.0,1,1,-0.09173029992606782,-0.0917302999260682
2016-11-11,air_e8ed9335d0c38333,1,0,0,0,0,0,0,-1.0442728182341072,-1.2133757659462543,0.0,-1.308113387366716,-0.9467350995669561,1,18.0,1,1,0.7491137874484931,0.7491137874484928
2016-11-12,air_e8ed9335d0c38333,0,0,1,0,0,0,0,-0.4427565763613175,-0.34077101847644065,0.0,0.2679672337291044,-0.4096738836416084,1,248.0,1,1,1.7136423111607861,1.713642311160786
2016-11-13,air_e8ed9335d0c38333,0,0,0,1,0,0,0,-0.4427565763613175,-0.3668189213859872,0.0,0.5931902190345911,-0.5220820451143556,1,33.0,1,1,0.20185611159321984,0.2018561115932195
2016-11-14,air_e8ed9335d0c38333,0,1,0,0,0,0,0,-0.4296801363206047,-0.6142739990266809,0.0,-1.308113387366716,-0.22232694785369636,1,25.0,1,1,-0.507688149520479,-0.5076881495204794
2016-11-15,air_e8ed9335d0c38333,0,0,0,0,0,1,0,-0.22045709566919935,-0.27565126120257394,0.0,-0.9078389439138091,-0.07244939922336685,1,28.0,1,1,-0.16053140888675957,-0.16053140888675996
2016-11-16,air_e8ed9335d0c38333,0,0,0,0,0,0,1,-0.5865974168091584,-0.8617290766673741,0.0,-1.158010471071876,-0.3222453136072495,1,31.0,1,1,0.2425590577340871,0.24255905773408676
2016-11-18,air_e8ed9335d0c38333,1,0,0,0,0,0,0,-0.7435146972977122,-0.7445135135744142,0.0,0.9434303570558846,-0.8967759166901796,1,31.0,1,1,1.1724244273135125,1.1724244273135123
2016-11-19,air_e8ed9335d0c38333,0,0,1,0,0,0,0,-0.9396612979084046,-1.2263997174010275,0.0,-1.308113387366716,-0.6719595937446852,1,32.0,1,1,1.5229949634300144,1.5229949634300142
2016-11-20,air_e8ed9335d0c38333,0,0,0,1,0,0,0,-0.4427565763613175,-0.13238779520006755,0.0,0.4180701500239446,-0.5470616365527439,1,45.0,1,1,0.3756970815626013,0.37569708156260095
2016-11-21,air_e8ed9335d0c38333,0,1,0,0,0,0,0,-0.5735209767684457,-0.8747530281221476,0.0,-1.308113387366716,-0.3846942922032202,1,24.0,1,1,-0.43626104403457,-0.4362610440345704
2016-11-22,air_e8ed9335d0c38333,0,0,0,0,0,1,0,-0.39045081619846617,-0.27565126120257394,0.0,0.3680358445923312,-0.37220449648402587,1,27.0,1,1,0.9368725390015259,0.9368725390015257
2016-11-23,air_e8ed9335d0c38333,0,0,0,0,0,0,1,-0.7304382572569995,-0.8747530281221476,1.0,-1.2830962346509094,-0.5970208194295203,1,31.0,1,1,0.33210553924399505,0.3321055392439947
2016-11-25,air_e8ed9335d0c38333,1,0,0,0,0,0,0,-1.4888717796183433,-1.3826871348583074,0.0,1.0184818152033048,-1.6211840684034393,1,34.0,1,1,1.078676351363257,1.0786763513632567
2016-11-26,air_e8ed9335d0c38333,0,0,1,0,0,0,0,-1.135807898519097,-1.083136251398521,0.0,0.3180015391607178,-1.2589799925468097,1,29.0,1,1,1.744366470505828,1.7443664705058277
2016-11-27,air_e8ed9335d0c38333,0,0,0,1,0,0,0,-0.8350497775827022,-0.9919685912151074,0.0,-1.1830276237876827,-0.5845310237103263,1,32.0,1,1,0.12097541861652879,0.12097541861652844
2016-11-28,air_e8ed9335d0c38333,0,1,0,0,0,0,0,-0.769667577379138,-0.9659206883055608,0.0,-0.4825473477450958,-0.48461265795677316,1,27.0,1,1,-0.40422388642691964,-0.40422388642692003
2016-11-29,air_e8ed9335d0c38333,0,0,0,0,0,1,0,-0.848126217623415,-0.9268488339412407,0.0,0.11786431743426445,-0.7219187766214618,1,19.0,1,1,0.04797271521548946,0.0479727152154891
2016-11-30,air_e8ed9335d0c38333,0,0,0,0,0,0,1,-1.070425698315533,-1.252447620310574,0.0,-0.08227290429218889,-1.0591432610397034,1,29.0,1,1,0.2155112935243495,0.21551129352434917
2016-12-02,air_e8ed9335d0c38333,1,0,0,0,0,0,0,-0.7173618172162867,-0.7705614164839608,0.0,0.8183445934768513,-0.5720412279911322,1,19.0,1,1,1.263546506738551,1.2635465067385505
2016-12-03,air_e8ed9335d0c38333,0,0,1,0,0,0,0,-0.8088968975012764,-0.7184656106648674,0.0,0.3680358445923312,-0.9467350995669561,1,43.0,1,1,2.059223453879375,2.059223453879375
2016-12-04,air_e8ed9335d0c38333,0,0,0,1,0,0,0,-0.7042853771755739,-0.7054416592100942,0.0,0.4931216081713646,-0.74689836805985,1,41.0,1,1,0.2614662327156512,0.2614662327156509
2016-12-05,air_e8ed9335d0c38333,0,1,0,0,0,0,0,-0.560444536727733,-0.4058907757503073,0.0,0.5931902190345911,-0.6469800023062969,1,20.0,1,1,-0.3580063475830962,-0.3580063475830966
2016-12-06,air_e8ed9335d0c38333,0,0,0,0,0,1,0,-0.8088968975012764,-0.5621781932075872,0.0,0.8183445934768513,-0.7843677552174324,1,21.0,1,1,-0.020040594787637117,-0.020040594787637478
2016-12-07,air_e8ed9335d0c38333,0,0,0,0,0,0,1,-1.2404194188447997,-1.3305913290392144,0.0,-0.9328560966296159,-1.0466534653205093,1,24.0,1,1,0.3588907038012109,0.3588907038012106
2016-12-09,air_e8ed9335d0c38333,1,0,0,0,0,0,0,-0.769667577379138,-0.5231063388432676,0.0,0.918413204340078,-1.1840412182316447,1,20.0,1,1,1.7020879264498303,1.70208792644983
2016-12-10,air_e8ed9335d0c38333,0,0,1,0,0,0,0,-1.1096550184376714,-1.2003518144914809,0.0,0.8683788989084644,-0.9592248952861503,1,34.0,1,1,2.2144198485197144,2.214419848519714
2016-12-11,air_e8ed9335d0c38333,0,0,0,1,0,0,0,-1.3319544991297894,-1.3696631834035342,0.0,0.8933960516242715,-1.221510605389227,1,40.0,1,1,0.6117741691796313,0.611774169179631
2016-12-12,air_e8ed9335d0c38333,0,1,0,0,0,0,0,-1.3058016190483637,-1.4217589892226274,0.0,0.5681730663187845,-1.3339187668619743,1,23.0,1,1,-0.22014153000919098,-0.22014153000919134
2016-12-13,air_e8ed9335d0c38333,0,0,0,0,0,1,0,-0.991967058071256,-0.7966093193935073,0.0,-0.6826845694715491,-1.2340004011084211,1,25.0,1,1,0.18793833000956847,0.1879383300095681
2016-12-14,air_e8ed9335d0c38333,0,0,0,0,0,0,1,-1.1619607786005228,-1.3175673775844408,0.0,-1.233061929219296,-0.9966942824437327,1,23.0,1,1,0.6466999229650207,0.6466999229650203
2016-12-16,air_e8ed9335d0c38333,1,0,0,0,0,0,0,-1.5934832999440458,-1.5129266494060407,0.0,0.8433617461926579,-1.4713065197731099,1,31.0,1,1,1.82235856730478,1.8223585673047797
2016-12-17,air_e8ed9335d0c38333,0,0,1,0,0,0,0,-1.3450309391705022,-1.083136251398521,0.0,0.9434303570558846,-1.6586534555610217,1,36.0,1,1,2.5258630364104793,2.525863036410479
2016-12-18,air_e8ed9335d0c38333,0,0,0,1,0,0,0,-1.14888433855981,-0.8487051252126008,0.0,0.5931902190345911,-1.2589799925468097,1,30.0,1,1,0.6818882764029317,0.6818882764029314
2016-12-19,air_e8ed9335d0c38333,0,1,0,0,0,0,0,-0.9135084178269791,-0.7445135135744142,0.0,0.7683102880452382,-1.0716330567588976,1,34.0,1,1,0.15826456927461363,0.15826456927461327
2016-12-20,air_e8ed9335d0c38333,0,0,0,0,0,1,0,-0.9658141779898304,-0.9008009310316941,0.0,-0.4325130423134824,-0.9217555081285679,1,28.0,1,1,0.6629811014213676,0.6629811014213672
2016-12-21,air_e8ed9335d0c38333,0,0,0,0,0,0,1,-0.848126217623415,-0.5752021446623607,0.0,0.6432245244662045,-1.0091840781629269,1,31.0,1,1,1.064495970127084,1.0644959701270835
2016-12-23,air_e8ed9335d0c38333,1,0,0,0,0,0,0,-0.39045081619846617,-0.23657940683825388,1.0,-0.23237582058702907,-0.5970208194295203,1,34.0,1,1,1.4885944089496685,1.4885944089496683
2016-12-24,air_e8ed9335d0c38333,0,0,1,0,0,0,0,-1.0965785783969586,-1.239423668855801,0.0,0.8183445934768513,-0.9842044867245385,1,39.0,1,1,1.6563955869110503,1.65639558691105
2016-12-25,air_e8ed9335d0c38333,0,0,0,1,0,0,0,-1.358107379211215,-1.4217589892226274,0.0,-0.13230720972380228,-1.0966126481972858,1,40.0,1,1,0.48178734118137784,0.48178734118137756
2016-12-26,air_e8ed9335d0c38333,0,1,0,0,0,0,0,-1.3188780590890765,-1.3566392319487608,0.0,-0.9828904020612292,-1.1840412182316447,1,37.0,1,1,0.3877766655786006,0.38777666557860024
2016-12-27,air_e8ed9335d0c38333,0,0,0,0,0,1,0,-0.769667577379138,-0.34077101847644065,0.0,-1.2580790819351026,-0.9717146910053445,1,30.0,1,1,0.9242677556804831,0.9242677556804829
2016-12-28,air_e8ed9335d0c38333,0,0,0,0,0,0,1,-1.436566019455492,-1.5650224552251342,0.0,0.9434303570558846,-1.4088575411771391,1,69.0,1,1,1.743316071895741,1.7433160718957408
2016-12-29,air_e8ed9335d0c38333,0,0,0,0,1,0,0,-1.6588655001476098,-1.747357775591961,1.0,-0.007221446144768911,-1.571224885526663,1,122.0,1,1,1.446315864893671,1.4463158648936707
2016-12-30,air_e8ed9335d0c38333,1,0,0,0,0,0,0,-1.436566019455492,-1.4608308435869477,1.0,0.9434303570558846,-1.3339187668619743,1,119.0,1,1,0.9040475824363104,0.9040475824363101
2016-12-31,air_e8ed9335d0c38333,0,0,1,0,0,0,0,-1.3973366993333534,-1.252447620310574,1.0,0.918413204340078,-1.4713065197731099,1,85.0,1,1,-1.1224339360738353,-1.1224339360738358
2017-01-06,air_e8ed9335d0c38333,1,0,0,0,0,0,0,-1.6327126200661843,-1.6431661639537742,0.0,0.8933960516242715,-1.4713065197731099,1,19.0,1,1,0.47364675195320444,0.4736467519532041
2017-01-07,air_e8ed9335d0c38333,0,0,1,0,0,0,0,-1.6850183802290357,-1.6561901154085477,0.0,0.8683788989084644,-1.6461636598418277,1,28.0,1,1,1.0306206149517814,1.0306206149517811
2017-01-08,air_e8ed9335d0c38333,0,0,0,1,0,0,0,-1.7111712603104612,-2.0078368046874275,0.0,-1.308113387366716,-1.4588167240539156,1,31.0,1,1,0.24282165738660882,0.2428216573866085
2017-01-09,air_e8ed9335d0c38333,0,1,0,0,0,0,0,-1.2796487389669382,-1.3436152804939876,1.0,-0.7577360276189691,-1.1840412182316447,1,26.0,1,1,-0.38295331457265996,-0.38295331457266035
2017-01-10,air_e8ed9335d0c38333,0,0,0,0,0,1,0,-1.1619607786005228,-1.1352320572176142,0.0,0.918413204340078,-1.221510605389227,1,10.0,1,1,-0.3309585833733586,-0.330958583373359
2017-01-11,air_e8ed9335d0c38333,0,0,0,0,0,0,1,-1.3188780590890765,-1.3566392319487608,0.0,0.9434303570558846,-1.1715514225124506,1,12.0,1,1,-0.10354728428954542,-0.10354728428954578
2017-01-13,air_e8ed9335d0c38333,1,0,0,0,0,0,0,-1.4104131393740664,-1.1352320572176142,0.0,0.3680358445923312,-1.483796315492304,1,14.0,1,1,0.9928062649886532,0.9928062649886529
2017-01-14,air_e8ed9335d0c38333,0,0,1,0,0,0,0,-1.9073178609211536,-1.9687649503231075,0.0,-0.5075645004609024,-1.8210207999105457,1,17.0,1,1,1.3102892448874177,1.3102892448874175
2017-01-15,air_e8ed9335d0c38333,0,0,0,1,0,0,0,-2.1296173416132715,-2.177148173599481,0.0,0.7182759826136245,-1.945918757102487,1,19.0,1,1,-0.09251809888363301,-0.09251809888363337
2017-01-16,air_e8ed9335d0c38333,0,1,0,0,0,0,0,-1.802706340595451,-1.747357775591961,0.0,1.0184818152033048,-1.9084493699449046,1,20.0,1,1,-0.47144939747248105,-0.47144939747248144
2017-01-17,air_e8ed9335d0c38333,0,0,0,0,0,1,0,-1.515024659699769,-1.3696631834035342,0.0,0.9684475097716913,-1.571224885526663,1,31.0,1,1,-0.1022342860269368,-0.10223428602693717
2017-01-18,air_e8ed9335d0c38333,0,0,0,0,0,0,1,-1.4627188995369176,-1.447806892132174,0.0,0.9684475097716913,-1.5212657026498864,1,39.0,1,1,0.19240252410243777,0.19240252410243744
2017-01-20,air_e8ed9335d0c38333,1,0,0,0,0,0,0,-1.8288592206768766,-2.294363736692441,0.0,-1.308113387366716,-1.383877949738751,1,27.0,1,1,1.0180158316307386,1.0180158316307384
2017-01-21,air_e8ed9335d0c38333,0,0,1,0,0,0,0,-1.4496424594962047,-1.3566392319487608,0.0,1.0434989679191113,-1.5087759069306923,1,34.0,1,1,1.659546782741311,1.6595467827413108
2017-01-22,air_e8ed9335d0c38333,0,0,0,1,0,0,0,-1.436566019455492,-1.1091841543080674,0.0,1.0184818152033048,-1.5462452940882745,1,32.0,1,1,0.11756162313374638,0.11756162313374602
2017-01-23,air_e8ed9335d0c38333,0,1,0,0,0,0,0,-1.6980948202697483,-1.7603817270467341,0.0,0.4180701500239446,-1.6336738641226336,1,18.0,1,1,-0.48247858287839346,-0.48247858287839385
2017-01-24,air_e8ed9335d0c38333,0,0,0,0,0,1,0,-1.8942414208804408,-1.786429629956281,0.0,1.0434989679191113,-1.8959595742257105,1,15.0,1,1,-0.020040594787637117,-0.020040594787637478
2017-01-25,air_e8ed9335d0c38333,0,0,0,0,0,0,1,-1.7111712603104612,-1.551998503770361,0.0,1.0935332733507246,-1.8085310041913514,1,22.0,1,1,0.24886144939460847,0.24886144939460814
2017-01-27,air_e8ed9335d0c38333,1,0,0,0,0,0,0,-1.070425698315533,-0.7054416592100942,0.0,-0.007221446144768911,-1.483796315492304,1,19.0,1,1,1.3299842188265472,1.3299842188265467
2017-01-28,air_e8ed9335d0c38333,0,0,1,0,0,0,0,-1.122731458478384,-1.0180164941246541,0.0,0.9684475097716913,-1.0841228524780917,1,30.0,1,1,1.8431039398539961,1.843103939853996
2017-01-29,air_e8ed9335d0c38333,0,0,0,1,0,0,0,-1.1750372186412354,-1.2263997174010275,0.0,-0.5826159586083225,-1.0591432610397034,1,37.0,1,1,0.38698886662103543,0.3869888666210351
2017-01-30,air_e8ed9335d0c38333,0,1,0,0,0,0,0,-0.7565911373384253,-0.24960335829302738,0.0,0.6682416771820113,-0.8218371423750148,1,20.0,1,1,-0.418141668010571,-0.4181416680105714
2017-01-31,air_e8ed9335d0c38333,0,0,0,0,0,1,0,-1.4496424594962047,-1.4868787464964943,0.0,1.0184818152033048,-1.308939175423586,1,24.0,1,1,-0.0008708201535512489,-0.0008708201535516086
2017-02-01,air_e8ed9335d0c38333,0,0,0,0,0,0,1,-1.436566019455492,-1.4087350377678542,0.0,0.4931216081713646,-1.383877949738751,1,30.0,1,1,0.12281361618418085,0.1228136161841805
2017-02-03,air_e8ed9335d0c38333,1,0,0,0,0,0,0,-1.2534958588855125,-1.004992542669881,0.0,1.0935332733507246,-1.5337554983690804,1,32.0,1,1,0.9988460569966529,0.9988460569966525
2017-02-04,air_e8ed9335d0c38333,0,0,1,0,0,0,0,-1.14888433855981,-1.0440643970342007,0.0,1.0935332733507246,-1.1091024439164798,1,32.0,1,1,1.720469902126351,1.7204699021263508
2017-02-05,air_e8ed9335d0c38333,0,0,0,1,0,0,0,-1.2796487389669382,-1.4999026979512675,0.0,-0.6826845694715491,-1.2340004011084211,1,34.0,1,1,0.04613451764783739,0.04613451764783703
2017-02-06,air_e8ed9335d0c38333,0,1,0,0,0,0,0,-1.0835021383562458,-0.7445135135744142,0.0,0.21793292829749103,-1.2464901968276152,1,23.0,1,1,-0.44755282909300415,-0.44755282909300453
2017-02-07,air_e8ed9335d0c38333,0,0,0,0,0,1,0,-1.4888717796183433,-1.4868787464964943,0.0,1.068516120634918,-1.383877949738751,1,19.0,1,1,-0.0838523103504161,-0.08385231035041647
2017-02-08,air_e8ed9335d0c38333,0,0,0,0,0,0,1,-1.3973366993333534,-1.3566392319487608,0.0,1.068516120634918,-1.4213473368963332,1,17.0,1,1,0.24203385842904365,0.24203385842904332
2017-02-10,air_e8ed9335d0c38333,1,0,0,0,0,0,0,-1.6588655001476098,-1.5780464066799076,0.0,-0.307427278734449,-1.4713065197731099,1,24.0,1,1,1.197633993955598,1.1976339939555978
2017-02-11,air_e8ed9335d0c38333,0,0,1,0,0,0,0,-1.6850183802290357,-1.473854795041721,1.0,0.5181387608871711,-1.8584901870681279,1,40.0,1,1,1.6191064362529655,1.6191064362529652
2017-02-12,air_e8ed9335d0c38333,0,0,0,1,0,0,0,-1.5673304198626201,-1.3305913290392144,0.0,1.068516120634918,-1.7086126384377984,1,30.0,1,1,0.2756466139518243,0.275646613951824
2017-02-13,air_e8ed9335d0c38333,0,1,0,0,0,0,0,-1.3973366993333534,-1.252447620310574,0.0,0.693258829897818,-1.5337554983690804,1,22.0,1,1,-0.3427755677368362,-0.34277556773683654
2017-02-14,air_e8ed9335d0c38333,0,0,0,0,0,1,0,-1.4234895794147793,-1.252447620310574,0.0,0.918413204340078,-1.396367745457945,1,20.0,1,1,0.1015430443299212,0.10154304432992084
2017-02-15,air_e8ed9335d0c38333,0,0,0,0,0,0,1,-1.371183819251928,-1.1222081057628408,0.0,1.1685847314981448,-1.5087759069306923,1,32.0,1,1,0.477848346393552,0.47784834639355167
2017-02-17,air_e8ed9335d0c38333,1,0,0,0,0,0,0,-0.4950623365241688,-0.10633989229052052,0.0,0.7432931353294311,-1.0591432610397034,1,28.0,1,1,1.292169868863419,1.2921698688634184
2017-02-18,air_e8ed9335d0c38333,0,0,1,0,0,0,0,-1.1619607786005228,-1.395711086313081,0.0,-0.5826159586083225,-0.8593065295325971,1,36.0,1,1,1.7800800232487823,1.7800800232487821
2017-02-19,air_e8ed9335d0c38333,0,0,0,1,0,0,0,-1.4104131393740664,-1.2915194746748941,0.0,1.0935332733507246,-1.4588167240539156,1,40.0,1,1,0.38961486314625265,0.3896148631462523
2017-02-20,air_e8ed9335d0c38333,0,1,0,0,0,0,0,-0.9265848578676918,-0.22355545538348082,0.0,0.09284716471845765,-1.4338371326155273,1,17.0,1,1,-0.4672478030321335,-0.46724780303213387
2017-02-21,air_e8ed9335d0c38333,0,0,0,0,0,1,0,-1.4234895794147793,-1.4999026979512675,0.0,1.118550426066531,-1.209020809670033,1,17.0,1,1,0.1351557998527019,0.13515579985270154
2017-02-22,air_e8ed9335d0c38333,0,0,0,0,0,0,1,-1.3058016190483637,-1.4087350377678542,0.0,-0.23237582058702907,-1.5212657026498864,1,20.0,1,1,0.4641931644624223,0.46419316446242204
2017-02-24,air_e8ed9335d0c38333,1,0,0,0,0,0,0,-1.2534958588855125,-1.3175673775844408,0.0,-0.4325130423134824,-1.0091840781629269,1,24.0,1,1,1.390907338211587,1.3909073382115869
2017-02-25,air_e8ed9335d0c38333,0,0,1,0,0,0,0,-1.2404194188447997,-1.1352320572176142,0.0,0.7182759826136245,-1.221510605389227,1,37.0,1,1,2.007228722680074,2.0072287226800736
2017-02-26,air_e8ed9335d0c38333,0,0,0,1,0,0,0,-1.0965785783969586,-0.9398727853960143,0.0,0.7933274407610447,-1.2464901968276152,1,44.0,1,1,0.5421852612613745,0.5421852612613741
2017-02-27,air_e8ed9335d0c38333,0,1,0,0,0,0,0,-1.4104131393740664,-1.5259506008608144,0.0,-0.8077703330505825,-1.121592239635674,1,18.0,1,1,-0.23195851437266857,-0.23195851437266893
2017-02-28,air_e8ed9335d0c38333,0,0,0,0,0,1,0,-1.5019482196590561,-1.473854795041721,0.0,0.8933960516242715,-1.2589799925468097,1,22.0,1,1,0.2155112935243495,0.21551129352434917
