visit_date,air_store_id,Friday,Monday,Saturday,Sunday,Thursday,Tuesday,Wednesday,avg_temperature1,high_temperature1,holiday_flg,hours_sunlight1,low_temperature1,train_ind,visitors,Cafe/Sweets,ÅŒsaka-fu ÅŒsaka-shi Shinmachi,total_area_visitors,total_genre_visitors
2016-01-05,air_3525f11ef0bf0c35,0,0,0,0,0,1,0,-0.7392400628782454,-0.9522503897099255,0.0,-0.9261642742950617,-0.7133755650233993,1,19.0,1,1,-1.3718643119554945,-1.3718643119554943
2016-01-06,air_3525f11ef0bf0c35,0,0,0,0,0,0,1,-0.7509288175264663,-0.7760745062473648,0.0,-0.7477151978522429,-0.6204030080412496,1,23.0,1,1,-1.3084968542346949,-1.3084968542346946
2016-01-07,air_3525f11ef0bf0c35,0,0,0,0,1,0,0,-0.8678163640086762,-0.9522503897099255,0.0,-0.9261642742950617,-0.6785108561550931,1,19.0,1,1,-1.2401201113185751,-1.240120111318575
2016-01-08,air_3525f11ef0bf0c35,1,0,0,0,0,0,0,-0.9379488918980022,-1.106404287739666,0.0,-0.9516569995011787,-0.8876991093649299,1,27.0,1,1,-0.9097577526872123,-0.9097577526872122
2016-01-09,air_3525f11ef0bf0c35,0,0,1,0,0,0,0,-1.0431476837319913,-1.095393295023256,0.0,0.960297390957594,-1.1085089321975354,1,48.0,1,1,-0.6547851362454175,-0.6547851362454173
2016-01-10,air_3525f11ef0bf0c35,0,0,0,1,0,0,0,-0.9613264011944443,-1.0733713095904358,0.0,0.7053701388964244,-0.9922932359698484,1,91.0,1,1,-0.937058357001707,-0.9370583570017068
2016-01-11,air_3525f11ef0bf0c35,0,1,0,0,0,0,0,-0.9847039104908862,-0.9962943605755656,1.0,-0.23786069372990354,-1.0620226537064605,1,43.0,1,1,-1.2944708556877984,-1.2944708556877984
2016-01-12,air_3525f11ef0bf0c35,0,0,0,0,0,1,0,-1.0665251930284334,-1.139437265888896,0.0,0.1700229095679681,-1.0736442233292294,1,27.0,1,1,-1.3475692787581919,-1.3475692787581917
2016-01-14,air_3525f11ef0bf0c35,0,0,0,0,1,0,0,-1.1717239848624221,-1.1724702440381263,0.0,0.04255928353738325,-1.2131030588024536,1,28.0,1,1,-1.0547765590917302,-1.05477655909173
2016-01-15,air_3525f11ef0bf0c35,1,0,0,0,0,0,0,-1.1834127395106433,-1.1834812367545362,0.0,0.7308628641025412,-1.1782383499341478,1,41.0,1,1,-0.7822714444663149,-0.7822714444663147
2016-01-16,air_3525f11ef0bf0c35,0,0,1,0,0,0,0,-1.2184790034553061,-1.117415280456076,0.0,0.4504428868352547,-1.2247246284252227,1,63.0,1,1,-0.636751709542265,-0.6367517095422649
2016-01-17,air_3525f11ef0bf0c35,0,0,0,1,0,0,0,-1.1834127395106433,-1.1944922294709461,0.0,-0.44180249537883926,-1.2944540461618348,1,60.0,1,1,-1.2316043264865308,-1.2316043264865306
2016-01-18,air_3525f11ef0bf0c35,0,1,0,0,0,0,0,-0.9145713826015602,-1.0293273387247956,0.0,-1.410526053211284,-0.8876991093649299,1,34.0,1,1,-1.5111224403853942,-1.511122440385394
2016-01-19,air_3525f11ef0bf0c35,0,0,0,0,0,1,0,-1.557452888253715,-1.6679649162765777,0.0,-0.3653243197604884,-1.3874266031439844,1,26.0,1,1,-1.2779402145432421,-1.277940214543242
2016-01-21,air_3525f11ef0bf0c35,0,0,0,0,1,0,0,-1.335366549937516,-1.381679105649917,0.0,-0.44180249537883926,-1.2944540461618348,1,28.0,1,1,-1.0344889540506836,-1.0344889540506834
2016-01-22,air_3525f11ef0bf0c35,1,0,0,0,0,0,0,-1.323677795289295,-1.2055032221873563,0.0,0.3229792608046698,-1.1898599195569164,1,43.0,1,1,-0.7306758069545175,-0.7306758069545174
2016-01-23,air_3525f11ef0bf0c35,0,0,1,0,0,0,0,-1.405499077826842,-1.5248220109632473,0.0,-1.3340478775929332,-1.2595893372935285,1,50.0,1,1,-0.6585421001419076,-0.6585421001419074
2016-01-24,air_3525f11ef0bf0c35,0,0,0,1,0,0,0,-1.8964267730521238,-1.9212177487540087,0.0,0.37396471121690383,-1.759316831072583,1,73.0,1,1,-1.3450646361605318,-1.3450646361605316
2016-01-25,air_3525f11ef0bf0c35,0,1,0,0,0,0,0,-1.686029189384146,-1.5798769745452974,0.0,0.8583264901331261,-1.887154096923039,1,24.0,1,1,-1.3693596693578345,-1.3693596693578343
2016-01-26,air_3525f11ef0bf0c35,0,0,0,0,0,1,0,-1.335366549937516,-1.3486461275006867,0.0,0.37396471121690383,-1.3990481727667532,1,22.0,1,1,-1.199294436976716,-1.1992944369767158
2016-01-28,air_3525f11ef0bf0c35,0,0,0,0,1,0,0,-0.9730151558426653,-0.9302284042771054,0.0,-0.5947588466155411,-1.1898599195569164,1,55.0,1,1,-1.055527951871028,-1.0555279518710279
2016-01-29,air_3525f11ef0bf0c35,1,0,0,0,0,0,0,-1.0197701744355492,-1.3046021566350465,0.0,-1.461511503623518,-0.7017539954006305,1,11.0,1,1,-0.9147670378825324,-0.9147670378825322
2016-01-30,air_3525f11ef0bf0c35,0,0,1,0,0,0,0,-0.9730151558426653,-1.117415280456076,0.0,-1.1046133507378804,-0.724997134646168,1,50.0,1,1,-0.6179668900598145,-0.6179668900598143
2016-01-31,air_3525f11ef0bf0c35,0,0,0,1,0,0,0,-0.9379488918980022,-0.9962943605755656,0.0,0.883819215339243,-0.9109422486104672,1,73.0,1,1,-1.164229440609475,-1.1642294406094749
2016-02-01,air_3525f11ef0bf0c35,0,1,0,0,0,0,0,-1.0665251930284334,-1.2275252076201764,0.0,-1.1301060759439974,-0.8644559701193926,1,48.0,1,1,-1.4146937003754816,-1.4146937003754816
2016-02-02,air_3525f11ef0bf0c35,0,0,0,0,0,1,0,-1.1951014941588642,-1.1614592513217161,0.0,0.09354473394961701,-1.050401084083692,1,34.0,1,1,-1.2689235011916657,-1.2689235011916655
2016-02-04,air_3525f11ef0bf0c35,0,0,0,0,1,0,0,-1.2418565127517482,-1.1504482586053062,0.0,0.6798774136903075,-1.4339128816350593,1,45.0,1,1,-1.1582182983750908,-1.1582182983750906
2016-02-05,air_3525f11ef0bf0c35,1,0,0,0,0,0,0,-1.1132802116213172,-1.0733713095904358,0.0,0.8583264901331261,-1.1317520714430729,1,37.0,1,1,-0.7900358365190611,-0.790035836519061
2016-02-06,air_3525f11ef0bf0c35,0,0,1,0,0,0,0,-1.1834127395106433,-1.1724702440381263,0.0,-0.18687524331766955,-1.120130501820304,1,64.0,1,1,-0.5703786807042732,-0.5703786807042731
2016-02-07,air_3525f11ef0bf0c35,0,0,0,1,0,0,0,-1.370432813882179,-1.3376351347842768,0.0,0.1700229095679681,-1.24796776767076,1,50.0,1,1,-1.1714929041426891,-1.1714929041426891
2016-02-08,air_3525f11ef0bf0c35,0,1,0,0,0,0,0,-1.276922776696411,-1.0403383314412058,0.0,1.16423919260653,-1.5385070082399777,1,41.0,1,1,-1.3640999199027484,-1.3640999199027481
2016-02-09,air_3525f11ef0bf0c35,0,0,0,0,0,1,0,-0.9613264011944443,-1.0073053532919756,0.0,-0.0849043424932016,-0.9458069574787735,1,21.0,1,1,-1.1497025135430465,-1.1497025135430465
2016-02-11,air_3525f11ef0bf0c35,0,0,0,0,1,0,0,-1.0899027023248753,-0.831129469829415,1.0,1.1387464674004126,-1.3293187550301409,1,90.0,1,1,-0.9029952176735301,-0.90299521767353
2016-02-12,air_3525f11ef0bf0c35,1,0,0,0,0,0,0,-0.6574187803406984,-0.4127117466058338,0.0,0.3229792608046698,-0.8412128308738551,1,41.0,1,1,-0.8476426162652426,-0.8476426162652424
2016-02-13,air_3525f11ef0bf0c35,0,0,1,0,0,0,0,-0.34182240483873144,-0.28057983400891306,0.0,-1.1301060759439974,-0.22526964086711337,1,59.0,1,1,-0.6607962784798016,-0.6607962784798015
2016-02-14,air_3525f11ef0bf0c35,0,0,0,1,0,0,0,-0.09635855722609059,-0.03833799424789232,0.0,-0.5437733962033071,-0.23689121048988226,1,85.0,1,1,-1.1887749380665438,-1.1887749380665436
2016-02-15,air_3525f11ef0bf0c35,0,1,0,0,0,0,0,-1.0782139476766543,-1.0843823023068457,0.0,-0.8496860986767107,-1.038779514460923,1,33.0,1,1,-1.3676064195394724,-1.3676064195394722
2016-02-16,air_3525f11ef0bf0c35,0,0,0,0,0,1,0,-1.3119890406410741,-1.3596571202170966,0.0,0.9857901161637109,-1.1898599195569164,1,43.0,1,1,-1.2095634716271222,-1.209563471627122
2016-02-17,air_3525f11ef0bf0c35,0,0,0,0,0,0,1,-1.2418565127517482,-1.2165142149037664,0.0,-0.21236796852378645,-1.166616780311379,1,1.0,1,1,-1.0432552031424938,-1.0432552031424935
2016-02-18,air_3525f11ef0bf0c35,0,0,0,0,1,0,0,-1.1951014941588642,-1.0073053532919756,0.0,1.2152246430187637,-1.3758050335212157,1,45.0,1,1,-1.052772845013602,-1.0527728450136018
2016-02-19,air_3525f11ef0bf0c35,1,0,0,0,0,0,0,-0.7743063268229085,-0.6769755717996745,0.0,0.6033992380719564,-1.038779514460923,1,49.0,1,1,-0.7386906632670297,-0.7386906632670296
2016-02-20,air_3525f11ef0bf0c35,0,0,1,0,0,0,0,-0.8678163640086762,-1.1724702440381263,0.0,-1.461511503623518,-0.5274304510591,1,41.0,1,1,-0.7722528740756747,-0.7722528740756744
2016-02-21,air_3525f11ef0bf0c35,0,0,0,1,0,0,0,-0.9730151558426653,-0.9742723751427455,0.0,0.3484719860107867,-0.9109422486104672,1,86.0,1,1,-1.1351755864766182,-1.135175586476618
2016-02-22,air_3525f11ef0bf0c35,0,1,0,0,0,0,0,-1.1483464755659802,-1.3046021566350465,0.0,-1.2575697019745824,-1.120130501820304,1,38.0,1,1,-1.3548327422914062,-1.354832742291406
2016-02-23,air_3525f11ef0bf0c35,0,0,0,0,0,1,0,-0.9496376465462234,-1.1944922294709461,0.0,-1.0791206255317636,-0.7598618435144741,1,35.0,1,1,-1.1419381214903004,-1.1419381214903002
2016-02-25,air_3525f11ef0bf0c35,0,0,0,0,1,0,0,-1.347055304585737,-1.2825801712022264,0.0,1.1897319178126469,-1.2712109069162973,1,35.0,1,1,-0.9959174580467186,-0.9959174580467184
2016-02-26,air_3525f11ef0bf0c35,1,0,0,0,0,0,0,-1.288611531344632,-1.2165142149037664,0.0,0.6288919632780733,-1.2944540461618348,1,28.0,1,1,-0.5921690713039158,-0.5921690713039157
2016-02-27,air_3525f11ef0bf0c35,0,0,1,0,0,0,0,-0.9730151558426653,-0.7430415280981347,0.0,0.09354473394961701,-1.2247246284252227,1,70.0,1,1,-0.42661219559858543,-0.42661219559858526
2016-02-28,air_3525f11ef0bf0c35,0,0,0,1,0,0,0,-0.6807962896371403,-0.533832666486344,0.0,1.062268291782062,-0.8295912612510864,1,69.0,1,1,-1.0011772075018046,-1.0011772075018046
2016-02-29,air_3525f11ef0bf0c35,0,1,0,0,0,0,0,-0.9496376465462234,-0.9522503897099255,0.0,-1.3340478775929332,-1.3060756157846034,1,23.0,1,1,-1.307745461455397,-1.3077454614553967
2016-03-01,air_3525f11ef0bf0c35,0,0,0,0,0,1,0,-1.522386624309052,-1.469767047381197,0.0,0.24650108518631897,-1.3874266031439844,1,29.0,1,1,-1.20029629401578,-1.2002962940157798
2016-03-03,air_3525f11ef0bf0c35,0,0,0,0,1,0,0,-0.8678163640086762,-0.6879865645160845,0.0,1.3171955438432317,-1.1782383499341478,1,49.0,1,1,-1.0888396984199071,-1.088839698419907
2016-03-04,air_3525f11ef0bf0c35,1,0,0,0,0,0,0,-0.4937762152656045,-0.26956884129250325,0.0,1.0112828413698278,-0.8179696916283177,1,37.0,1,1,-0.7214086293431753,-0.7214086293431751
2016-03-05,air_3525f11ef0bf0c35,0,0,1,0,0,0,0,-0.08466980257786964,-0.03833799424789232,0.0,0.4504428868352547,-0.1787833623760387,1,56.0,1,1,-0.5015010092686214,-0.5015010092686213
2016-03-06,air_3525f11ef0bf0c35,0,0,0,1,0,0,0,0.032217743904340526,0.016716969334157866,0.0,-0.5692661214094241,-0.2601343497354196,1,78.0,1,1,-1.1266598016445741,-1.126659801644574
2016-03-07,air_3525f11ef0bf0c35,0,1,0,0,0,0,0,0.10235027179366625,0.016716969334157866,0.0,-0.9261642742950617,0.22797157442086613,1,45.0,1,1,-1.4106862722192255,-1.4106862722192255
2016-03-08,air_3525f11ef0bf0c35,0,0,0,0,0,1,0,-0.15480233046719558,-0.04934898696430251,0.0,-0.23786069372990354,-0.10905394463942629,1,44.0,1,1,-1.0798229850683307,-1.0798229850683305
2016-03-10,air_3525f11ef0bf0c35,0,0,0,0,1,0,0,-1.0431476837319913,-1.128426273172486,0.0,-0.8751788238828277,-0.8295912612510864,1,47.0,1,1,-1.0066874212166568,-1.0066874212166568
2016-03-11,air_3525f11ef0bf0c35,1,0,0,0,0,0,0,-1.0782139476766543,-0.9302284042771054,0.0,0.01706655833126615,-0.9806716663470795,1,33.0,1,1,-0.6723176344290379,-0.6723176344290378
2016-03-12,air_3525f11ef0bf0c35,0,0,1,0,0,0,0,-1.0899027023248753,-0.9192174115606953,0.0,1.2662100934309974,-1.15499521068861,1,92.0,1,1,-0.484719903864299,-0.4847199038642988
2016-03-13,air_3525f11ef0bf0c35,0,0,0,1,0,0,0,-0.9028826279533393,-0.6989975572324946,0.0,-0.8241933734705937,-1.003914805592617,1,93.0,1,1,-1.0770678782109047,-1.0770678782109044
2016-03-14,air_3525f11ef0bf0c35,0,1,0,0,0,0,0,-1.1366577209177593,-1.3486461275006867,0.0,-1.461511503623518,-0.8876991093649299,1,41.0,1,1,-1.3032371047796087,-1.3032371047796085
2016-03-15,air_3525f11ef0bf0c35,0,0,0,0,0,1,0,-0.9028826279533393,-0.7650635135309549,0.0,1.16423919260653,-0.8412128308738551,1,34.0,1,1,-1.0317338471932576,-1.0317338471932573
2016-03-17,air_3525f11ef0bf0c35,0,0,0,0,1,0,0,-0.37688866878339455,-0.060359979680712314,0.0,1.4191664446676997,-0.7598618435144741,1,62.0,1,1,-0.8967336111793799,-0.8967336111793798
2016-03-18,air_3525f11ef0bf0c35,1,0,0,0,0,0,0,-0.21324610370830055,-0.1044039505463527,0.0,-0.5437733962033071,-0.4112147548314129,1,69.0,1,1,-0.5260465067256901,-0.5260465067256899
2016-03-19,air_3525f11ef0bf0c35,0,0,1,0,0,0,0,-0.2483123676529636,-0.4127117466058338,0.0,-1.3340478775929332,-0.22526964086711337,1,77.0,1,1,-0.5087644728018356,-0.5087644728018355
2016-03-20,air_3525f11ef0bf0c35,0,0,0,1,0,0,0,-0.5872862524513723,-0.489788695620704,1.0,0.4504428868352547,-0.42283632445418157,1,120.0,1,1,-0.7184030582259832,-0.718403058225983
2016-03-21,air_3525f11ef0bf0c35,0,1,0,0,0,0,0,-0.7626175721746873,-0.6549535863668545,1.0,1.2662100934309974,-0.7366187042689366,1,113.0,1,1,-1.1582182983750908,-1.1582182983750906
2016-03-22,air_3525f11ef0bf0c35,0,0,0,0,0,1,0,-0.6574187803406984,-0.4237227393222436,0.0,1.3936737194615822,-0.9690500967243109,1,45.0,1,1,-1.0277264190370015,-1.0277264190370012
2016-03-24,air_3525f11ef0bf0c35,0,0,0,0,1,0,0,-0.8561276093604553,-0.7980964916801849,0.0,-0.41630977017272236,-0.7598618435144741,1,52.0,1,1,-0.9866502804353763,-0.9866502804353762
2016-03-25,air_3525f11ef0bf0c35,1,0,0,0,0,0,0,-1.0197701744355492,-0.9192174115606953,0.0,0.8583264901331261,-0.9458069574787735,1,29.0,1,1,-0.38954348515321646,-0.3895434851532163
2016-03-26,air_3525f11ef0bf0c35,0,0,1,0,0,0,0,-0.9379488918980022,-0.7210195426653148,0.0,1.1387464674004126,-1.0736442233292294,1,78.0,1,1,-0.3953041631278346,-0.39530416312783445
2016-03-27,air_3525f11ef0bf0c35,0,0,0,1,0,0,0,-0.7392400628782454,-0.5558546519191642,0.0,-0.05941161728708472,-0.9458069574787735,1,107.0,1,1,-0.9470769273923473,-0.9470769273923471
2016-03-28,air_3525f11ef0bf0c35,0,1,0,0,0,0,0,-0.6691075349889194,-0.6109096155012144,0.0,0.5014283372474887,-0.6785108561550931,1,48.0,1,1,-1.0630418796640084,-1.0630418796640082
2016-03-31,air_3525f11ef0bf0c35,0,0,0,0,1,0,0,0.020528989256119363,0.14884888193107823,0.0,0.6288919632780733,-0.16716179275326984,1,66.0,1,1,-0.8403791527320285,-0.8403791527320282
2016-04-01,air_3525f11ef0bf0c35,1,0,0,0,0,0,0,-0.21324610370830055,-0.46776671018788396,0.0,-1.461511503623518,0.030404890833798142,1,34.0,1,1,-0.635749852503201,-0.6357498525032008
2016-04-02,air_3525f11ef0bf0c35,0,0,1,0,0,0,0,0.06728400784900318,0.09379391834902805,0.0,-0.1103970676993187,0.053648030079335475,1,71.0,1,1,-0.6527814221672894,-0.6527814221672893
2016-04-03,air_3525f11ef0bf0c35,0,0,0,1,0,0,0,0.17248279968299238,0.2039038455131284,0.0,-1.3850333280051672,0.18148529592979146,1,64.0,1,1,-1.1717433684024552,-1.171743368402455
2016-04-04,air_3525f11ef0bf0c35,0,1,0,0,0,0,0,-0.037914783984985614,0.10480491106543824,0.0,-1.3085551523868162,-0.004459818034508071,1,56.0,1,1,-1.2831999639983283,-1.283199963998328
2016-04-05,air_3525f11ef0bf0c35,0,0,0,0,0,1,0,-0.21324610370830055,-0.26956884129250325,0.0,-0.41630977017272236,-0.05094609652558274,1,58.0,1,1,-1.0808248421073947,-1.0808248421073947
2016-04-07,air_3525f11ef0bf0c35,0,0,0,0,1,0,0,0.10235027179366625,0.2039038455131284,0.0,-1.461511503623518,0.030404890833798142,1,23.0,1,1,-1.1291644442422342,-1.129164444242234
2016-04-08,air_3525f11ef0bf0c35,1,0,0,0,0,0,0,-0.037914783984985614,-0.19249189227763305,0.0,-0.9261642742950617,0.07689116932487303,1,32.0,1,1,-0.5761393586788914,-0.5761393586788912
2016-04-09,air_3525f11ef0bf0c35,0,0,1,0,0,0,0,0.07897276249722433,0.2259258309459484,0.0,0.2974865355985529,-0.13229708388496383,1,91.0,1,1,-0.484719903864299,-0.4847199038642988
2016-04-10,air_3525f11ef0bf0c35,0,0,0,1,0,0,0,0.12572778109010815,0.03873895476697786,0.0,-1.3850333280051672,0.0885127389476417,1,100.0,1,1,-1.0587839872479863,-1.058783987247986
2016-04-11,air_3525f11ef0bf0c35,0,1,0,0,0,0,0,-0.5755974978031514,-0.46776671018788396,0.0,0.6798774136903075,-0.6552677169095558,1,37.0,1,1,-1.3052408188577367,-1.3052408188577367
2016-04-12,air_3525f11ef0bf0c35,0,0,0,0,0,1,0,-0.4937762152656045,-0.2915908267253232,0.0,1.16423919260653,-0.8412128308738551,1,35.0,1,1,-1.1434409070488964,-1.1434409070488962
2016-04-14,air_3525f11ef0bf0c35,0,0,0,0,1,0,0,0.2426153275723181,0.2919917872444088,0.0,0.883819215339243,0.22797157442086613,1,43.0,1,1,-1.0234685266209793,-1.023468526620979
2016-04-15,air_3525f11ef0bf0c35,1,0,0,0,0,0,0,-0.08466980257786964,0.005705976617747673,0.0,1.5976155211105183,-0.16716179275326984,1,32.0,1,1,-0.6036904272531521,-0.603690427253152
2016-04-16,air_3525f11ef0bf0c35,0,0,1,0,0,0,0,-0.002848520040322546,0.32502476539363895,0.0,1.5211373454921673,-0.45770103332248757,1,71.0,1,1,-0.39004441367274845,-0.39004441367274834
2016-04-17,air_3525f11ef0bf0c35,0,0,0,1,0,0,0,0.4647016658885173,0.5782775978710695,0.0,0.37396471121690383,0.3906735491396283,1,90.0,1,1,-1.0951013049140572,-1.095101304914057
2016-04-18,air_3525f11ef0bf0c35,0,1,0,0,0,0,0,-0.061292293281427525,-0.19249189227763305,0.0,-1.2065842515623484,0.007161751588260804,1,34.0,1,1,-1.3939051668149032,-1.393905166814903
2016-04-19,air_3525f11ef0bf0c35,0,0,0,0,0,1,0,-0.16649108511541652,-0.03833799424789232,0.0,1.2152246430187637,-0.2601343497354196,1,40.0,1,1,-1.0798229850683307,-1.0798229850683305
2016-04-20,air_3525f11ef0bf0c35,0,0,0,0,0,0,1,-0.061292293281427525,0.14884888193107823,0.0,1.623108246316635,-0.37635004596310667,1,1.0,1,1,-0.9473273916521132,-0.9473273916521131
2016-04-21,air_3525f11ef0bf0c35,0,0,0,0,1,0,0,-0.08466980257786964,-0.4347337320386538,0.0,-1.461511503623518,0.19310686555256013,1,35.0,1,1,-1.052772845013602,-1.0527728450136018
2016-04-22,air_3525f11ef0bf0c35,1,0,0,0,0,0,0,0.3595028740545281,0.34704675082645897,0.0,0.4504428868352547,0.3558088402713221,1,65.0,1,1,-0.5581059319757389,-0.5581059319757388
2016-04-23,air_3525f11ef0bf0c35,0,0,1,0,0,0,0,0.3010591008134231,0.42412369984132914,0.0,0.11903745915573412,0.19310686555256013,1,58.0,1,1,-0.46167719196582635,-0.46167719196582624
2016-04-24,air_3525f11ef0bf0c35,0,0,0,1,0,0,0,0.1958603089794343,0.32502476539363895,0.0,-0.0849043424932016,0.274457852911941,1,104.0,1,1,-1.0738118428339467,-1.0738118428339465
2016-04-25,air_3525f11ef0bf0c35,0,1,0,0,0,0,0,0.31274785546164424,0.5122116415726096,0.0,0.27199381039243586,0.10013430857041036,1,36.0,1,1,-1.2581535380217275,-1.2581535380217272
2016-04-26,air_3525f11ef0bf0c35,0,0,0,0,0,1,0,0.49976792983318036,0.7544534813336302,0.0,1.5466300706982845,0.3558088402713221,1,51.0,1,1,-0.9838951735779502,-0.9838951735779501
2016-04-28,air_3525f11ef0bf0c35,0,0,0,0,1,0,0,0.04390649855256127,-0.13743692869558288,0.0,-1.461511503623518,0.0885127389476417,1,21.0,1,1,-0.7246646647201334,-0.7246646647201331
2016-04-29,air_3525f11ef0bf0c35,1,0,0,0,0,0,0,-0.34182240483873144,-0.3356347975909632,1.0,0.27199381039243586,-0.24851278011265093,1,96.0,1,1,-0.5530966467804188,-0.5530966467804186
2016-04-30,air_3525f11ef0bf0c35,0,0,1,0,0,0,0,-0.061292293281427525,0.14884888193107823,0.0,1.776064597553337,-0.5041873118135625,1,103.0,1,1,-0.59692789223947,-0.5969278922394698
2016-05-01,air_3525f11ef0bf0c35,0,0,0,1,0,0,0,0.3828803833509704,0.47917866342337934,0.0,0.883819215339243,0.07689116932487303,1,99.0,1,1,-0.8751936848395033,-0.8751936848395032
2016-05-02,air_3525f11ef0bf0c35,0,1,0,0,0,0,0,0.5699004577225061,0.9416403575126008,0.0,1.5211373454921673,0.22797157442086613,1,64.0,1,1,-1.013700420490105,-1.0137004204901048
2016-05-03,air_3525f11ef0bf0c35,0,0,0,0,0,1,0,0.5815892123707272,0.46816767070696913,1.0,-1.410526053211284,0.4487813972534718,1,87.0,1,1,-0.7301748784349855,-0.7301748784349853
2016-05-05,air_3525f11ef0bf0c35,0,0,0,0,1,0,0,0.5582117030742854,0.5012006488561993,1.0,1.4191664446676997,0.6347265112177709,1,111.0,1,1,-0.9773831028240341,-0.9773831028240338
2016-05-06,air_3525f11ef0bf0c35,1,0,0,0,0,0,0,0.13741653573832932,0.09379391834902805,0.0,-1.461511503623518,0.40229511876239676,1,26.0,1,1,-1.130917694060596,-1.130917694060596
2016-05-07,air_3525f11ef0bf0c35,0,0,1,0,0,0,0,0.3010591008134231,0.2369368236623586,0.0,-0.5947588466155411,0.3790519795168594,1,88.0,1,1,-0.7061303094974488,-0.7061303094974487
2016-05-08,air_3525f11ef0bf0c35,0,0,0,1,0,0,0,0.44132415659207536,0.5672666051546597,0.0,1.4446591698738165,0.13499901743871656,1,79.0,1,1,-1.045258917220622,-1.0452589172206217
2016-05-09,air_3525f11ef0bf0c35,0,1,0,0,0,0,0,0.04390649855256127,-0.13743692869558288,0.0,-1.461511503623518,0.22797157442086613,1,30.0,1,1,-1.4715490873423651,-1.471549087342365
2016-05-10,air_3525f11ef0bf0c35,0,0,0,0,0,1,0,0.2543040822205393,0.06076094019979786,0.0,-1.4360187784174012,0.33256570102578453,1,30.0,1,1,-1.3097491755335249,-1.3097491755335247
2016-05-12,air_3525f11ef0bf0c35,0,0,0,0,1,0,0,0.37119162870274924,0.6113105760202997,0.0,1.9035282235839217,0.018783321211029474,1,49.0,1,1,-1.0004258147225067,-1.0004258147225065
2016-05-13,air_3525f11ef0bf0c35,1,0,0,0,0,0,0,0.5699004577225061,0.6002995833038899,0.0,1.5211373454921673,0.4487813972534718,1,56.0,1,1,-0.6447665658547772,-0.6447665658547771
2016-05-14,air_3525f11ef0bf0c35,0,0,1,0,0,0,0,0.686788004204716,0.8205194376320907,0.0,1.5721227959044015,0.48364610612177766,1,82.0,1,1,-0.484719903864299,-0.4847199038642988
2016-05-15,air_3525f11ef0bf0c35,0,0,0,1,0,0,0,0.710165513501158,0.7324314959008102,0.0,1.16423919260653,0.5998618023494647,1,111.0,1,1,-1.0973554832519512,-1.097355483251951
2016-05-16,air_3525f11ef0bf0c35,0,1,0,0,0,0,0,0.6517217402600529,0.7984974521992703,0.0,-0.3653243197604884,0.11175587819317903,1,45.0,1,1,-1.4106862722192255,-1.4106862722192255
2016-05-17,air_3525f11ef0bf0c35,0,0,0,0,0,1,0,0.17248279968299238,0.40210171440850917,0.0,1.3426882690493487,-0.12067551426219517,1,34.0,1,1,-1.239118254279511,-1.239118254279511
2016-05-19,air_3525f11ef0bf0c35,0,0,0,0,1,0,0,0.6750992495564953,0.8425414230649106,0.0,1.5721227959044015,0.48364610612177766,1,52.0,1,1,-1.0284778118162994,-1.0284778118162992
2016-05-20,air_3525f11ef0bf0c35,1,0,0,0,0,0,0,0.6984767588529371,0.9086073793633707,0.0,0.9093119405453602,0.7393206378226896,1,47.0,1,1,-0.6442656373352452,-0.6442656373352451
2016-05-21,air_3525f11ef0bf0c35,0,0,1,0,0,0,0,0.7686092867422629,0.9086073793633707,0.0,1.8270500479655711,0.5998618023494647,1,100.0,1,1,-0.37025773715123395,-0.3702577371512338
2016-05-22,air_3525f11ef0bf0c35,0,0,0,1,0,0,0,0.686788004204716,0.7874864594828604,0.0,1.8270500479655711,0.4952676757445465,1,71.0,1,1,-1.1013629114082073,-1.101362911408207
2016-05-23,air_3525f11ef0bf0c35,0,1,0,0,0,0,0,1.0140731343549039,1.1068052482587514,0.0,1.623108246316635,0.762563777068227,1,47.0,1,1,-1.3024857120003106,-1.3024857120003106
2016-05-24,air_3525f11ef0bf0c35,0,0,0,0,0,1,0,0.9322518518173571,0.9416403575126008,0.0,0.7563555893086581,0.8206716251820705,1,52.0,1,1,-1.1917805091837357,-1.1917805091837357
2016-05-26,air_3525f11ef0bf0c35,0,0,0,0,1,0,0,0.9439406064655779,0.930629364796191,0.0,-0.8751788238828277,1.0647245872602131,1,48.0,1,1,-0.9520862125876673,-0.9520862125876672
2016-05-27,air_3525f11ef0bf0c35,1,0,0,0,0,0,0,0.838741814631589,0.8535524157813205,0.0,0.6033992380719564,0.8090500555593017,1,50.0,1,1,-0.6605458142200357,-0.6605458142200354
2016-05-28,air_3525f11ef0bf0c35,0,0,1,0,0,0,0,0.5231454391296223,0.2479478163787684,0.0,-1.461511503623518,0.7276990681999207,1,84.0,1,1,-0.4666864771611465,-0.46668647716114636
2016-05-29,air_3525f11ef0bf0c35,0,0,0,1,0,0,0,0.593277967018948,0.7544534813336302,0.0,-0.05941161728708472,0.5766186631039274,1,63.0,1,1,-0.9678654609529258,-0.9678654609529257
2016-05-30,air_3525f11ef0bf0c35,0,1,0,0,0,0,0,0.5815892123707272,0.5232226342890193,0.0,-1.3850333280051672,0.5882402327266962,1,32.0,1,1,-1.2894615704924783,-1.2894615704924781
2016-05-31,air_3525f11ef0bf0c35,0,0,0,0,0,1,0,0.9088743425209151,0.9416403575126008,0.0,1.062268291782062,0.8671579036731452,1,48.0,1,1,-1.0632923439237743,-1.0632923439237743
2016-06-02,air_3525f11ef0bf0c35,0,0,0,0,1,0,0,0.39456913799919113,0.46816767070696913,0.0,1.7505718723472201,0.4255382580079341,1,53.0,1,1,-1.0239694551405114,-1.0239694551405112
2016-06-03,air_3525f11ef0bf0c35,1,0,0,0,0,0,0,0.5231454391296223,0.6553545468859401,0.0,1.9800063992022727,0.19310686555256013,1,51.0,1,1,-0.7179021297064512,-0.7179021297064511
2016-06-04,air_3525f11ef0bf0c35,0,0,1,0,0,0,0,0.6400329856118322,0.5452446197218397,0.0,-0.9261642742950617,0.681212789708846,1,82.0,1,1,-0.5450817904679066,-0.5450817904679064
2016-06-05,air_3525f11ef0bf0c35,0,0,0,1,0,0,0,0.37119162870274924,0.3140137726772288,0.0,-0.8241933734705937,0.32094413140301586,1,75.0,1,1,-1.1301663012812981,-1.130166301281298
2016-06-06,air_3525f11ef0bf0c35,0,1,0,0,0,0,0,0.7335430227976003,0.8315304303485004,0.0,0.5524137876597226,0.5882402327266962,1,37.0,1,1,-1.3170126390667392,-1.317012639066739
2016-06-07,air_3525f11ef0bf0c35,0,0,0,0,0,1,0,0.476390420536738,0.2589588090951786,0.0,-1.461511503623518,0.681212789708846,1,23.0,1,1,-1.1729956897012852,-1.172995689701285
2016-06-09,air_3525f11ef0bf0c35,0,0,0,0,1,0,0,0.8504305692798102,0.8315304303485004,0.0,-0.44180249537883926,0.960130460655295,1,54.0,1,1,-1.0595353800272842,-1.059535380027284
2016-06-10,air_3525f11ef0bf0c35,1,0,0,0,0,0,0,1.0842056622442302,1.1948931899900317,0.0,2.0054991244083897,0.9020226125414513,1,57.0,1,1,-0.6237275680344326,-0.6237275680344325
2016-06-11,air_3525f11ef0bf0c35,0,0,1,0,0,0,0,1.0608281529477879,1.0627612773931114,0.0,0.27199381039243586,1.0298598783919073,1,62.0,1,1,-0.46418183456348644,-0.4641818345634863
2016-06-12,air_3525f11ef0bf0c35,0,0,0,1,0,0,0,0.9088743425209151,0.8095084449156804,0.0,-0.9771497247072957,0.960130460655295,1,70.0,1,1,-1.088589234160141,-1.0885892341601409
2016-06-13,air_3525f11ef0bf0c35,0,1,0,0,0,0,0,0.745231777445821,0.6333325614531197,0.0,-1.35954060279905,0.9252657517869887,1,31.0,1,1,-1.3778754541898788,-1.3778754541898786
2016-06-14,air_3525f11ef0bf0c35,0,0,0,0,0,1,0,0.9906956250584621,0.930629364796191,0.0,-0.46729522058495626,0.960130460655295,1,43.0,1,1,-1.0991087330703133,-1.099108733070313
2016-06-16,air_3525f11ef0bf0c35,0,0,0,0,1,0,0,0.7218542681493791,0.44614568527414916,0.0,-1.461511503623518,0.9252657517869887,1,23.0,1,1,-1.1101291605000176,-1.1101291605000174
2016-06-17,air_3525f11ef0bf0c35,1,0,0,0,0,0,0,0.9322518518173571,0.7214205031844001,0.0,-0.5437733962033071,0.9252657517869887,1,42.0,1,1,-0.5528461825206528,-0.5528461825206527
2016-06-18,air_3525f11ef0bf0c35,0,0,1,0,0,0,0,1.1543381901335559,1.2829811317213118,0.0,1.6995864219349863,0.8671579036731452,1,98.0,1,1,-0.46167719196582635,-0.46167719196582624
2016-06-19,air_3525f11ef0bf0c35,0,0,0,1,0,0,0,0.7218542681493791,0.5122116415726096,0.0,-1.461511503623518,0.8671579036731452,1,107.0,1,1,-1.082077163406225,-1.0820771634062247
2016-06-20,air_3525f11ef0bf0c35,0,1,0,0,0,0,0,1.0491393982995671,0.8645634084977306,0.0,-0.3143388693482544,1.0531030176374447,1,42.0,1,1,-1.3473188144984258,-1.3473188144984256
2016-06-21,air_3525f11ef0bf0c35,0,0,0,0,0,1,0,1.0491393982995671,0.952651350229011,0.0,0.27199381039243586,0.9252657517869887,1,52.0,1,1,-1.1334223366582563,-1.133422336658256
2016-06-23,air_3525f11ef0bf0c35,0,0,0,0,1,0,0,1.0140731343549039,0.9856843283782412,0.0,-0.00842616687485073,1.0298598783919073,1,47.0,1,1,-1.0670493078202645,-1.0670493078202643
2016-06-24,air_3525f11ef0bf0c35,1,0,0,0,0,0,0,0.7335430227976003,0.7874864594828604,0.0,-0.9261642742950617,0.832293194804839,1,32.0,1,1,-0.5746365731202954,-0.5746365731202953
2016-06-25,air_3525f11ef0bf0c35,0,0,1,0,0,0,0,0.8738080785762521,0.8205194376320907,0.0,-1.4360187784174012,0.9020226125414513,1,76.0,1,1,-0.41233573279192304,-0.4123357327919229
2016-06-26,air_3525f11ef0bf0c35,0,0,0,1,0,0,0,0.8738080785762521,0.7434424886172201,0.0,1.1897319178126469,0.948508891032526,1,77.0,1,1,-0.975379388745906,-0.9753793887459058
2016-06-27,air_3525f11ef0bf0c35,0,1,0,0,0,0,0,0.838741814631589,1.0297282992438812,0.0,0.3229792608046698,0.6463480808405399,1,31.0,1,1,-1.2927176058694365,-1.2927176058694363
2016-06-28,air_3525f11ef0bf0c35,0,0,0,0,0,1,0,0.5465229484260642,0.46816767070696913,0.0,-1.3850333280051672,0.681212789708846,1,49.0,1,1,-1.1469474066856207,-1.1469474066856205
2016-06-29,air_3525f11ef0bf0c35,0,0,0,0,0,0,1,0.7802980413904841,0.6113105760202997,0.0,-1.3340478775929332,0.8439147644276078,1,6.0,1,1,-0.9701196392908199,-0.9701196392908197
2016-07-01,air_3525f11ef0bf0c35,1,0,0,0,0,0,0,1.282914491263987,1.2719701390049023,0.0,0.8073410397208923,1.27391284047005,1,36.0,1,1,1.620432199468987,1.620432199468987
2016-07-02,air_3525f11ef0bf0c35,0,0,1,0,0,0,0,1.516689584228407,1.5252229714823329,0.0,1.5721227959044015,1.436614815188812,1,64.0,1,1,1.7251262600511776,1.7251262600511779
2016-07-03,air_3525f11ef0bf0c35,0,0,0,1,0,0,0,1.55175584817307,1.4481460224674623,0.0,1.2407173682248807,1.63418149877588,1,82.0,1,1,0.417953288332389,0.41795328833238915
2016-07-04,air_3525f11ef0bf0c35,0,1,0,0,0,0,0,1.5868221121177326,1.536233964198743,0.0,1.036775566575945,1.6109383595303428,1,29.0,1,1,-0.0899882304730725,-0.08998823047307235
2016-07-05,air_3525f11ef0bf0c35,0,0,0,0,0,1,0,1.5868221121177326,1.7234208403777131,0.0,1.4701518950799335,1.5412089417937305,1,52.0,1,1,0.34907561689673716,0.3490756168967373
2016-07-06,air_3525f11ef0bf0c35,0,0,0,0,0,0,1,1.4816233202837439,1.393091058885412,0.0,1.0877610169881788,1.5063442329254242,1,2.0,1,1,0.6516364426940732,0.6516364426940733
2016-07-07,air_3525f11ef0bf0c35,0,0,0,0,1,0,0,1.55175584817307,1.5472449569151532,0.0,1.3936737194615822,1.5644520810392677,1,73.0,1,1,0.6075547329752561,0.6075547329752562
2016-07-08,air_3525f11ef0bf0c35,1,0,0,0,0,0,0,1.2478482273193239,1.0627612773931114,0.0,-1.461511503623518,1.2158049923562064,1,48.0,1,1,1.4846805706758113,1.4846805706758115
2016-07-09,air_3525f11ef0bf0c35,0,0,1,0,0,0,0,0.9322518518173571,0.7104095104679903,0.0,-1.1810915263562314,1.0531030176374447,1,65.0,1,1,1.6848015142288506,1.6848015142288508
2016-07-10,air_3525f11ef0bf0c35,0,0,0,1,0,0,0,1.376424528449755,1.305003117154132,0.0,0.4249501616291378,1.3785069670749686,1,93.0,1,1,0.5236492059536438,0.523649205953644
2016-07-11,air_3525f11ef0bf0c35,0,1,0,0,0,0,0,1.458245810987302,1.4371350297510528,0.0,-0.00842616687485073,1.5295873721709614,1,56.0,1,1,-0.12329997702195138,-0.12329997702195124
2016-07-12,air_3525f11ef0bf0c35,0,0,0,0,0,1,0,1.3998020377461968,1.1838821972736215,0.0,-1.2320769767684652,1.5412089417937305,1,33.0,1,1,0.3590941872873774,0.3590941872873776
2016-07-14,air_3525f11ef0bf0c35,0,0,0,0,1,0,0,1.3062920005604288,1.3270251025869524,0.0,0.11903745915573412,1.4249932455660432,1,51.0,1,1,0.5517012030474365,0.5517012030474366
2016-07-15,air_3525f11ef0bf0c35,1,0,0,0,0,0,0,1.072516907596009,0.8095084449156804,0.0,-1.410526053211284,1.27391284047005,1,18.0,1,1,1.3429177996482515,1.3429177996482518
2016-07-16,air_3525f11ef0bf0c35,0,0,1,0,0,0,0,1.2361594726711027,1.1948931899900317,0.0,-0.28884614414213755,1.204183422733438,1,78.0,1,1,1.6454786254455875,1.6454786254455878
2016-07-17,air_3525f11ef0bf0c35,0,0,0,1,0,0,0,1.3881132830979757,1.1508492191243918,0.0,-1.2575697019745824,1.4482363848115807,1,78.0,1,1,1.0268319038235512,1.0268319038235514
2016-07-18,air_3525f11ef0bf0c35,0,1,0,0,0,0,0,1.3998020377461968,1.3160141098705422,1.0,1.1897319178126469,1.3901285366977372,1,57.0,1,1,0.006941438056372079,0.006941438056372219
2016-07-19,air_3525f11ef0bf0c35,0,0,0,0,0,1,0,1.4114907923944178,1.4371350297510528,0.0,1.623108246316635,1.355263827829431,1,50.0,1,1,0.12415871162686319,0.12415871162686333
2016-07-21,air_3525f11ef0bf0c35,0,0,0,0,1,0,0,1.31798075520865,1.3270251025869524,0.0,0.8073410397208923,1.2390481316017439,1,66.0,1,1,0.5932782701685937,0.5932782701685938
2016-07-22,air_3525f11ef0bf0c35,1,0,0,0,0,0,0,1.3530470191533126,1.5142119787659227,0.0,1.062268291782062,1.2390481316017439,1,68.0,1,1,1.3854967238084728,1.3854967238084728
2016-07-23,air_3525f11ef0bf0c35,0,0,1,0,0,0,0,1.2946032459122077,1.3380360953033619,0.0,1.1132537421942958,1.2855344100928188,1,91.0,1,1,1.5966380947912162,1.5966380947912164
2016-07-24,air_3525f11ef0bf0c35,0,0,0,1,0,0,0,1.2361594726711027,1.1838821972736215,0.0,-0.23786069372990354,1.27391284047005,1,91.0,1,1,0.4031758970061946,0.4031758970061947
2016-07-25,air_3525f11ef0bf0c35,0,1,0,0,0,0,0,1.259536981967545,1.0957942555423414,0.0,-1.1555988011501144,1.471479524057118,1,46.0,1,1,-0.026871237012038817,-0.02687123701203868
2016-07-26,air_3525f11ef0bf0c35,0,0,0,0,0,1,0,1.1543381901335559,0.930629364796191,0.0,-1.461511503623518,1.3320206885838934,1,38.0,1,1,0.46178453379144013,0.4617845337914403
2016-07-28,air_3525f11ef0bf0c35,0,0,0,0,1,0,0,1.458245810987302,1.4041020516018223,0.0,-0.28884614414213755,1.471479524057118,1,61.0,1,1,0.7483156469637517,0.7483156469637519
2016-07-29,air_3525f11ef0bf0c35,1,0,0,0,0,0,0,1.4465570563390808,1.4151130443182325,0.0,0.6288919632780733,1.4249932455660432,1,69.0,1,1,1.5503022067345051,1.5503022067345051
2016-07-30,air_3525f11ef0bf0c35,0,0,1,0,0,0,0,1.5400670935248488,1.668365876795663,0.0,1.5976155211105183,1.599316789907574,1,71.0,1,1,1.6294489128205631,1.6294489128205634
2016-07-31,air_3525f11ef0bf0c35,0,0,0,1,0,0,0,1.5634446028212907,1.6133109132136128,0.0,1.2407173682248807,1.599316789907574,1,66.0,1,1,0.4332316081781154,0.4332316081781155
2016-08-01,air_3525f11ef0bf0c35,0,1,0,0,0,0,0,1.6218883760623957,1.5692669423479728,0.0,1.1897319178126469,1.5760736506620365,1,47.0,1,1,-0.06343901893787579,-0.06343901893787565
2016-08-02,air_3525f11ef0bf0c35,0,0,0,0,0,1,0,1.5634446028212907,1.5252229714823329,0.0,0.11903745915573412,1.63418149877588,1,53.0,1,1,0.17450202783983054,0.17450202783983065
2016-08-04,air_3525f11ef0bf0c35,0,0,0,0,1,0,0,1.6452658853588376,1.7344318330941233,0.0,1.036775566575945,1.5528305114164993,1,58.0,1,1,0.5617197734380768,0.5617197734380769
2016-08-05,air_3525f11ef0bf0c35,1,0,0,0,0,0,0,1.6452658853588376,1.7234208403777131,0.0,0.9093119405453602,1.7039109165124922,1,60.0,1,1,1.2702831643161097,1.2702831643161097
2016-08-06,air_3525f11ef0bf0c35,0,0,1,0,0,0,0,1.610199621414175,1.7894867966761736,0.0,0.3484719860107867,1.7387756253807984,1,47.0,1,1,1.1069804669486734,1.1069804669486734
2016-08-07,air_3525f11ef0bf0c35,0,0,0,1,0,0,0,1.6686433946552799,1.7784758039597635,0.0,1.3681809942554655,1.6225599291531112,1,93.0,1,1,0.3002350862423659,0.300235086242366
2016-08-08,air_3525f11ef0bf0c35,0,1,0,0,0,0,0,1.7270871678963848,1.7234208403777131,0.0,1.648600971522752,1.6922893468897238,1,55.0,1,1,-0.050915805949575454,-0.050915805949575316
2016-08-09,air_3525f11ef0bf0c35,0,0,0,0,0,1,0,1.6569546400070587,1.6133109132136128,0.0,1.1897319178126469,1.7039109165124922,1,53.0,1,1,0.5101241359262795,0.5101241359262796
2016-08-11,air_3525f11ef0bf0c35,0,0,0,0,1,0,0,1.5050008295801858,1.7124098476613037,1.0,1.725079147141103,1.3320206885838934,1,62.0,1,1,0.9777409089094139,0.977740908909414
2016-08-12,air_3525f11ef0bf0c35,1,0,0,0,0,0,0,1.55175584817307,1.624321905930023,0.0,1.8015573227594541,1.436614815188812,1,60.0,1,1,0.6859500462820161,0.6859500462820163
2016-08-13,air_3525f11ef0bf0c35,0,0,1,0,0,0,0,1.610199621414175,1.6353328986464333,1.0,1.5721227959044015,1.5644520810392677,1,72.0,1,1,0.7979075703974211,0.7979075703974212
2016-08-14,air_3525f11ef0bf0c35,0,0,0,1,0,0,0,1.5751333574695119,1.6353328986464333,1.0,0.9093119405453602,1.5876952202848051,1,53.0,1,1,0.09886182139049653,0.09886182139049665
2016-08-15,air_3525f11ef0bf0c35,0,1,0,0,0,0,0,1.55175584817307,1.6353328986464333,1.0,-0.0849043424932016,1.6225599291531112,1,55.0,1,1,-0.2557955704381689,-0.25579557043816875
2016-08-18,air_3525f11ef0bf0c35,0,0,0,0,1,0,0,1.6335771307106168,1.6903878622284834,0.0,0.11903745915573412,1.5876952202848051,1,48.0,1,1,0.34832422411743913,0.3483242241174393
2016-08-19,air_3525f11ef0bf0c35,1,0,0,0,0,0,0,1.7153984132481637,1.9216187092730943,0.0,0.4759356120413715,1.715532486135261,1,38.0,1,1,1.245487202599275,1.2454872025992751
2016-08-20,air_3525f11ef0bf0c35,0,0,1,0,0,0,0,1.7855309411374898,1.8665637456910442,0.0,1.1897319178126469,1.6922893468897238,1,66.0,1,1,1.166340496513217,1.166340496513217
2016-08-21,air_3525f11ef0bf0c35,0,0,0,1,0,0,0,1.7504646771928267,1.7894867966761736,0.0,1.3426882690493487,1.7503971950035673,1,74.0,1,1,0.17074506394334044,0.17074506394334057
2016-08-22,air_3525f11ef0bf0c35,0,1,0,0,0,0,0,1.7270871678963848,1.7234208403777131,0.0,0.5269210624536055,1.843369751985717,1,50.0,1,1,-0.6294882460090508,-0.6294882460090506
2016-08-23,air_3525f11ef0bf0c35,0,0,0,0,0,1,0,1.6335771307106168,1.6793768695120732,0.0,-0.05941161728708472,1.715532486135261,1,44.0,1,1,0.304743442918154,0.30474344291815414
2016-08-25,air_3525f11ef0bf0c35,0,0,0,0,1,0,0,1.5634446028212907,1.6793768695120732,0.0,0.7818483145147754,1.5528305114164993,1,47.0,1,1,0.5198922420571537,0.5198922420571538
2016-08-26,air_3525f11ef0bf0c35,1,0,0,0,0,0,0,1.5751333574695119,1.6133109132136128,0.0,1.0877610169881788,1.5760736506620365,1,28.0,1,1,1.4461090746718464,1.4461090746718464
2016-08-27,air_3525f11ef0bf0c35,0,0,1,0,0,0,0,1.3062920005604288,1.2719701390049023,0.0,0.09354473394961701,1.436614815188812,1,71.0,1,1,1.4884375345723013,1.4884375345723015
2016-08-28,air_3525f11ef0bf0c35,0,0,0,1,0,0,0,1.2127819633746608,1.2609591462884921,0.0,-0.7222224726461259,1.2622912708472815,1,63.0,1,1,0.5409312398774982,0.5409312398774984
2016-08-29,air_3525f11ef0bf0c35,0,1,0,0,0,0,0,0.955629361113799,0.8315304303485004,0.0,-1.461511503623518,0.9368873214097576,1,26.0,1,1,-0.24577700004752864,-0.24577700004752848
2016-08-30,air_3525f11ef0bf0c35,0,0,0,0,0,1,0,0.9790068704102409,0.8315304303485004,0.0,1.1132537421942958,0.9717520302780638,1,57.0,1,1,0.2869604804747675,0.28696048047476763
2016-09-01,air_3525f11ef0bf0c35,0,0,0,0,1,0,0,1.3647357738015338,1.3160141098705422,0.0,1.2152246430187637,1.2506697012245127,1,40.0,1,1,0.31125551367207016,0.31125551367207027
2016-09-02,air_3525f11ef0bf0c35,1,0,0,0,0,0,0,1.376424528449755,1.4811790006166927,0.0,1.3171955438432317,1.2274265619789753,1,34.0,1,1,1.1205055369760377,1.1205055369760377
2016-09-03,air_3525f11ef0bf0c35,0,0,1,0,0,0,0,1.4816233202837439,1.4591570151838724,0.0,-0.05941161728708472,1.436614815188812,1,73.0,1,1,1.51173071073054,1.5117307107305402
2016-09-04,air_3525f11ef0bf0c35,0,0,0,1,0,0,0,1.516689584228407,1.5582559496315627,0.0,0.4759356120413715,1.4947226633026558,1,61.0,1,1,0.21582863070122163,0.21582863070122177
2016-09-05,air_3525f11ef0bf0c35,0,1,0,0,0,0,0,1.3062920005604288,1.2169151754228518,0.0,-0.7987006482644768,1.436614815188812,1,37.0,1,1,-0.184663720664623,-0.18466372066462286
2016-09-06,air_3525f11ef0bf0c35,0,0,0,0,0,1,0,1.2946032459122077,1.3600580807361822,0.0,-0.4927879457910732,1.4482363848115807,1,33.0,1,1,0.2869604804747675,0.28696048047476763
2016-09-07,air_3525f11ef0bf0c35,0,0,0,0,0,0,1,1.458245810987302,1.5472449569151532,0.0,0.6798774136903075,1.3785069670749686,1,1.0,1,1,0.35183072375416324,0.35183072375416335
2016-09-08,air_3525f11ef0bf0c35,0,0,0,0,1,0,0,1.189404454078219,0.8975963866469608,0.0,-1.1810915263562314,1.27391284047005,1,46.0,1,1,0.45076410636173586,0.45076410636173597
2016-09-09,air_3525f11ef0bf0c35,1,0,0,0,0,0,0,1.072516907596009,1.051750284676701,0.0,0.11903745915573412,1.1809402834879001,1,46.0,1,1,1.3334001577771433,1.3334001577771435
2016-09-10,air_3525f11ef0bf0c35,0,0,1,0,0,0,0,1.072516907596009,1.1838821972736215,0.0,1.3936737194615822,0.960130460655295,1,75.0,1,1,1.6745324795784444,1.6745324795784444
2016-09-11,air_3525f11ef0bf0c35,0,0,0,1,0,0,0,1.2478482273193239,1.3600580807361822,0.0,0.3484719860107867,1.1809402834879001,1,78.0,1,1,0.5103746001860454,0.5103746001860455
2016-09-12,air_3525f11ef0bf0c35,0,1,0,0,0,0,0,1.3062920005604288,1.1618602118408015,0.0,-1.1046133507378804,1.2855344100928188,1,43.0,1,1,-0.17038725785796063,-0.1703872578579605
2016-09-13,air_3525f11ef0bf0c35,0,0,0,0,0,1,0,1.002384379706683,0.6223215687367099,0.0,-1.461511503623518,1.2506697012245127,1,32.0,1,1,0.17675620617772458,0.17675620617772472
2016-09-15,air_3525f11ef0bf0c35,0,0,0,0,1,0,0,1.037450643651346,0.8425414230649106,0.0,-0.9771497247072957,1.1693187138651318,1,42.0,1,1,0.6591503704870534,0.6591503704870535
2016-09-16,air_3525f11ef0bf0c35,1,0,0,0,0,0,0,1.1543381901335559,1.1728712045572116,0.0,-0.44180249537883926,1.1460755746195945,1,31.0,1,1,1.2878156624997301,1.2878156624997301
2016-09-17,air_3525f11ef0bf0c35,0,0,1,0,0,0,0,1.3647357738015338,1.2059041827064418,0.0,-0.46729522058495626,1.436614815188812,1,52.0,1,1,1.5976399518302804,1.5976399518302804
2016-09-18,air_3525f11ef0bf0c35,0,0,0,1,0,0,0,1.072516907596009,0.7984974521992703,0.0,-1.461511503623518,1.2158049923562064,1,61.0,1,1,0.8081766050478274,0.8081766050478275
2016-09-19,air_3525f11ef0bf0c35,0,1,0,0,0,0,0,0.897185587872694,0.6333325614531197,1.0,-1.461511503623518,0.948508891032526,1,50.0,1,1,-0.17239097193608868,-0.17239097193608854
2016-09-20,air_3525f11ef0bf0c35,0,0,0,0,0,1,0,0.593277967018948,0.19289285279671822,0.0,-1.461511503623518,0.8671579036731452,1,12.0,1,1,-0.49674218833306727,-0.49674218833306716
2016-09-22,air_3525f11ef0bf0c35,0,0,0,0,1,0,0,0.7919867960387053,0.6883875250351699,1.0,-1.3340478775929332,1.0182383087691385,1,46.0,1,1,0.5011074225747032,0.5011074225747033
2016-09-23,air_3525f11ef0bf0c35,1,0,0,0,0,0,0,0.7802980413904841,0.6663655396023499,0.0,-1.0536279003256466,0.9717520302780638,1,45.0,1,1,0.8237053891533198,0.8237053891533199
2016-09-24,air_3525f11ef0bf0c35,0,0,1,0,0,0,0,0.7218542681493791,0.5342336270054295,0.0,-1.1555988011501144,0.8555363340503767,1,54.0,1,1,1.4458586104120803,1.4458586104120803
2016-09-25,air_3525f11ef0bf0c35,0,0,0,1,0,0,0,1.1192719261888928,1.1068052482587514,0.0,-0.41630977017272236,1.1228324353740566,1,66.0,1,1,0.4452538926468837,0.44525389264688386
2016-09-26,air_3525f11ef0bf0c35,0,1,0,0,0,0,0,1.072516907596009,1.051750284676701,0.0,-0.7477151978522429,1.1112108657512882,1,35.0,1,1,-0.017353595140930565,-0.017353595140930426
2016-09-27,air_3525f11ef0bf0c35,0,0,0,0,0,1,0,1.31798075520865,1.305003117154132,0.0,-0.46729522058495626,1.204183422733438,1,41.0,1,1,0.4006712544085345,0.4006712544085347
2016-09-29,air_3525f11ef0bf0c35,0,0,0,0,1,0,0,0.7802980413904841,0.6223215687367099,0.0,-1.461511503623518,0.9020226125414513,1,30.0,1,1,0.5592151308404167,0.5592151308404169
2016-09-30,air_3525f11ef0bf0c35,1,0,0,0,0,0,0,0.745231777445821,0.8095084449156804,0.0,-0.3398315945543713,0.750942207445458,1,32.0,1,1,1.4916935699492595,1.4916935699492595
2016-10-01,air_3525f11ef0bf0c35,0,0,1,0,0,0,0,0.9322518518173571,0.7764754667664503,0.0,-0.9771497247072957,0.9833735999008323,1,67.0,1,1,1.514485817587966,1.5144858175879663
2016-10-02,air_3525f11ef0bf0c35,0,0,0,1,0,0,0,1.2361594726711027,1.1618602118408015,0.0,0.27199381039243586,1.2855344100928188,1,71.0,1,1,0.40768425368198274,0.40768425368198286
2016-10-04,air_3525f11ef0bf0c35,0,0,0,0,0,1,0,0.8738080785762521,0.9086073793633707,0.0,-0.9771497247072957,0.9717520302780638,1,35.0,1,1,0.24713666317197247,0.24713666317197258
2016-10-06,air_3525f11ef0bf0c35,0,0,0,0,1,0,0,0.897185587872694,0.8975963866469608,0.0,0.7308628641025412,0.8671579036731452,1,28.0,1,1,0.44926132080313985,0.44926132080313996
2016-10-07,air_3525f11ef0bf0c35,1,0,0,0,0,0,0,0.6984767588529371,0.7654644740500405,0.0,0.6033992380719564,0.5301323846128527,1,35.0,1,1,1.2354686322086348,1.2354686322086348
2016-10-08,air_3525f11ef0bf0c35,0,0,1,0,0,0,0,1.166026944781777,1.1508492191243918,0.0,-0.3653243197604884,1.0531030176374447,1,47.0,1,1,1.4037806147713912,1.4037806147713914
2016-10-09,air_3525f11ef0bf0c35,0,0,0,1,0,0,0,0.628344230963611,0.7214205031844001,0.0,-0.5947588466155411,0.5417539542356212,1,53.0,1,1,0.9241415573194884,0.9241415573194885
2016-10-10,air_3525f11ef0bf0c35,0,1,0,0,0,0,0,0.2659928368687604,0.2369368236623586,1.0,0.8328337649270092,0.3558088402713221,1,54.0,1,1,0.1812645628535127,0.18126456285351283
2016-10-11,air_3525f11ef0bf0c35,0,0,0,0,0,1,0,0.2543040822205393,0.13783788921466802,0.0,-0.46729522058495626,0.32094413140301586,1,30.0,1,1,-0.08022012434219823,-0.0802201243421981
2016-10-13,air_3525f11ef0bf0c35,0,0,0,0,1,0,0,0.1140390264418874,0.08278292563261785,0.0,-0.6967297474400089,0.3441872706485532,1,18.0,1,1,0.416450502773793,0.4164505027737931
2016-10-14,air_3525f11ef0bf0c35,1,0,0,0,0,0,0,0.16079404503477124,0.2039038455131284,0.0,-0.4927879457910732,0.21635000479809746,1,29.0,1,1,1.3401626927908254,1.3401626927908257
2016-10-15,air_3525f11ef0bf0c35,0,0,1,0,0,0,0,0.28937034616520235,0.46816767070696913,0.0,1.2152246430187637,0.07689116932487303,1,47.0,1,1,1.6499869821213757,1.6499869821213757
2016-10-16,air_3525f11ef0bf0c35,0,0,0,1,0,0,0,0.6400329856118322,0.7654644740500405,0.0,0.27199381039243586,0.5417539542356212,1,48.0,1,1,0.38614432734210613,0.3861443273421063
2016-10-17,air_3525f11ef0bf0c35,0,1,0,0,0,0,0,0.6400329856118322,0.6333325614531197,0.0,-0.46729522058495626,0.7044559289543834,1,28.0,1,1,-0.22749310908461015,-0.22749310908461
2016-10-20,air_3525f11ef0bf0c35,0,0,0,0,1,0,0,0.7569205320940422,0.7214205031844001,0.0,0.3229792608046698,0.7393206378226896,1,38.0,1,1,0.5444377395142224,0.5444377395142225
2016-10-21,air_3525f11ef0bf0c35,1,0,0,0,0,0,0,0.2543040822205393,0.13783788921466802,0.0,-0.7222224726461259,0.3790519795168594,1,34.0,1,1,1.355691476896318,1.355691476896318
2016-10-22,air_3525f11ef0bf0c35,0,0,1,0,0,0,0,0.13741653573832932,-0.03833799424789232,0.0,-1.410526053211284,0.21635000479809746,1,45.0,1,1,1.7201169748558576,1.7201169748558576
2016-10-23,air_3525f11ef0bf0c35,0,0,0,1,0,0,0,0.2543040822205393,0.005705976617747673,0.0,-1.2575697019745824,0.3441872706485532,1,40.0,1,1,0.5634730232564389,0.563473023256439
2016-10-24,air_3525f11ef0bf0c35,0,1,0,0,0,0,0,0.032217743904340526,0.1598598746474884,0.0,1.2152246430187637,0.07689116932487303,1,30.0,1,1,-0.1167879062680352,-0.11678790626803506
2016-10-25,air_3525f11ef0bf0c35,0,0,0,0,0,1,0,0.020528989256119363,-0.0823819651135327,0.0,-1.2830624271806992,0.007161751588260804,1,19.0,1,1,0.33104219019358466,0.33104219019358483
2016-10-27,air_3525f11ef0bf0c35,0,0,0,0,1,0,0,0.23092657292409735,0.28098079452799857,0.0,0.883819215339243,0.1582421566842539,1,33.0,1,1,0.6007921979615739,0.600792197961574
2016-10-28,air_3525f11ef0bf0c35,1,0,0,0,0,0,0,0.020528989256119363,-0.03833799424789232,0.0,-1.4360187784174012,0.11175587819317903,1,34.0,1,1,1.2905707693571562,1.2905707693571562
2016-10-29,air_3525f11ef0bf0c35,0,0,1,0,0,0,0,0.1140390264418874,0.10480491106543824,0.0,0.5524137876597226,0.018783321211029474,1,49.0,1,1,1.8408407480630729,1.8408407480630729
2016-10-30,air_3525f11ef0bf0c35,0,0,0,1,0,0,0,-0.17817983976363747,-0.12642593597917268,0.0,0.5779065128658395,-0.2601343497354196,1,56.0,1,1,0.6188256246647263,0.6188256246647265
2016-10-31,air_3525f11ef0bf0c35,0,1,0,0,0,0,0,-0.15480233046719558,-0.0823819651135327,0.0,-0.7987006482644768,-0.22526964086711337,1,15.0,1,1,-0.0038285251135662065,-0.003828525113566067
2016-11-01,air_3525f11ef0bf0c35,0,0,0,0,0,1,0,-0.23662361300474247,-0.1044039505463527,0.0,-0.23786069372990354,-0.1439186535077325,1,27.0,1,1,0.1850215267500028,0.18502152675000294
2016-11-03,air_3525f11ef0bf0c35,0,0,0,0,1,0,0,-0.27168987694940555,-0.2915908267253232,1.0,0.7053701388964244,-0.24851278011265093,1,33.0,1,1,0.643371122121795,0.6433711221217951
2016-11-04,air_3525f11ef0bf0c35,1,0,0,0,0,0,0,-0.2483123676529636,-0.21451387771045305,0.0,0.9857901161637109,-0.32986376747203183,1,19.0,1,1,0.7290298989617693,0.7290298989617694
2016-11-05,air_3525f11ef0bf0c35,0,0,1,0,0,0,0,-0.21324610370830055,-0.03833799424789232,0.0,1.1132537421942958,-0.38797161558587534,1,55.0,1,1,1.5270090305762665,1.5270090305762665
2016-11-06,air_3525f11ef0bf0c35,0,0,0,1,0,0,0,-0.3535111594869524,-0.46776671018788396,0.0,-0.9516569995011787,-0.35310690671756934,1,38.0,1,1,0.3503279381955672,0.35032793819556735
2016-11-07,air_3525f11ef0bf0c35,0,1,0,0,0,0,0,-0.36519991413517355,-0.25855784857609304,0.0,1.0112828413698278,-0.5274304510591,1,16.0,1,1,-0.16362472284427845,-0.16362472284427831
2016-11-08,air_3525f11ef0bf0c35,0,0,0,0,0,1,0,-0.3301336501905105,-0.5888876300683942,0.0,-1.461511503623518,-0.12067551426219517,1,25.0,1,1,-0.04365234241636126,-0.04365234241636112
2016-11-10,air_3525f11ef0bf0c35,0,0,0,0,1,0,0,-0.7275513082300243,-0.8531514552622351,0.0,-1.1810915263562314,-0.6901324257778618,1,24.0,1,1,0.3353000826096068,0.3353000826096069
2016-11-11,air_3525f11ef0bf0c35,1,0,0,0,0,0,0,-0.2483123676529636,-0.23653586314327305,0.0,0.6288919632780733,-0.32986376747203183,1,23.0,1,1,0.9622121248039215,0.9622121248039216
2016-11-12,air_3525f11ef0bf0c35,0,0,1,0,0,0,0,-0.16649108511541652,-0.1154149432627625,0.0,0.960297390957594,-0.24851278011265093,1,52.0,1,1,1.8821673509244639,1.8821673509244639
2016-11-13,air_3525f11ef0bf0c35,0,0,0,1,0,0,0,-0.037914783984985614,0.10480491106543824,0.0,0.4759356120413715,-0.1787833623760387,1,55.0,1,1,0.4402446074515636,0.44024460745156374
2016-11-14,air_3525f11ef0bf0c35,0,1,0,0,0,0,0,-0.061292293281427525,-0.19249189227763305,0.0,-1.3850333280051672,0.2047284351753288,1,22.0,1,1,-0.23650982243618637,-0.23650982243618623
2016-11-15,air_3525f11ef0bf0c35,0,0,0,0,0,1,0,0.008840234607898201,0.06076094019979786,0.0,-1.0536279003256466,-0.027702957280045407,1,14.0,1,1,0.09460392897447441,0.09460392897447455
2016-11-17,air_3525f11ef0bf0c35,0,0,0,0,1,0,0,-0.4703987059691624,-0.23653586314327305,0.0,0.6798774136903075,-0.6087814384184809,1,28.0,1,1,0.5118773857446415,0.5118773857446416
2016-11-18,air_3525f11ef0bf0c35,1,0,0,0,0,0,0,-0.29506738624584744,-0.1154149432627625,0.0,0.8583264901331261,-0.5506735903046374,1,20.0,1,1,1.3659605115467242,1.3659605115467244
2016-11-19,air_3525f11ef0bf0c35,0,0,1,0,0,0,0,-0.002848520040322546,-0.17046990684481267,0.0,-1.4360187784174012,0.11175587819317903,1,39.0,1,1,1.7003302983343431,1.7003302983343431
2016-11-20,air_3525f11ef0bf0c35,0,0,0,1,0,0,0,0.12572778109010815,-0.027327001531482514,0.0,-1.1555988011501144,0.21635000479809746,1,36.0,1,1,0.60605194741666,0.6060519474166601
2016-11-21,air_3525f11ef0bf0c35,0,1,0,0,0,0,0,-0.07298104792964868,-0.36866777574019344,0.0,-1.461511503623518,0.1233774478159479,1,18.0,1,1,-0.16838354377983258,-0.16838354377983245
2016-11-22,air_3525f11ef0bf0c35,0,0,0,0,0,1,0,0.13741653573832932,0.06076094019979786,0.0,0.37396471121690383,0.22797157442086613,1,20.0,1,1,1.1412940705366161,1.1412940705366164
2016-11-23,air_3525f11ef0bf0c35,0,0,0,0,0,0,1,-0.5989750070995935,-0.5558546519191642,1.0,-1.461511503623518,-0.48094417256802513,1,2.0,1,1,0.5644748802955029,0.564474880295503
2016-11-24,air_3525f11ef0bf0c35,0,0,0,0,1,0,0,-0.7743063268229085,-0.6329316009340343,0.0,-0.6202515718216581,-0.7366187042689366,1,24.0,1,1,-0.04916255613121341,-0.04916255613121327
2016-11-25,air_3525f11ef0bf0c35,1,0,0,0,0,0,0,-0.6807962896371403,-0.6439425936504444,0.0,0.5014283372474887,-0.7133755650233993,1,22.0,1,1,1.2765447708102597,1.27654477081026
2016-11-26,air_3525f11ef0bf0c35,0,0,1,0,0,0,0,-0.5405312338584886,-0.4017007538894236,0.0,0.4504428868352547,-0.6785108561550931,1,41.0,1,1,1.9114716693170866,1.9114716693170868
2016-11-27,air_3525f11ef0bf0c35,0,0,0,1,0,0,0,-0.5054649699138254,-0.831129469829415,0.0,-1.461511503623518,-0.1787833623760387,1,19.0,1,1,0.36310161544363356,0.3631016154436337
2016-11-28,air_3525f11ef0bf0c35,0,1,0,0,0,0,0,-0.5639087431549304,-0.6659645790832646,0.0,-0.8496860986767107,-0.32986376747203183,1,14.0,1,1,-0.13782690408837978,-0.1378269040883796
2016-11-29,air_3525f11ef0bf0c35,0,0,0,0,0,1,0,-0.6924850442853613,-0.6769755717996745,0.0,-0.13588979290543557,-0.5274304510591,1,18.0,1,1,0.2934725512286837,0.2934725512286838
2016-12-01,air_3525f11ef0bf0c35,0,0,0,0,1,0,0,-0.31844489554228955,-0.489788695620704,0.0,-1.3085551523868162,-0.2601343497354196,1,16.0,1,1,0.38313875622491406,0.3831387562249142
2016-12-02,air_3525f11ef0bf0c35,1,0,0,0,0,0,0,-0.5405312338584886,-0.5998986227848043,0.0,0.883819215339243,-0.5041873118135625,1,30.0,1,1,1.4528716096855285,1.4528716096855285
2016-12-03,air_3525f11ef0bf0c35,0,0,1,0,0,0,0,-0.5989750070995935,-0.4457447247550636,0.0,0.9093119405453602,-0.7831049827600115,1,39.0,1,1,2.211778316776529,2.211778316776529
2016-12-04,air_3525f11ef0bf0c35,0,0,0,1,0,0,0,-0.5288424792102674,-0.5448436592027541,0.0,-0.7732079230583598,-0.5158088814363311,1,33.0,1,1,0.4970999944184471,0.4970999944184472
2016-12-05,air_3525f11ef0bf0c35,0,1,0,0,0,0,0,-0.1431135758189746,-0.2915908267253232,0.0,0.4249501616291378,-0.05094609652558274,1,16.0,1,1,-0.09374519436956259,-0.09374519436956245
2016-12-06,air_3525f11ef0bf0c35,0,0,0,0,0,1,0,-0.5522199885067095,-0.6329316009340343,0.0,-0.13588979290543557,-0.7133755650233993,1,21.0,1,1,0.22860230794928796,0.2286023079492881
2016-12-07,air_3525f11ef0bf0c35,0,0,0,0,0,0,1,-0.8327501000640134,-0.8201184771130051,0.0,0.9348046657514771,-0.9109422486104672,1,1.0,1,1,0.5900222347916355,0.5900222347916357
2016-12-08,air_3525f11ef0bf0c35,0,0,0,0,1,0,0,-0.6807962896371403,-0.7540525208145447,0.0,0.7563555893086581,-0.6204030080412496,1,27.0,1,1,0.7014788303875086,0.7014788303875087
2016-12-09,air_3525f11ef0bf0c35,1,0,0,0,0,0,0,-0.5872862524513723,-0.4567557174714738,0.0,-0.23786069372990354,-0.6668892865323244,1,34.0,1,1,1.8711469234947595,1.8711469234947598
2016-12-10,air_3525f11ef0bf0c35,0,0,1,0,0,0,0,-0.9028826279533393,-0.9192174115606953,0.0,-0.00842616687485073,-0.8644559701193926,1,28.0,1,1,2.3598026942982386,2.359802694298239
2016-12-11,air_3525f11ef0bf0c35,0,0,0,1,0,0,0,-1.0899027023248753,-1.0623603168740259,0.0,0.11903745915573412,-1.003914805592617,1,40.0,1,1,0.8312193169463,0.8312193169463001
2016-12-12,air_3525f11ef0bf0c35,0,1,0,0,0,0,0,-1.1015914569730962,-1.1834812367545362,0.0,-0.5437733962033071,-1.1085089321975354,1,22.0,1,1,0.037748542007590896,0.037748542007591035
2016-12-13,air_3525f11ef0bf0c35,0,0,0,0,0,1,0,-0.8911938733051183,-1.106404287739666,0.0,-1.461511503623518,-0.6552677169095558,1,12.0,1,1,0.42697000168396526,0.42697000168396537
2016-12-15,air_3525f11ef0bf0c35,0,0,0,0,1,0,0,-1.230167758103527,-1.2605581857694066,0.0,-0.1613825181115527,-1.166616780311379,1,25.0,1,1,0.9319059493722347,0.9319059493722348
2016-12-16,air_3525f11ef0bf0c35,1,0,0,0,0,0,0,-1.2418565127517482,-1.370668112933507,0.0,0.19551563477408498,-1.0968873625747666,1,21.0,1,1,1.9858595544675905,1.9858595544675908
2016-12-17,air_3525f11ef0bf0c35,0,0,1,0,0,0,0,-1.0197701744355492,-0.9302284042771054,0.0,0.01706655833126615,-1.2247246284252227,1,30.0,1,1,2.6568533063807225,2.656853306380723
2016-12-18,air_3525f11ef0bf0c35,0,0,0,1,0,0,0,-0.9379488918980022,-0.8531514552622351,0.0,0.8583264901331261,-1.050401084083692,1,46.0,1,1,0.8980932743038238,0.8980932743038239
2016-12-19,air_3525f11ef0bf0c35,0,1,0,0,0,0,0,-0.8093725907675713,-0.6439425936504444,0.0,0.8073410397208923,-0.9458069574787735,1,27.0,1,1,0.39866754033040647,0.39866754033040663
2016-12-20,air_3525f11ef0bf0c35,0,0,0,0,0,1,0,-0.7275513082300243,-0.864162447978645,0.0,-1.2320769767684652,-0.562295159927406,1,17.0,1,1,0.8800598476006712,0.8800598476006714
2016-12-22,air_3525f11ef0bf0c35,0,0,0,0,1,0,0,-0.10804731187431155,0.06076094019979786,0.0,-1.4360187784174012,-0.16716179275326984,1,16.0,1,1,1.996379053377763,1.996379053377763
2016-12-23,air_3525f11ef0bf0c35,1,0,0,0,0,0,0,-0.5405312338584886,-0.6109096155012144,1.0,-0.7477151978522429,-0.5158088814363311,1,43.0,1,1,1.6675194803049962,1.6675194803049962
2016-12-24,air_3525f11ef0bf0c35,0,0,1,0,0,0,0,-0.9496376465462234,-1.0513493241576157,0.0,-0.46729522058495626,-0.7714834131372429,1,34.0,1,1,1.8275661422954745,1.8275661422954745
2016-12-25,air_3525f11ef0bf0c35,0,0,0,1,0,0,0,-0.9262601372497812,-0.8861844334114652,0.0,0.5524137876597226,-0.8644559701193926,1,32.0,1,1,0.7072395083621267,0.7072395083621268
2016-12-26,air_3525f11ef0bf0c35,0,1,0,0,0,0,0,-0.7859950814711294,-0.8531514552622351,0.0,-1.3850333280051672,-0.8295912612510864,1,16.0,1,1,0.6175733033658963,0.6175733033658964
2016-12-27,air_3525f11ef0bf0c35,0,0,0,0,0,1,0,-0.7041737989335822,-0.7870854989637749,0.0,-1.3850333280051672,-0.7831049827600115,1,20.0,1,1,1.1292717860678478,1.129271786067848
2016-12-29,air_3525f11ef0bf0c35,0,0,0,0,1,0,0,-1.2535452673999692,-1.3266241420678668,1.0,-0.6202515718216581,-1.2131030588024536,1,37.0,1,1,1.6271947344826692,1.6271947344826692
2016-12-30,air_3525f11ef0bf0c35,1,0,0,0,0,0,0,-1.1951014941588642,-1.2275252076201764,1.0,-0.1103970676993187,-1.085265792951998,1,32.0,1,1,1.1099860380658653,1.1099860380658655
2017-01-07,air_3525f11ef0bf0c35,0,0,1,0,0,0,0,-1.1483464755659802,-1.0733713095904358,0.0,0.4504428868352547,-1.317697185407372,1,19.0,1,1,1.2307098112730805,1.2307098112730808
2017-01-08,air_3525f11ef0bf0c35,0,0,0,1,0,0,0,-1.1600352302142012,-1.458756054664787,0.0,-1.461511503623518,-0.8295912612510864,1,16.0,1,1,0.47931703197506065,0.47931703197506076
2017-01-09,air_3525f11ef0bf0c35,0,1,0,0,0,0,0,-0.8561276093604553,-0.9302284042771054,1.0,-0.8751788238828277,-0.8295912612510864,1,31.0,1,1,-0.11753929904733322,-0.11753929904733308
2017-01-12,air_3525f11ef0bf0c35,0,0,0,0,1,0,0,-1.1015914569730962,-1.2385362003365863,0.0,0.27199381039243586,-0.9341853878560048,1,20.0,1,1,0.13968749573235562,0.13968749573235575
2017-01-13,air_3525f11ef0bf0c35,1,0,0,0,0,0,0,-1.1249689662695384,-1.128426273172486,0.0,0.27199381039243586,-0.9458069574787735,1,21.0,1,1,1.1946429578667757,1.1946429578667757
2017-01-14,air_3525f11ef0bf0c35,0,0,1,0,0,0,0,-1.4873203603643892,-1.4807780400976074,0.0,0.5269210624536055,-1.4687775905033655,1,31.0,1,1,1.4974542479238777,1.4974542479238777
2017-01-15,air_3525f11ef0bf0c35,0,0,0,1,0,0,0,-1.674340434735925,-1.712008887142218,0.0,0.4249501616291378,-1.5501285778627463,1,30.0,1,1,0.15947417225387012,0.15947417225387026
2017-01-16,air_3525f11ef0bf0c35,0,1,0,0,0,0,0,-1.440565341771505,-1.5138110182468372,0.0,0.01706655833126615,-1.3758050335212157,1,18.0,1,1,-0.20194575458847747,-0.20194575458847733
2017-01-17,air_3525f11ef0bf0c35,0,0,0,0,0,1,0,-1.2652340220481901,-1.3376351347842768,0.0,-0.033918892080967836,-1.15499521068861,1,15.0,1,1,0.15020699464252787,0.150206994642528
2017-01-19,air_3525f11ef0bf0c35,0,0,0,0,1,0,0,-1.1483464755659802,-1.139437265888896,0.0,-0.46729522058495626,-1.0968873625747666,1,22.0,1,1,0.42471582334607116,0.4247158233460713
2017-01-20,air_3525f11ef0bf0c35,1,0,0,0,0,0,0,-1.3587440592339581,-1.2275252076201764,0.0,-0.9771497247072957,-1.3060756157846034,1,17.0,1,1,1.2186875268043122,1.2186875268043125
2017-01-21,air_3525f11ef0bf0c35,0,0,1,0,0,0,0,-1.3119890406410741,-1.3596571202170966,0.0,0.06805200874350013,-1.166616780311379,1,35.0,1,1,1.8305717134126664,1.8305717134126667
2017-01-22,air_3525f11ef0bf0c35,0,0,0,1,0,0,0,-1.417187832475063,-1.5248220109632473,0.0,-1.1555988011501144,-1.317697185407372,1,30.0,1,1,0.35984558006667544,0.3598455800666756
2017-01-23,air_3525f11ef0bf0c35,0,1,0,0,0,0,0,-1.627585416143041,-1.7450418652914481,0.0,-1.1810915263562314,-1.3874266031439844,1,11.0,1,1,-0.21246525349864975,-0.21246525349864961
2017-01-24,air_3525f11ef0bf0c35,0,0,0,0,0,1,0,-1.569141642901936,-1.5358330036796575,0.0,-0.6712370222338919,-1.3525618942756783,1,13.0,1,1,0.22860230794928796,0.2286023079492881
2017-01-26,air_3525f11ef0bf0c35,0,0,0,0,1,0,0,-1.405499077826842,-1.2275252076201764,0.0,1.0877610169881788,-1.573371717108284,1,21.0,1,1,0.5752448434654411,0.5752448434654412
2017-01-27,air_3525f11ef0bf0c35,1,0,0,0,0,0,0,-1.0431476837319913,-0.8091074843965949,0.0,-0.1613825181115527,-1.2944540461618348,1,23.0,1,1,1.5162390674063282,1.5162390674063282
2017-01-28,air_3525f11ef0bf0c35,0,0,1,0,0,0,0,-0.9730151558426653,-0.864162447978645,0.0,0.9857901161637109,-1.0271579448381545,1,42.0,1,1,2.005646230989105,2.005646230989105
2017-01-29,air_3525f11ef0bf0c35,0,0,0,1,0,0,0,-1.0548364383802122,-1.0183163460083857,0.0,-0.7732079230583598,-1.0968873625747666,1,43.0,1,1,0.6168219105865983,0.6168219105865984
2017-01-30,air_3525f11ef0bf0c35,0,1,0,0,0,0,0,-0.8444388547122343,-0.7100085499489047,0.0,-0.6202515718216581,-0.9225638182332361,1,18.0,1,1,-0.15110150985597812,-0.15110150985597798
2017-01-31,air_3525f11ef0bf0c35,0,0,0,0,0,1,0,-1.393810323178621,-1.4477450619483772,0.0,-0.39081704496660524,-1.2247246284252227,1,18.0,1,1,0.24688619891220645,0.2468861989122066
2017-02-02,air_3525f11ef0bf0c35,0,0,0,0,1,0,0,-1.230167758103527,-1.3926900983663268,0.0,-0.8751788238828277,-1.1782383499341478,1,18.0,1,1,0.35684000894948337,0.3568400089494835
2017-02-03,air_3525f11ef0bf0c35,1,0,0,0,0,0,0,-0.9963926651391072,-0.9632613824263354,0.0,-0.18687524331766955,-0.9109422486104672,1,20.0,1,1,1.2004036358413939,1.2004036358413939
2017-02-04,air_3525f11ef0bf0c35,0,0,1,0,0,0,0,-1.0431476837319913,-0.8971954261278753,0.0,1.062268291782062,-1.2363461980479913,1,51.0,1,1,1.88867942167838,1.8886794216783802
2017-02-05,air_3525f11ef0bf0c35,0,0,0,1,0,0,0,-1.0899027023248753,-1.2055032221873563,0.0,-1.461511503623518,-0.8412128308738551,1,38.0,1,1,0.29171930141032165,0.29171930141032176
2017-02-06,air_3525f11ef0bf0c35,0,1,0,0,0,0,0,-1.0314589290837701,-1.0623603168740259,0.0,-0.23786069372990354,-1.038779514460923,1,27.0,1,1,-0.17915350694977086,-0.17915350694977072
2017-02-07,air_3525f11ef0bf0c35,0,0,0,0,0,1,0,-1.3821215685304,-1.5248220109632473,0.0,-0.44180249537883926,-1.201481489179685,1,27.0,1,1,0.16773949282614836,0.16773949282614847
2017-02-09,air_3525f11ef0bf0c35,0,0,0,0,1,0,0,-1.4522540964197261,-1.5908879672617076,0.0,-1.4360187784174012,-1.317697185407372,1,8.0,1,1,0.26917751803138107,0.2691775180313812
2017-02-10,air_3525f11ef0bf0c35,1,0,0,0,0,0,0,-1.417187832475063,-1.436734069231967,0.0,0.04255928353738325,-1.3060756157846034,1,21.0,1,1,1.3900050804842607,1.390005080484261
2017-02-11,air_3525f11ef0bf0c35,0,0,1,0,0,0,0,-1.5340753789572732,-1.5028000255304272,1.0,-0.23786069372990354,-1.4803991601261342,1,46.0,1,1,1.7920002174087015,1.7920002174087015
2017-02-12,air_3525f11ef0bf0c35,0,0,0,1,0,0,0,-1.510697869660831,-1.3486461275006867,0.0,0.11903745915573412,-1.5501285778627463,1,48.0,1,1,0.5106250644458115,0.5106250644458116
2017-02-13,air_3525f11ef0bf0c35,0,1,0,0,0,0,0,-1.393810323178621,-1.3376351347842768,0.0,-0.6712370222338919,-1.4106697423895218,1,26.0,1,1,-0.07921826730313421,-0.07921826730313407
2017-02-14,air_3525f11ef0bf0c35,0,0,0,0,0,1,0,-1.370432813882179,-1.3266241420678668,0.0,-0.46729522058495626,-1.3293187550301409,1,17.0,1,1,0.344567260220949,0.3445672602209492
2017-02-16,air_3525f11ef0bf0c35,0,0,0,0,1,0,0,-1.0080814197873282,-0.7760745062473648,0.0,0.8583264901331261,-1.3293187550301409,1,32.0,1,1,0.7135011148562769,0.713501114856277
2017-02-17,air_3525f11ef0bf0c35,1,0,0,0,0,0,0,-0.7859950814711294,-0.8421404625458251,0.0,-1.461511503623518,-0.7017539954006305,1,12.0,1,1,1.4801722140000233,1.4801722140000233
2017-02-18,air_3525f11ef0bf0c35,0,0,1,0,0,0,0,-0.9847039104908862,-1.0843823023068457,0.0,-0.6457442970277749,-0.7598618435144741,1,55.0,1,1,1.9455348086452635,1.9455348086452637
2017-02-19,air_3525f11ef0bf0c35,0,0,0,1,0,0,0,-1.1483464755659802,-1.1614592513217161,0.0,1.291702818637115,-1.166616780311379,1,54.0,1,1,0.6193265531842583,0.6193265531842584
2017-02-20,air_3525f11ef0bf0c35,0,1,0,0,0,0,0,-0.8210613454157922,-0.31361281215814324,0.0,-1.3340478775929332,-0.9341853878560048,1,36.0,1,1,-0.19793832643222137,-0.19793832643222123
2017-02-21,air_3525f11ef0bf0c35,0,0,0,0,0,1,0,-1.3587440592339581,-1.3266241420678668,0.0,0.27199381039243586,-1.1433736410658415,1,30.0,1,1,0.3766266854709979,0.37662668547099803
2017-02-23,air_3525f11ef0bf0c35,0,0,0,0,1,0,0,-0.7392400628782454,-0.7540525208145447,0.0,-1.461511503623518,-0.7017539954006305,1,25.0,1,1,0.642619729342497,0.6426197293424971
2017-02-24,air_3525f11ef0bf0c35,1,0,0,0,0,0,0,-1.2418565127517482,-1.2055032221873563,0.0,-0.3398315945543713,-1.038779514460923,1,16.0,1,1,1.5743467756720417,1.5743467756720417
2017-02-25,air_3525f11ef0bf0c35,0,0,1,0,0,0,0,-1.1483464755659802,-1.128426273172486,0.0,1.0877610169881788,-1.2595893372935285,1,57.0,1,1,2.1621863933428593,2.1621863933428593
2017-02-26,air_3525f11ef0bf0c35,0,0,0,1,0,0,0,-0.9613264011944443,-0.9302284042771054,0.0,0.7308628641025412,-1.050401084083692,1,54.0,1,1,0.7648462881083082,0.7648462881083083
2017-02-27,air_3525f11ef0bf0c35,0,1,0,0,0,0,0,-1.1600352302142012,-1.0733713095904358,0.0,1.16423919260653,-1.0271579448381545,1,30.0,1,1,0.026477650318120598,0.026477650318120736
2017-02-28,air_3525f11ef0bf0c35,0,0,0,0,0,1,0,-1.1717239848624221,-0.9852833678591556,0.0,1.1897319178126469,-1.2944540461618348,1,42.0,1,1,0.45326874895939595,0.45326874895939606
