visit_date,air_store_id,Friday,Monday,Saturday,Sunday,Thursday,Tuesday,Wednesday,avg_temperature1,high_temperature1,holiday_flg,hours_sunlight1,low_temperature1,train_ind,visitors,Dining bar,Fukuoka-ken Fukuoka-shi Takatori,total_area_visitors,total_genre_visitors
2016-07-01,air_6836438b543ba698,1,0,0,0,0,0,0,1.1003608584740625,1.2262413963742722,0.0,0.5867451237344727,0.9408380900542246,1,50.0,1,1,1.3711342519980898,1.3711342519980902
2016-07-02,air_6836438b543ba698,0,0,1,0,0,0,0,1.384519981266815,1.2812749566179515,0.0,0.033730000428585934,1.468122516735382,1,68.0,1,1,1.5235692315455065,1.5235692315455072
2016-07-03,air_6836438b543ba698,0,0,0,1,0,0,0,1.3504208865316845,1.2592615325204803,0.0,-0.15060837400670976,1.468122516735382,1,45.0,1,1,-0.3796799508898236,-0.3796799508898234
2016-07-04,air_6836438b543ba698,0,1,0,0,0,0,0,1.4299854409136552,1.4573823493977258,0.0,0.45507485628069017,1.4022119634002372,1,11.0,1,1,-1.119244875583989,-1.119244875583989
2016-07-05,air_6836438b543ba698,0,0,0,0,0,1,0,1.3958863461785247,1.4463756373489898,0.0,1.4031007819479246,1.270390856729948,1,12.0,1,1,-0.47996612164470304,-0.47996612164470287
2016-07-06,air_6836438b543ba698,0,0,0,0,0,0,1,1.3276881567082646,1.3473152289103671,0.0,1.6927753703462463,1.270390856729948,1,32.0,1,1,-0.03943632429235989,-0.03943632429235965
2016-07-07,air_6836438b543ba698,0,0,0,0,1,0,0,1.134459953209193,1.1051675638381782,0.0,0.6394132307159858,1.160539934504707,1,28.0,1,1,-0.10361947357548273,-0.10361947357548251
2016-07-08,air_6836438b543ba698,1,0,0,0,0,0,0,0.7707362760344696,0.5988588095963276,0.0,-1.3883088880722663,0.8749275367190797,1,37.0,1,1,1.1734793263648364,1.173479326364837
2016-07-09,air_6836438b543ba698,0,0,1,0,0,0,0,0.9184990198867009,0.8630198987659886,0.0,-0.09794026702519666,0.9518231822767489,1,142.0,1,1,1.4648562370308318,1.4648562370308322
2016-07-10,air_6836438b543ba698,0,0,0,1,0,0,0,1.020796304092092,0.918053459009668,0.0,-0.6246213368403272,1.1385697500596588,1,85.0,1,1,-0.22578626340415406,-0.22578626340415384
2016-07-11,air_6836438b543ba698,0,1,0,0,0,0,0,1.0321626690038017,0.8299997626197809,0.0,-1.3093067275999968,1.171525026727231,1,29.0,1,1,-1.1677469145308943,-1.1677469145308943
2016-07-12,air_6836438b543ba698,0,0,0,0,0,1,0,1.1571926830326131,1.2372481084230083,0.0,-0.5982872833495706,1.171525026727231,1,33.0,1,1,-0.4653790422621751,-0.46537904226217497
2016-07-13,air_6836438b543ba698,0,0,0,0,0,0,1,1.0321626690038017,0.8520131867172526,0.0,-1.3619748345815097,1.0836442889470381,1,47.0,1,1,-0.3949963842414779,-0.39499638424147776
2016-07-14,air_6836438b543ba698,0,0,0,0,1,0,0,1.1230935882974826,1.1161742758869135,0.0,1.113426193549603,1.1385697500596588,1,32.0,1,1,-0.18494244113307587,-0.18494244113307567
2016-07-15,air_6836438b543ba698,1,0,0,0,0,0,0,0.907132654974991,0.8630198987659886,0.0,1.4031007819479246,1.0177337356118934,1,80.0,1,1,0.9670721531020665,0.967072153102067
2016-07-16,air_6836438b543ba698,0,0,1,0,0,0,0,1.1458263181209027,1.336308516861631,0.0,0.16540026788236853,0.9847784589443209,1,98.0,1,1,1.4076019504544095,1.4076019504544102
2016-07-17,air_6836438b543ba698,0,0,0,1,0,0,0,1.0321626690038017,0.9510735951558756,0.0,0.27073648184539445,1.1275846578371345,1,99.0,1,1,0.5068497985833107,0.506849798583311
2016-07-18,air_6836438b543ba698,0,1,0,0,0,0,0,1.020796304092092,1.0171138674482907,1.0,0.7447494446790117,0.9847784589443209,1,65.0,1,1,-0.9781148825580315,-0.9781148825580314
2016-07-19,air_6836438b543ba698,0,0,0,0,0,1,0,1.0548953988272218,1.0281205794970267,0.0,1.508436995910951,1.06167410450199,1,18.0,1,1,-0.8074460537824548,-0.8074460537824547
2016-07-20,air_6836438b543ba698,0,0,0,0,0,0,1,1.043529033915512,1.0391272915457628,0.0,1.0344240330773333,1.1385697500596588,1,25.0,1,1,-0.3392008056033086,-0.33920080560330845
2016-07-21,air_6836438b543ba698,0,0,0,0,1,0,0,0.9753308444452513,0.9620803072046114,0.0,1.7454434773277596,1.0397039200569416,1,28.0,1,1,-0.12440606169558502,-0.1244060616955848
2016-07-22,air_6836438b543ba698,1,0,0,0,0,0,0,0.9184990198867009,0.929060171058404,0.0,1.7454434773277596,0.9518231822767489,1,64.0,1,1,1.02906724047781,1.0290672404778105
2016-07-23,air_6836438b543ba698,0,0,1,0,0,0,0,1.1117272233857725,1.1602011240818575,0.0,1.9034477982722986,0.9298529978317004,1,103.0,1,1,1.336489938464586,1.3364899384645865
2016-07-24,air_6836438b543ba698,0,0,0,1,0,0,0,1.2822226970614239,1.2482548204717443,0.0,0.16540026788236853,1.2923610411749962,1,111.0,1,1,-0.4011958929790523,-0.4011958929790521
2016-07-25,air_6836438b543ba698,0,1,0,0,0,0,0,1.270856332149714,1.2372481084230083,0.0,0.45507485628069017,1.3253163178425684,1,19.0,1,1,-1.0273462754740632,-1.0273462754740632
2016-07-26,air_6836438b543ba698,0,0,0,0,0,1,0,1.2026581426794531,1.2592615325204803,0.0,0.4287408027899337,1.171525026727231,1,84.0,1,1,-0.31586147859126396,-0.3158614785912638
2016-07-27,air_6836438b543ba698,0,0,0,0,0,0,1,1.293589061973134,1.380335365056575,0.0,0.9027537656235508,1.1934952111722792,1,34.0,1,1,-0.11784187597344745,-0.11784187597344722
2016-07-28,air_6836438b543ba698,0,0,0,0,1,0,0,1.3731536163551046,1.4463756373489898,0.0,1.1397602470403596,1.3033461333975203,1,41.0,1,1,0.10132899174903452,0.10132899174903479
2016-07-29,air_6836438b543ba698,1,0,0,0,0,0,0,1.4299854409136552,1.501409197592669,0.0,1.1397602470403596,1.3363014100650927,1,54.0,1,1,1.2690246963203944,1.2690246963203948
2016-07-30,air_6836438b543ba698,0,0,1,0,0,0,0,1.3958863461785247,1.4573823493977258,0.0,0.7710834981697682,1.3912268711777134,1,104.0,1,1,1.384262623442365,1.3842626234423654
2016-07-31,air_6836438b543ba698,0,0,0,1,0,0,0,1.407252711090235,1.4683890614464619,0.0,1.613773209873977,1.3253163178425684,1,68.0,1,1,-0.3574346548314685,-0.35743465483146836
2016-08-01,air_6836438b543ba698,0,1,0,0,0,0,0,1.4299854409136552,1.5454360457876133,0.0,1.613773209873977,1.380241778955189,1,72.0,1,1,-1.08058911522029,-1.08058911522029
2016-08-02,air_6836438b543ba698,0,0,0,0,0,1,0,1.3958863461785247,1.4573823493977258,0.0,1.2187624075126293,1.4022119634002372,1,20.0,1,1,-0.734145979885252,-0.7341459798852519
2016-08-03,air_6836438b543ba698,0,0,0,0,0,0,1,1.3390545216199743,1.3693286530078392,0.0,0.3760726958084206,1.380241778955189,1,35.0,1,1,-0.2947102134865985,-0.29471021348659826
2016-08-04,air_6836438b543ba698,0,0,0,0,1,0,0,1.384519981266815,1.5344293337388772,0.0,1.3767667284571683,1.3363014100650927,1,41.0,1,1,-0.17035536175054797,-0.17035536175054775
2016-08-05,air_6836438b543ba698,1,0,0,0,0,0,0,1.293589061973134,1.4573823493977258,0.0,0.8764197121327943,1.2923610411749962,1,76.0,1,1,0.861315827578739,0.8613158275787395
2016-08-06,air_6836438b543ba698,0,0,1,0,0,0,0,1.2026581426794531,1.5894628939825566,0.0,0.8237516051512815,1.0726591967245138,1,96.0,1,1,0.623546433643534,0.6235464336435343
2016-08-07,air_6836438b543ba698,0,0,0,1,0,0,0,1.3276881567082646,1.5784561819338208,0.0,0.6130791772252292,1.1385697500596588,1,53.0,1,1,-0.5510781336345266,-0.5510781336345265
2016-08-08,air_6836438b543ba698,0,1,0,0,0,0,0,1.384519981266815,1.4243622132515186,0.0,1.7981115843092725,1.3472865022876166,1,48.0,1,1,-1.0623552659921303,-1.06235526599213
2016-08-09,air_6836438b543ba698,0,0,0,0,0,1,0,1.3617872514433949,1.3693286530078392,0.0,1.850779691290786,1.3692566867326648,1,20.0,1,1,-0.24547882057056675,-0.24547882057056655
2016-08-10,air_6836438b543ba698,0,0,0,0,0,0,1,1.3504208865316845,1.4573823493977258,0.0,1.9824499587445685,1.3253163178425684,1,57.0,1,1,0.7402430687037573,0.7402430687037578
2016-08-11,air_6836438b543ba698,0,0,0,0,1,0,0,1.4186190760019453,1.4683890614464619,1.0,1.9034477982722986,1.2813759489524723,1,52.0,1,1,0.43537310960892384,0.43537310960892417
2016-08-12,air_6836438b543ba698,1,0,0,0,0,0,0,1.4640845356487855,1.5564427578363487,0.0,1.9034477982722986,1.3033461333975203,1,59.0,1,1,0.010524422592798231,0.010524422592798476
2016-08-13,air_6836438b543ba698,0,0,1,0,0,0,0,1.498183630383916,1.5894628939825566,1.0,1.8244456378000289,1.3912268711777134,1,46.0,1,1,0.17353503469254772,0.173535034692548
2016-08-14,air_6836438b543ba698,0,0,0,1,0,0,0,1.5095499952956257,1.5344293337388772,1.0,1.7981115843092725,1.4571374245128577,1,19.0,1,1,-0.8442784292233377,-0.8442784292233377
2016-08-15,air_6836438b543ba698,0,1,0,0,0,0,0,1.498183630383916,1.5124159096414052,1.0,0.9817559260958205,1.4022119634002372,1,9.0,1,1,-1.3606610393648262,-1.3606610393648262
2016-08-16,air_6836438b543ba698,0,0,0,0,0,1,0,1.3163217917965542,1.3142950927641597,0.0,-0.28227864146049236,1.3472865022876166,1,24.0,1,1,-1.2450584352582923,-1.2450584352582923
2016-08-17,air_6836438b543ba698,0,0,0,0,0,0,1,1.3390545216199743,1.3473152289103671,0.0,1.2450964610033857,1.3692566867326648,1,13.0,1,1,-0.7516504751442855,-0.7516504751442854
2016-08-18,air_6836438b543ba698,0,0,0,0,1,0,0,1.3731536163551046,1.4683890614464619,0.0,1.5347710494017073,1.270390856729948,1,10.0,1,1,-0.48106015259839263,-0.48106015259839247
2016-08-19,air_6836438b543ba698,1,0,0,0,0,0,0,1.4299854409136552,1.3693286530078392,0.0,1.166094300531116,1.4351672400678097,1,51.0,1,1,0.8252128061069824,0.8252128061069829
2016-08-20,air_6836438b543ba698,0,0,1,0,0,0,0,1.3276881567082646,1.3032883807154236,0.0,1.5347710494017073,1.4022119634002372,1,93.0,1,1,0.7099748789850119,0.7099748789850123
2016-08-21,air_6836438b543ba698,0,0,0,1,0,0,0,1.3390545216199743,1.3693286530078392,0.0,1.5347710494017073,1.2923610411749962,1,34.0,1,1,-0.7396161346537,-0.7396161346536999
2016-08-22,air_6836438b543ba698,0,1,0,0,0,0,0,1.3390545216199743,1.336308516861631,0.0,1.6927753703462463,1.380241778955189,1,14.0,1,1,-1.9047591003331175,-1.9047591003331177
2016-08-23,air_6836438b543ba698,0,0,0,0,0,1,0,1.293589061973134,1.4133555012027825,0.0,1.8771137447815422,1.270390856729948,1,39.0,1,1,-0.544513947912389,-0.5445139479123889
2016-08-24,air_6836438b543ba698,0,0,0,0,0,0,1,1.3163217917965542,1.4023487891540465,0.0,1.350432674966412,1.1385697500596588,1,12.0,1,1,-0.3581640088005949,-0.35816400880059474
2016-08-25,air_6836438b543ba698,0,0,0,0,1,0,0,1.4186190760019453,1.6334897421775,0.0,0.48140890977144657,1.3692566867326648,1,42.0,1,1,-0.231256418172602,-0.2312564181726018
2016-08-26,air_6836438b543ba698,1,0,0,0,0,0,0,1.2140245075911635,1.3142950927641597,0.0,-0.12427432051595333,1.1934952111722792,1,46.0,1,1,1.1173190707421041,1.1173190707421046
2016-08-27,air_6836438b543ba698,0,0,1,0,0,0,0,0.9980635742686714,0.995100443350819,0.0,-0.7562916042941098,1.1385697500596588,1,79.0,1,1,1.1789494811332846,1.178949481133285
2016-08-28,air_6836438b543ba698,0,0,0,1,0,0,0,0.7480035462110495,0.631878945742535,0.0,-1.3883088880722663,0.7650766144938387,1,70.0,1,1,-0.2006235514692934,-0.20062355146929317
2016-08-29,air_6836438b543ba698,0,1,0,0,0,0,0,0.48657715324171713,0.41174470476781744,0.0,-0.7826256577848663,0.5563598622658807,1,29.0,1,1,-1.3460739599822982,-1.3460739599822982
2016-08-30,air_6836438b543ba698,0,0,0,0,0,1,0,0.6570726269173686,0.6759057939374787,0.0,0.5867451237344727,0.4245387555955915,1,14.0,1,1,-0.5704060138163761,-0.570406013816376
2016-08-31,air_6836438b543ba698,0,0,0,0,0,0,1,0.9753308444452513,0.8960400349121963,0.0,1.4031007819479246,0.9188679056091765,1,49.0,1,1,-0.14993345061500887,-0.14993345061500865
2016-09-01,air_6836438b543ba698,0,0,0,0,1,0,0,0.8616671953281504,0.6208722336937993,0.0,-1.3883088880722663,0.9957635511668452,1,13.0,1,1,-0.535032346313746,-0.5350323463137457
2016-09-02,air_6836438b543ba698,1,0,0,0,0,0,0,0.6684389918290788,0.3126842963291947,0.0,-1.3883088880722663,0.8968977211641284,1,49.0,1,1,0.6432389908099467,0.6432389908099471
2016-09-03,air_6836438b543ba698,0,0,1,0,0,0,0,0.8843999251515705,0.7089259300836864,0.0,-1.3883088880722663,0.8968977211641284,1,94.0,1,1,1.2128644406976619,1.2128644406976623
2016-09-04,air_6836438b543ba698,0,0,0,1,0,0,0,0.9639644795335415,0.7749662023761015,0.0,-1.3093067275999968,1.0506890122794657,1,34.0,1,1,-0.6739742774323243,-0.6739742774323242
2016-09-05,air_6836438b543ba698,0,1,0,0,0,0,0,0.9753308444452513,0.9620803072046114,0.0,-0.2559445879697359,0.9957635511668452,1,13.0,1,1,-1.257092775748878,-1.257092775748878
2016-09-06,air_6836438b543ba698,0,0,0,0,0,1,0,1.0094299391803816,1.0281205794970267,0.0,0.48140890977144657,1.0726591967245138,1,31.0,1,1,-0.5704060138163761,-0.570406013816376
2016-09-07,air_6836438b543ba698,0,0,0,0,0,0,1,0.9525981146218312,0.9070467469609319,0.0,-1.0723002461831879,0.7650766144938387,1,9.0,1,1,-0.47595467481450787,-0.4759546748145077
2016-09-08,air_6836438b543ba698,0,0,0,0,1,0,0,0.7480035462110495,0.7309393541811581,0.0,1.2977645679848986,0.6552256922685976,1,20.0,1,1,-0.33190726591204467,-0.3319072659120445
2016-09-09,air_6836438b543ba698,1,0,0,0,0,0,0,0.8730335602398607,0.918053459009668,0.0,1.2714305144941422,0.7980318911614112,1,39.0,1,1,0.9532144276886649,0.9532144276886654
2016-09-10,air_6836438b543ba698,0,0,1,0,0,0,0,0.907132654974991,0.8850333228634603,0.0,0.007395946937829273,0.8090169833839354,1,56.0,1,1,1.4499044806637407,1.4499044806637411
2016-09-11,air_6836438b543ba698,0,0,0,1,0,0,0,0.9639644795335415,0.9070467469609319,0.0,0.27073648184539445,0.9408380900542246,1,106.0,1,1,-0.24511414358600353,-0.24511414358600334
2016-09-12,air_6836438b543ba698,0,1,0,0,0,0,0,0.4979435181534274,0.4777849770602329,0.0,-1.3883088880722663,0.6332555078235494,1,12.0,1,1,-1.2363061876287755,-1.2363061876287755
2016-09-13,air_6836438b543ba698,0,0,0,0,0,1,0,0.7480035462110495,0.7089259300836864,0.0,0.27073648184539445,0.7870467989388872,1,7.0,1,1,-0.7308638870241833,-0.7308638870241831
2016-09-14,air_6836438b543ba698,0,0,0,0,0,0,1,0.7707362760344696,0.56583867345012,0.0,-1.3356407810907531,0.9408380900542246,1,23.0,1,1,-0.345400314340883,-0.3454003143408828
2016-09-15,air_6836438b543ba698,0,0,0,0,1,0,0,0.8389344655047303,0.8079863385223092,0.0,-0.04527216004368381,0.9188679056091765,1,44.0,1,1,-0.028496014755463952,-0.028496014755463712
2016-09-16,air_6836438b543ba698,1,0,0,0,0,0,0,0.9184990198867009,0.8960400349121963,0.0,0.033730000428585934,0.9518231822767489,1,49.0,1,1,0.8868432164981629,0.8868432164981633
2016-09-17,air_6836438b543ba698,0,0,1,0,0,0,0,1.1003608584740625,1.193221260228065,0.0,0.033730000428585934,1.094629381169562,1,60.0,1,1,1.3379486464028387,1.3379486464028394
2016-09-18,air_6836438b543ba698,0,0,0,1,0,0,0,0.7480035462110495,0.5218118252551762,0.0,-1.3883088880722663,0.9518231822767489,1,77.0,1,1,0.18848679105963884,0.1884867910596391
2016-09-19,air_6836438b543ba698,0,1,0,0,0,0,0,0.577508072535398,0.32369100837793074,1.0,-1.3883088880722663,0.68818096893617,1,10.0,1,1,-1.2392236035052813,-1.2392236035052813
2016-09-20,air_6836438b543ba698,0,0,0,0,0,1,0,0.41837896377145684,0.05952991920826941,0.0,-1.3883088880722663,0.6112853233785013,1,18.0,1,1,-1.7114802985146225,-1.7114802985146227
2016-09-21,air_6836438b543ba698,0,0,0,0,0,0,1,0.5434089778002676,0.5108051132064406,0.0,-0.4402829624050315,0.5563598622658807,1,117.0,1,1,0.3912471944767769,0.3912471944767772
2016-09-22,air_6836438b543ba698,0,0,0,0,1,0,0,0.5206762479768475,0.3457044324754024,1.0,-1.3883088880722663,0.567344954488405,1,63.0,1,1,-0.25860719201484184,-0.25860719201484167
2016-09-23,air_6836438b543ba698,1,0,0,0,0,0,0,0.6570726269173686,0.6538923698400071,0.0,0.5867451237344727,0.6991660611586943,1,29.0,1,1,0.2110967641025571,0.2110967641025574
2016-09-24,air_6836438b543ba698,0,0,1,0,0,0,0,0.7252708163876294,0.7309393541811581,0.0,0.9027537656235508,0.7431064300487905,1,54.0,1,1,1.1169543937575408,1.1169543937575412
2016-09-25,air_6836438b543ba698,0,0,0,1,0,0,0,0.79346900585789,0.6979192180349504,0.0,-1.124968353164701,0.7870467989388872,1,23.0,1,1,-0.339930159572435,-0.33993015957243483
2016-09-26,air_6836438b543ba698,0,1,0,0,0,0,0,1.0776281286506424,1.083154139740706,0.0,0.3760726958084206,0.9847784589443209,1,18.0,1,1,-1.0134885500606616,-1.0134885500606616
2016-09-27,air_6836438b543ba698,0,0,0,0,0,1,0,1.0889944935623523,1.1271809879356496,0.0,0.6394132307159858,0.9957635511668452,1,25.0,1,1,-0.40484266282468423,-0.40484266282468406
2016-09-28,air_6836438b543ba698,0,0,0,0,0,0,1,0.7821026409461798,0.38973128067034574,0.0,-1.3883088880722663,0.9628082744992728,1,22.0,1,1,-0.2925221515792193,-0.29252215157921907
2016-09-29,air_6836438b543ba698,0,0,0,0,1,0,0,0.5093098830651377,0.21362388789057193,0.0,-1.3883088880722663,0.68818096893617,1,54.0,1,1,-0.17400213159617994,-0.17400213159617972
2016-09-30,air_6836438b543ba698,1,0,0,0,0,0,0,0.600240802358818,0.5768453854988556,0.0,-1.28297267410924,0.6771958767136461,1,48.0,1,1,1.183690281932606,1.1836902819326065
2016-10-01,air_6836438b543ba698,0,0,1,0,0,0,0,0.7025380865642092,0.7309393541811581,0.0,-0.6772894438218401,0.8309871678289835,1,10.0,1,1,1.2168758875278571,1.2168758875278576
2016-10-07,air_6836438b543ba698,1,0,0,0,0,0,0,0.6457062620056587,0.631878945742535,0.0,-0.7299575508033532,0.6442406000460738,1,16.0,1,1,0.8106257267244545,0.810625726724455
2016-10-08,air_6836438b543ba698,0,0,1,0,0,0,0,0.7025380865642092,0.6208722336937993,0.0,-1.3093067275999968,0.6222704156010256,1,23.0,1,1,1.0556886603509237,1.0556886603509241
2016-10-09,air_6836438b543ba698,0,0,0,1,0,0,0,0.28198258483093575,0.26865744813425135,0.0,0.45507485628069017,0.3476431100379228,1,51.0,1,1,0.3573322349123995,0.3573322349123998
2016-10-10,air_6836438b543ba698,0,1,0,0,0,0,0,0.1683189357138348,0.2246305999393076,1.0,1.4031007819479246,0.11695617336491632,1,15.0,1,1,-0.7242997013020457,-0.7242997013020456
2016-10-11,air_6836438b543ba698,0,0,0,0,0,1,0,0.15695257080212455,0.19161046379309987,0.0,-0.7562916042941098,0.1608965422550126,1,15.0,1,1,-1.1050224731860243,-1.1050224731860243
2016-10-12,air_6836438b543ba698,0,0,0,0,0,0,1,0.25924985500751524,0.27966416018298695,0.0,-0.07160621353444024,0.2707474644802537,1,19.0,1,1,-0.4150536183924538,-0.41505361839245364
2016-10-13,air_6836438b543ba698,0,0,0,0,1,0,0,0.15695257080212455,-0.10557076152276876,0.0,-1.3883088880722663,0.32567292559287425,1,13.0,1,1,-0.3818680127972028,-0.3818680127972026
2016-10-14,air_6836438b543ba698,1,0,0,0,0,0,0,0.20241803044896475,0.26865744813425135,0.0,-0.36128080193276196,0.22680709559015744,1,22.0,1,1,0.9630607062718713,0.9630607062718717
2016-10-15,air_6836438b543ba698,0,0,1,0,0,0,0,0.19105166553725492,0.33469772042666635,0.0,0.19173432137312496,-0.09176057886304183,1,16.0,1,1,1.4141661361765472,1.4141661361765476
2016-10-16,air_6836438b543ba698,0,0,0,1,0,0,0,0.19105166553725492,0.05952991920826941,0.0,-1.3883088880722663,0.20483691114510927,1,17.0,1,1,-0.4259939279293497,-0.4259939279293496
2016-10-17,air_6836438b543ba698,0,1,0,0,0,0,0,0.4979435181534274,0.5108051132064406,0.0,-0.12427432051595333,0.5453747700433564,1,20.0,1,1,-1.3194525401091848,-1.3194525401091848
2016-10-18,air_6836438b543ba698,0,0,0,0,0,1,0,0.5093098830651377,0.5218118252551762,0.0,0.7184153911882554,0.5453747700433564,1,17.0,1,1,-0.5419612090204466,-0.5419612090204465
2016-10-19,air_6836438b543ba698,0,0,0,0,0,0,1,0.41837896377145684,0.2026171758418359,0.0,-1.3883088880722663,0.6222704156010256,1,14.0,1,1,-0.4092187866394426,-0.40921878663944244
2016-10-20,air_6836438b543ba698,0,0,0,0,1,0,0,0.3501807743011961,0.290670872231723,0.0,-0.4929510693865446,0.3476431100379228,1,23.0,1,1,-0.1955180736854086,-0.1955180736854084
2016-10-21,air_6836438b543ba698,1,0,0,0,0,0,0,0.19105166553725492,-0.09456404947403273,0.0,-1.3883088880722663,0.3915834789280191,1,12.0,1,1,0.9856706793147896,0.98567067931479
2016-10-22,air_6836438b543ba698,0,0,1,0,0,0,0,0.11148711115528433,-0.1716110338151838,0.0,-1.3883088880722663,0.2927176489253022,1,27.0,1,1,1.5162756918542426,1.516275691854243
2016-10-23,air_6836438b543ba698,0,0,0,1,0,0,0,0.15695257080212455,0.04852320715953377,0.0,-1.28297267410924,0.33665801781539856,1,19.0,1,1,-0.16780262285860556,-0.16780262285860537
2016-10-24,air_6836438b543ba698,0,1,0,0,0,0,0,0.05465528659673384,0.14758361559815653,0.0,1.350432674966412,0.09498598891986818,1,26.0,1,1,-1.1582653129322513,-1.158265312932251
2016-10-25,air_6836438b543ba698,0,0,0,0,0,1,0,0.327448044477776,0.2356373119880436,0.0,-0.9142959252386489,0.21582200336763316,1,8.0,1,1,-0.5062228645332533,-0.5062228645332532
2016-10-26,air_6836438b543ba698,0,0,0,0,0,0,1,0.3615471392129063,0.290670872231723,0.0,-1.0723002461831879,0.40256857115054334,1,20.0,1,1,-0.1265941236029642,-0.126594123602964
2016-10-27,air_6836438b543ba698,0,0,0,0,1,0,0,0.24788349009580538,0.19161046379309987,0.0,-0.28227864146049236,0.22680709559015744,1,17.0,1,1,-0.11346575215868908,-0.11346575215868886
2016-10-28,air_6836438b543ba698,1,0,0,0,0,0,0,0.213784395360675,0.26865744813425135,0.0,-1.3356407810907531,0.24877728003520558,1,25.0,1,1,0.890854663328358,0.8908546633283585
2016-10-29,air_6836438b543ba698,0,0,1,0,0,0,0,0.05465528659673384,-0.017517065132881655,0.0,0.6920813376974989,0.10597108114239225,1,20.0,1,1,1.692049998413704,1.6920499984137045
2016-10-30,air_6836438b543ba698,0,0,0,1,0,0,0,-0.1385729169023381,-0.08355733742529708,0.0,0.32340458882690754,-0.11373076330808997,1,16.0,1,1,-0.08720900927013882,-0.0872090092701386
2016-10-31,air_6836438b543ba698,0,1,0,0,0,0,0,-0.28633566075456923,-0.4577855470823168,0.0,-1.3883088880722663,-0.12471585553061404,1,7.0,1,1,-0.9937959928942489,-0.9937959928942489
2016-11-01,air_6836438b543ba698,0,0,0,0,0,1,0,-0.4454647695185106,-0.6008728037158833,0.0,-0.15060837400670976,-0.5091940833189579,1,30.0,1,1,-0.7188295465335977,-0.7188295465335975
2016-11-02,air_6836438b543ba698,0,0,0,0,0,0,1,-0.6045938782824518,-0.5238258193747322,0.0,0.4287408027899337,-0.5860897288766268,1,11.0,1,1,0.39854073416804087,0.3985407341680412
2016-11-03,air_6836438b543ba698,0,0,0,0,1,0,0,-0.4795638642536408,-0.41375869888737343,1.0,0.9554218726050641,-0.5751046366541027,1,20.0,1,1,-0.05147066478294542,-0.05147066478294519
2016-11-04,air_6836438b543ba698,1,0,0,0,0,0,0,-0.4454647695185106,-0.2926848663512786,0.0,1.113426193549603,-0.5751046366541027,1,23.0,1,1,0.07324886393766827,0.07324886393766854
2016-11-05,air_6836438b543ba698,0,0,1,0,0,0,0,-0.19540474146088857,0.07053663125700545,0.0,0.8237516051512815,-0.45426862220633735,1,18.0,1,1,1.2351097367560169,1.2351097367560175
2016-11-06,air_6836438b543ba698,0,0,0,1,0,0,0,-0.12720655199062786,0.05952991920826941,0.0,0.45507485628069017,-0.19062640886575885,1,15.0,1,1,-0.478142736721887,-0.4781427367218869
2016-11-08,air_6836438b543ba698,0,0,0,0,0,1,0,-0.3999993098716702,-0.6559063639595627,0.0,-1.3883088880722663,-0.3224475155360481,1,9.0,1,1,-1.0517796334397975,-1.0517796334397973
2016-11-09,air_6836438b543ba698,0,0,0,0,0,0,1,-0.4454647695185106,-0.5018123952772602,0.0,0.19173432137312496,-0.37737297664866865,1,5.0,1,1,-0.7549325680053542,-0.7549325680053542
2016-11-10,air_6836438b543ba698,0,0,0,0,1,0,0,-0.7068911624878427,-0.9640943013241671,0.0,-1.3883088880722663,-0.5091940833189579,1,31.0,1,1,-0.5000233557956789,-0.5000233557956788
2016-11-11,air_6836438b543ba698,1,0,0,0,0,0,0,-0.35453385022482975,-0.3146982904487503,0.0,0.13906621439161188,-0.3663878844261446,1,26.0,1,1,0.41276313656600555,0.4127631365660059
2016-11-12,air_6836438b543ba698,0,0,1,0,0,0,0,-0.42273203969509027,-0.2706714422538069,0.0,0.13906621439161188,-0.5421493599865304,1,10.0,1,1,1.7522217008666316,1.7522217008666323
2016-11-13,air_6836438b543ba698,0,0,0,1,0,0,0,-0.10447382216720774,0.04852320715953377,0.0,0.08639810741009879,-0.38835806887119273,1,19.0,1,1,-0.34722369926369895,-0.3472236992636988
2016-11-14,air_6836438b543ba698,0,1,0,0,0,0,0,-0.036275632696947,-0.22664459405886317,0.0,-1.3883088880722663,0.08400089669734391,1,16.0,1,1,-1.33258091155346,-1.33258091155346
2016-11-15,air_6836438b543ba698,0,0,0,0,0,1,0,-0.02490926778523715,-0.1716110338151838,0.0,-1.0723002461831879,-0.06979039441799349,1,23.0,1,1,-0.8504779379609122,-0.8504779379609121
2016-11-16,air_6836438b543ba698,0,0,0,0,0,0,1,-0.3999993098716702,-0.33671171454622195,0.0,1.0607580865680903,-0.45426862220633735,1,19.0,1,1,-0.29069876665640326,-0.2906987666564031
2016-11-17,air_6836438b543ba698,0,0,0,0,1,0,0,-0.4113656747833802,-0.23765130610759921,0.0,0.007395946937829273,-0.5970748210991509,1,16.0,1,1,-0.24292608167862434,-0.24292608167862415
2016-11-18,air_6836438b543ba698,1,0,0,0,0,0,0,-0.28633566075456923,-0.16060432176644815,0.0,-0.6509553903310837,-0.4762388066513857,1,13.0,1,1,1.0006224356818807,1.0006224356818811
2016-11-19,air_6836438b543ba698,0,0,1,0,0,0,0,0.2251507602723853,0.04852320715953377,0.0,-1.230304567127727,0.24877728003520558,1,22.0,1,1,1.48746621007375,1.4874662100737506
2016-11-20,air_6836438b543ba698,0,0,0,1,0,0,0,0.020556191861603477,-0.06154391332782501,0.0,-1.124968353164701,-0.0258500255278972,1,31.0,1,1,-0.10580753548286193,-0.10580753548286169
2016-11-21,air_6836438b543ba698,0,1,0,0,0,0,0,-0.1613056467257582,-0.28167815430254256,0.0,-1.2039705136369705,-0.16865622442071052,1,17.0,1,1,-1.23338877175227,-1.23338877175227
2016-11-22,air_6836438b543ba698,0,0,0,0,0,1,0,-0.11584018707891759,-0.08355733742529708,0.0,-0.2559445879697359,-0.1027456710855659,1,23.0,1,1,0.6735071805286921,0.6735071805286925
2016-11-23,air_6836438b543ba698,0,0,0,0,0,0,1,-0.4454647695185106,-0.6779197880570343,1.0,-1.2566386206184836,-0.2785071466459516,1,14.0,1,1,-0.16634391492035278,-0.16634391492035258
2016-11-24,air_6836438b543ba698,0,0,0,0,1,0,0,-0.9228520958103346,-1.06315470976279,0.0,0.24440242835463805,-0.9595828644424466,1,20.0,1,1,-1.0598025271001879,-1.0598025271001879
2016-11-25,air_6836438b543ba698,1,0,0,0,0,0,0,-0.979683920368885,-0.9530875892754312,0.0,-0.5456191763680576,-0.9925381411100188,1,22.0,1,1,0.870432752192819,0.8704327521928195
2016-11-26,air_6836438b543ba698,0,0,1,0,0,0,0,-0.8319211765166536,-0.699933212154506,0.0,-0.41394890891427494,-0.9485977722199224,1,25.0,1,1,1.794888908060526,1.7948889080605264
2016-11-27,air_6836438b543ba698,0,0,0,1,0,0,0,-0.6386929730175821,-0.9090607410804877,0.0,-1.3883088880722663,-0.43229843776128923,1,15.0,1,1,-0.45954421050916394,-0.4595442105091638
2016-11-28,air_6836438b543ba698,0,1,0,0,0,0,0,-0.7409902572229731,-0.9200674531292236,0.0,-1.1776364601462141,-0.7948064811045848,1,11.0,1,1,-1.1888981796355598,-1.1888981796355598
2016-11-29,air_6836438b543ba698,0,0,0,0,0,1,0,-0.8319211765166536,-0.710939924203242,0.0,0.2180683748638814,-0.9815530488874947,1,17.0,1,1,-0.5609244122177329,-0.5609244122177328
2016-11-30,air_6836438b543ba698,0,0,0,0,0,0,1,-0.5818611484590317,-0.5678526675696756,0.0,-0.7299575508033532,-0.717910835546916,1,19.0,1,1,-0.32826049606641267,-0.3282604960664125
2016-12-01,air_6836438b543ba698,0,0,0,0,1,0,0,-0.4454647695185106,-0.6669130760082983,0.0,-1.2566386206184836,-0.2675220544234276,1,17.0,1,1,-0.4303700517441081,-0.4303700517441079
2016-12-02,air_6836438b543ba698,1,0,0,0,0,0,0,-0.7409902572229731,-0.7769801964956573,0.0,0.9554218726050641,-0.7948064811045848,1,24.0,1,1,1.1271653493253104,1.1271653493253109
2016-12-03,air_6836438b543ba698,0,0,1,0,0,0,0,-0.854653906340074,-0.5568459555209395,0.0,0.6657472842067422,-1.003523233332543,1,24.0,1,1,2.2321366125518,2.232136612551801
2016-12-04,air_6836438b543ba698,0,0,0,1,0,0,0,-0.7750893519581032,-0.9090607410804877,0.0,-1.3619748345815097,-0.7838213888820608,1,16.0,1,1,-0.26444202376785303,-0.26444202376785286
2016-12-05,air_6836438b543ba698,0,1,0,0,0,0,0,-0.6500593379292922,-0.6669130760082983,0.0,-0.5456191763680576,-0.6849555588793439,1,3.0,1,1,-1.124715030352437,-1.124715030352437
2016-12-06,air_6836438b543ba698,0,0,0,0,0,1,0,-0.7750893519581032,-0.7219466362519779,0.0,0.27073648184539445,-0.9595828644424466,1,24.0,1,1,-0.6553757512196012,-0.6553757512196011
2016-12-07,air_6836438b543ba698,0,0,0,0,0,0,1,-1.0592484747508557,-0.975101013372903,0.0,0.033730000428585934,-1.1463294322253563,1,12.0,1,1,-0.1291468624949066,-0.12914686249490637
2016-12-08,air_6836438b543ba698,0,0,0,0,1,0,0,-0.854653906340074,-0.8430204687880725,0.0,0.5340770167529597,-0.9266275877748742,1,18.0,1,1,0.033134395635716504,0.033134395635716754
2016-12-09,air_6836438b543ba698,1,0,0,0,0,0,0,-0.6500593379292922,-0.6228862278133549,0.0,0.007395946937829273,-0.6849555588793439,1,32.0,1,1,1.736175913545851,1.7361759135458517
2016-12-10,air_6836438b543ba698,0,0,1,0,0,0,0,-0.854653906340074,-0.7439600603494496,0.0,0.45507485628069017,-0.8277617577721572,1,30.0,1,1,2.44766071042865,2.447660710428651
2016-12-11,air_6836438b543ba698,0,0,0,1,0,0,0,-0.991050285280595,-0.8210070446906008,0.0,0.8500856586420379,-1.113374155557784,1,12.0,1,1,0.22203707363945305,0.22203707363945333
2016-12-12,air_6836438b543ba698,0,1,0,0,0,0,0,-0.8091884466932335,-0.699933212154506,0.0,-0.8089597112756227,-0.9156424955523501,1,22.0,1,1,-0.9332596134567581,-0.933259613456758
2016-12-13,air_6836438b543ba698,0,0,0,0,0,1,0,-0.6614257028410022,-0.9310741651779596,0.0,-1.3883088880722663,-0.48722389887390977,1,9.0,1,1,-0.36655157944554845,-0.3665515794455483
2016-12-14,air_6836438b543ba698,0,0,0,0,0,0,1,-0.8319211765166536,-0.8980540290317519,0.0,-1.3619748345815097,-0.7508661122144885,1,21.0,1,1,0.2705391125863584,0.27053911258635865
2016-12-15,air_6836438b543ba698,0,0,0,0,1,0,0,-1.1615457589562466,-1.327315798932451,0.0,-0.8089597112756227,-0.9595828644424466,1,12.0,1,1,0.36863722143385863,0.36863722143385896
2016-12-16,air_6836438b543ba698,1,0,0,0,0,0,0,-1.3661403273670283,-1.4483896314685458,0.0,0.007395946937829273,-1.300120723340694,1,26.0,1,1,1.9031979724757957,1.9031979724757961
2016-12-17,air_6836438b543ba698,0,0,1,0,0,0,0,-1.218377583514797,-1.1181882700064694,0.0,0.4024067492991771,-1.311105815563218,1,25.0,1,1,2.880167614120603,2.880167614120604
2016-12-18,air_6836438b543ba698,0,0,0,1,0,0,0,-1.0478821098391455,-0.9530875892754312,0.0,0.349738642317664,-1.1353443400028322,1,25.0,1,1,0.3194058285178269,0.31940582851782723
2016-12-19,air_6836438b543ba698,0,1,0,0,0,0,0,-0.6500593379292922,-0.44677883503358073,0.0,-0.4929510693865446,-0.9815530488874947,1,24.0,1,1,-0.40776007870118985,-0.4077600787011897
2016-12-20,air_6836438b543ba698,0,0,0,0,0,1,0,-0.4681974993419307,-0.5018123952772602,0.0,-0.7562916042941098,-0.43229843776128923,1,12.0,1,1,0.29314908562927666,0.29314908562927694
2016-12-21,air_6836438b543ba698,0,0,0,0,0,0,1,-0.22950383619601855,-0.21563788201012754,0.0,-0.6772894438218401,-0.45426862220633735,1,13.0,1,1,0.8507401950264063,0.8507401950264067
2016-12-22,air_6836438b543ba698,0,0,0,0,1,0,0,-0.2636029309311489,-0.1716110338151838,0.0,-1.3356407810907531,-0.3663878844261446,1,27.0,1,1,1.91851440582745,1.9185144058274506
2016-12-23,air_6836438b543ba698,1,0,0,0,0,0,0,-0.9569511905454648,-1.1291949820552052,1.0,-0.6246213368403272,-0.7508661122144885,1,17.0,1,1,1.439693525095971,1.4396935250959715
2016-12-24,air_6836438b543ba698,0,0,1,0,0,0,0,-1.0251493800157254,-1.1842285422988847,0.0,-0.5192851228773011,-0.7618512044370126,1,38.0,1,1,1.6727221182318546,1.672722118231855
2016-12-25,air_6836438b543ba698,0,0,0,1,0,0,0,-0.8319211765166536,-0.7219466362519779,0.0,0.45507485628069017,-0.9595828644424466,1,25.0,1,1,0.04152196628067006,0.04152196628067031
2016-12-26,air_6836438b543ba698,0,1,0,0,0,0,0,-0.5477620537239013,-0.5898660916671472,0.0,-1.3883088880722663,-0.42131334553876515,1,10.0,1,1,-0.0890323941929548,-0.08903239419295458
2016-12-27,air_6836438b543ba698,0,0,0,0,0,1,0,-0.8432875414283639,-0.7439600603494496,0.0,-0.8616278182571359,-0.7508661122144885,1,15.0,1,1,0.6560026852696587,0.656002685269659
2016-12-28,air_6836438b543ba698,0,0,0,0,0,0,1,-1.2865757729850575,-1.4483896314685458,0.0,-0.8616278182571359,-1.113374155557784,1,20.0,1,1,1.793430200122273,1.7934302001222737
2016-12-29,air_6836438b543ba698,0,0,0,0,1,0,0,-1.2865757729850575,-1.4593963435172816,1.0,-1.124968353164701,-1.1353443400028322,1,37.0,1,1,1.380980530581296,1.3809805305812968
2016-12-30,air_6836438b543ba698,1,0,0,0,0,0,0,-1.3093085028084779,-1.261275526640036,1.0,0.9554218726050641,-1.3550461844533146,1,21.0,1,1,0.6279225574582924,0.6279225574582927
2016-12-31,air_6836438b543ba698,0,0,1,0,0,0,0,-1.2297439484265071,-1.0411412856653184,1.0,0.13906621439161188,-1.300120723340694,1,17.0,1,1,-2.186289732415906,-2.1862897324159065
2017-01-01,air_6836438b543ba698,0,0,0,1,0,0,0,-1.1388130291328264,-0.9200674531292236,1.0,0.6394132307159858,-1.10238906333526,1,3.0,1,1,-3.213949474914998,-3.2139494749149984
2017-01-02,air_6836438b543ba698,0,1,0,0,0,0,0,-1.1274466642211163,-1.239262102542564,1.0,-1.3883088880722663,-1.091403971112736,1,4.0,1,1,-2.5287214209207494,-2.5287214209207494
2017-01-03,air_6836438b543ba698,0,0,0,0,0,1,0,-1.0365157449274356,-0.8100003326418648,1.0,0.7447494446790117,-1.0254934177775912,1,13.0,1,1,-2.2526609436064082,-2.2526609436064087
2017-01-04,air_6836438b543ba698,0,0,0,0,0,0,1,-0.9455848256337547,-0.699933212154506,0.0,0.7974175516605251,-1.0584486944451634,1,12.0,1,1,-1.7971793898869741,-1.7971793898869741
2017-01-05,air_6836438b543ba698,0,0,0,0,1,0,0,-0.991050285280595,-1.0851681338602617,0.0,-1.0986342996739444,-0.9925381411100188,1,8.0,1,1,-1.2126021836321677,-1.2126021836321677
2017-01-06,air_6836438b543ba698,1,0,0,0,0,0,0,-1.0137830151040155,-0.975101013372903,0.0,0.7974175516605251,-0.9595828644424466,1,28.0,1,1,0.03021697975921092,0.030216979759211168
2017-01-07,air_6836438b543ba698,0,0,1,0,0,0,0,-1.1501793940445364,-1.2282553904938283,0.0,-1.124968353164701,-1.2232250777830251,1,19.0,1,1,0.8036968640177538,0.8036968640177542
2017-01-08,air_6836438b543ba698,0,0,0,1,0,0,0,-0.7978220817815235,-0.9310741651779596,0.0,-1.2039705136369705,-0.6410151899892473,1,24.0,1,1,-0.2903340896718401,-0.2903340896718399
2017-01-09,air_6836438b543ba698,0,1,0,0,0,0,0,-0.8319211765166536,-1.0851681338602617,1.0,-0.5982872833495706,-0.7508661122144885,1,18.0,1,1,-1.1593593438859409,-1.1593593438859409
2017-01-10,air_6836438b543ba698,0,0,0,0,0,1,0,-1.1274466642211163,-1.1071815579577335,0.0,-0.5982872833495706,-0.9595828644424466,1,12.0,1,1,-1.0871533009424277,-1.0871533009424277
2017-01-11,air_6836438b543ba698,0,0,0,0,0,0,1,-1.3206748677201878,-1.4704030555660175,0.0,0.19173432137312496,-1.1902698011154529,1,13.0,1,1,-0.7713430323106982,-0.7713430323106981
2017-01-12,air_6836438b543ba698,0,0,0,0,1,0,0,-1.2297439484265071,-1.338322510981187,0.0,-0.8616278182571359,-1.2671654466731217,1,8.0,1,1,-0.7848360807395365,-0.7848360807395365
2017-01-13,air_6836438b543ba698,1,0,0,0,0,0,0,-1.1729121238679565,-1.3823493591761307,0.0,-0.38761485542351853,-0.9376126799973983,1,21.0,1,1,0.7511833782406533,0.7511833782406536
2017-01-14,air_6836438b543ba698,0,0,1,0,0,0,0,-1.5025367063075494,-1.690537296540735,0.0,-0.7299575508033532,-1.2891356311181699,1,24.0,1,1,1.1920778525775597,1.1920778525775602
2017-01-15,air_6836438b543ba698,0,0,0,1,0,0,0,-1.7184976396300413,-1.6795305844919992,0.0,0.11273216090085544,-1.5747480289037967,1,16.0,1,1,-0.7560265989590439,-0.7560265989590438
2017-01-16,air_6836438b543ba698,0,1,0,0,0,0,0,-1.6162003554246502,-1.327315798932451,0.0,-0.28227864146049236,-1.6406585822389415,1,18.0,1,1,-1.2822554876837384,-1.2822554876837386
2017-01-17,air_6836438b543ba698,0,0,0,0,0,1,0,-1.3888730571904484,-1.2172486784450924,0.0,0.5340770167529597,-1.3989865533434112,1,20.0,1,1,-0.7695196473878823,-0.7695196473878821
2017-01-18,air_6836438b543ba698,0,0,0,0,0,0,1,-1.1274466642211163,-0.7549667723981854,0.0,0.08639810741009879,-1.3440610922307905,1,13.0,1,1,-0.3603520707079741,-0.3603520707079739
2017-01-19,air_6836438b543ba698,0,0,0,0,1,0,0,-1.0592484747508557,-1.0081211495191107,0.0,-0.4929510693865446,-1.014508325555067,1,8.0,1,1,-0.36983367230661723,-0.36983367230661707
2017-01-20,air_6836438b543ba698,1,0,0,0,0,0,0,-1.2865757729850575,-1.3713426471273946,0.0,-1.0986342996739444,-1.2561803544505976,1,31.0,1,1,0.7861923687587203,0.7861923687587207
2017-01-21,air_6836438b543ba698,0,0,1,0,0,0,0,-1.3206748677201878,-1.3933560712248665,0.0,0.24440242835463805,-1.2671654466731217,1,22.0,1,1,1.677098242046613,1.6770982420466134
2017-01-22,air_6836438b543ba698,0,0,0,1,0,0,0,-1.4798039764841293,-1.6685238724432634,0.0,-0.7826256577848663,-1.2671654466731217,1,12.0,1,1,-0.4642850113084855,-0.4642850113084854
2017-01-23,air_6836438b543ba698,0,1,0,0,0,0,0,-1.6957649098066212,-1.8666446893205093,0.0,-0.12427432051595333,-1.6186883977938933,1,25.0,1,1,-1.2975719210353929,-1.2975719210353929
2017-01-24,air_6836438b543ba698,0,0,0,0,0,1,0,-1.6502994501597807,-1.767584280881886,0.0,-0.36128080193276196,-1.5088374755686522,1,20.0,1,1,-0.6553757512196012,-0.6553757512196011
2017-01-25,air_6836438b543ba698,0,0,0,0,0,0,1,-1.6502994501597807,-1.4043627832736023,0.0,0.5867451237344727,-1.706569135574086,1,17.0,1,1,-0.28194651902688656,-0.28194651902688633
2017-01-26,air_6836438b543ba698,0,0,0,0,1,0,0,-1.4116057870138687,-1.1952352543476206,0.0,1.113426193549603,-1.5417927522362245,1,19.0,1,1,-0.15066280458413528,-0.15066280458413506
2017-01-27,air_6836438b543ba698,1,0,0,0,0,0,0,-1.0592484747508557,-0.798993620593129,0.0,-0.8352937647663793,-1.2232250777830251,1,17.0,1,1,1.2194286264197995,1.2194286264198
2017-01-28,air_6836438b543ba698,0,0,1,0,0,0,0,-1.1729121238679565,-0.9090607410804877,0.0,1.0607580865680903,-1.3440610922307905,1,18.0,1,1,1.9320074542562882,1.9320074542562888
2017-01-29,air_6836438b543ba698,0,0,0,1,0,0,0,-0.6727920677527125,-0.347718426594958,0.0,-1.0723002461831879,-1.003523233332543,1,19.0,1,1,-0.0901264251466444,-0.09012642514664418
2017-01-30,air_6836438b543ba698,0,1,0,0,0,0,0,-0.9001193659869144,-0.6779197880570343,0.0,-0.20327648098822285,-0.8607170344397296,1,14.0,1,1,-1.2082260598174093,-1.2082260598174093
2017-01-31,air_6836438b543ba698,0,0,0,0,0,1,0,-1.1729121238679565,-1.06315470976279,0.0,0.033730000428585934,-1.014508325555067,1,5.0,1,1,-0.6287543313464878,-0.6287543313464876
2017-02-01,air_6836438b543ba698,0,0,0,0,0,0,1,-1.1615457589562466,-1.3493292230299228,0.0,-1.0723002461831879,-0.8607170344397296,1,19.0,1,1,-0.45699147161722153,-0.4569914716172214
2017-02-02,air_6836438b543ba698,0,0,0,0,1,0,0,-1.1729121238679565,-1.1842285422988847,0.0,1.166094300531116,-1.2342101700055494,1,16.0,1,1,-0.46866113512324387,-0.46866113512324376
2017-02-03,air_6836438b543ba698,1,0,0,0,0,0,0,-1.184278488779667,-0.9420808772266954,0.0,1.0870921400588467,-1.3440610922307905,1,11.0,1,1,0.7595709488856068,0.7595709488856073
2017-02-04,air_6836438b543ba698,0,0,1,0,0,0,0,-0.8432875414283639,-0.6559063639595627,0.0,-0.571953229858814,-0.9156424955523501,1,27.0,1,1,1.7617033024652748,1.7617033024652755
2017-02-06,air_6836438b543ba698,0,1,0,0,0,0,0,-1.093347569485986,-1.2282553904938283,0.0,0.9027537656235508,-0.8387468499946813,1,8.0,1,1,-1.2490698820884876,-1.2490698820884876
2017-02-07,air_6836438b543ba698,0,0,0,0,0,1,0,-1.0819812045742758,-0.9971144374703749,0.0,0.5604110702437163,-1.0254934177775912,1,9.0,1,1,-0.7439922584684584,-0.7439922584684583
2017-02-08,air_6836438b543ba698,0,0,0,0,0,0,1,-1.207011218603087,-1.2062419663963566,0.0,-1.124968353164701,-1.0364785100001153,1,13.0,1,1,-0.2914281206255297,-0.2914281206255295
2017-02-09,air_6836438b543ba698,0,0,0,0,1,0,0,-1.4457048817489988,-1.5804701760533761,0.0,-0.9669640322201619,-1.2232250777830251,1,5.0,1,1,-0.5962980797203632,-0.5962980797203631
2017-02-10,air_6836438b543ba698,1,0,0,0,0,0,0,-1.7071312747183311,-1.899664825466717,0.0,-0.5982872833495706,-1.5857331211263208,1,29.0,1,1,1.0356314261999477,1.0356314261999482
2017-02-11,air_6836438b543ba698,0,0,1,0,0,0,0,-1.6389330852480706,-1.767584280881886,1.0,-0.7562916042941098,-1.607703305571369,1,14.0,1,1,1.6209379864238804,1.6209379864238809
2017-02-12,air_6836438b543ba698,0,0,0,1,0,0,0,-1.4684376115724191,-1.3493292230299228,0.0,0.13906621439161188,-1.4429269222335073,1,2.0,1,1,-0.24474946660144034,-0.24474946660144015
2017-02-13,air_6836438b543ba698,0,1,0,0,0,0,0,-1.4457048817489988,-1.2502688145913,0.0,0.7447494446790117,-1.5088374755686522,1,6.0,1,1,-1.1035637652477714,-1.1035637652477714
2017-02-14,air_6836438b543ba698,0,0,0,0,0,1,0,-1.3206748677201878,-1.2282553904938283,0.0,0.06006405391934236,-1.2561803544505976,1,6.0,1,1,-0.4865303073668406,-0.48653030736684044
2017-02-15,air_6836438b543ba698,0,0,0,0,0,0,1,-1.207011218603087,-1.0191278615678465,0.0,1.350432674966412,-1.3330760000082662,1,8.0,1,1,0.03605181151222209,0.03605181151222234
2017-02-16,air_6836438b543ba698,0,0,0,0,1,0,0,-0.7750893519581032,-0.39174527478990134,0.0,1.2187624075126293,-1.1792847088929288,1,19.0,1,1,0.05063889089475,0.05063889089475026
2017-02-17,air_6836438b543ba698,1,0,0,0,0,0,0,-0.33180112040140963,-0.2926848663512786,0.0,-0.7562916042941098,-0.4762388066513857,1,16.0,1,1,1.166915140642699,1.1669151406426994
2017-02-18,air_6836438b543ba698,0,0,1,0,0,0,0,-1.002416650192305,-1.1181882700064694,0.0,0.9817559260958205,-0.8936723111073018,1,29.0,1,1,1.8444849779611208,1.8444849779611214
2017-02-19,air_6836438b543ba698,0,0,0,1,0,0,0,-1.0706148396625659,-0.9640943013241671,0.0,1.350432674966412,-1.3550461844533146,1,5.0,1,1,-0.08647965530101243,-0.0864796553010122
2017-02-20,air_6836438b543ba698,0,1,0,0,0,0,0,-0.5932275133707418,-0.39174527478990134,0.0,-1.0723002461831879,-0.7398810199919644,1,12.0,1,1,-1.2764206559307274,-1.2764206559307274
2017-02-21,air_6836438b543ba698,0,0,0,0,0,1,0,-1.1729121238679565,-1.173221830250149,0.0,0.29707053533615113,-1.1243592477803084,1,6.0,1,1,-0.4398516533427512,-0.4398516533427511
2017-02-22,air_6836438b543ba698,0,0,0,0,0,0,1,-0.9001193659869144,-0.6779197880570343,0.0,-1.3883088880722663,-1.1243592477803084,1,17.0,1,1,0.017088608314935794,0.01708860831493604
2017-02-24,air_6836438b543ba698,1,0,0,0,0,0,0,-1.207011218603087,-1.1952352543476206,0.0,0.27073648184539445,-1.1353443400028322,1,8.0,1,1,1.3040336868384614,1.3040336868384619
2017-02-25,air_6836438b543ba698,0,0,1,0,0,0,0,-1.2865757729850575,-1.173221830250149,0.0,-0.38761485542351853,-1.3770163688983628,1,16.0,1,1,2.159930569608287,2.1599305696082878
2017-02-26,air_6836438b543ba698,0,0,0,1,0,0,0,-1.116080299309406,-1.06315470976279,0.0,-0.466617015895788,-1.1243592477803084,1,23.0,1,1,0.12539767273020558,0.12539767273020586
2017-02-27,air_6836438b543ba698,0,1,0,0,0,0,0,-1.0819812045742758,-0.8650338928855442,0.0,1.166094300531116,-1.212239985560501,1,2.0,1,1,-0.949670077762102,-0.9496700777621019
2017-02-28,air_6836438b543ba698,0,0,0,0,0,1,0,-1.0706148396625659,-0.8320137567393366,0.0,1.4031007819479246,-1.2232250777830251,1,8.0,1,1,-0.32826049606641267,-0.3282604960664125
