visit_date,air_store_id,Friday,Monday,Saturday,Sunday,Thursday,Tuesday,Wednesday,avg_temperature1,high_temperature1,holiday_flg,hours_sunlight1,low_temperature1,train_ind,visitors,Izakaya,TÅkyÅ-to Shinagawa-ku Higashigotanda,total_area_visitors,total_genre_visitors
2016-01-05,air_4cab91146e3d1897,0,0,0,0,0,1,0,-0.5639009271509791,-0.5612659177901463,0.0,0.7340601195451294,-0.7754423339900139,1,15.0,1,1,-1.4436201506452073,-1.4436201506452073
2016-01-06,air_4cab91146e3d1897,0,0,0,0,0,0,1,-0.8164915780291234,-1.0776443854950029,0.0,-1.3242366862463832,-0.5359685692327175,1,10.0,1,1,-1.3800903543156227,-1.3800903543156227
2016-01-08,air_4cab91146e3d1897,1,0,0,0,0,0,0,-1.081711761451175,-1.1280227725881598,0.0,0.8075707197519688,-1.0149160987473103,1,11.0,1,1,-0.9803297386764969,-0.9803297386764969
2016-01-09,air_4cab91146e3d1897,0,0,1,0,0,0,0,-1.0185640987316391,-1.0398605951751354,0.0,0.8565777865565289,-1.0508371634609048,1,18.0,1,1,-0.7247039178720811,-0.7247039178720811
2016-01-10,air_4cab91146e3d1897,0,0,0,1,0,0,0,-0.9427869034681955,-0.8761308371223759,0.0,0.9055848533610885,-1.0987319164123641,1,8.0,1,1,-1.007700283340231,-1.0077002833402309
2016-01-13,air_4cab91146e3d1897,0,0,0,0,0,0,1,-1.3974500750488554,-1.27915793386763,0.0,0.8075707197519688,-1.4938636282619033,1,10.0,1,1,-1.217373721819295,-1.217373721819295
2016-01-14,air_4cab91146e3d1897,0,0,0,0,1,0,0,-1.1827480218024327,-1.0650497887217139,0.0,0.9055848533610885,-1.3621530576453902,1,15.0,1,1,-1.1257200630829378,-1.1257200630829376
2016-01-15,air_4cab91146e3d1897,1,0,0,0,0,0,0,-1.2332661519780617,-1.1280227725881598,0.0,0.6605495193382894,-1.1466266693638234,1,15.0,1,1,-0.852516828274289,-0.852516828274289
2016-01-16,air_4cab91146e3d1897,0,0,1,0,0,0,0,-1.1196003590828967,-1.014671401628557,0.0,0.9055848533610885,-1.1705740458395528,1,13.0,1,1,-0.7066242920391558,-0.7066242920391558
2016-01-17,air_4cab91146e3d1897,0,0,0,1,0,0,0,-1.2080070868902473,-1.417698498373811,0.0,-0.564627150775706,-1.110705604650229,1,19.0,1,1,-1.3030008386113439,-1.3030008386113439
2016-01-19,air_4cab91146e3d1897,0,0,0,0,0,1,0,-1.2964138146975976,-1.417698498373811,0.0,0.9055848533610885,-1.2783372399803363,1,7.0,1,1,-1.349455432765388,-1.349455432765388
2016-01-20,air_4cab91146e3d1897,0,0,0,0,0,0,1,-1.4227091401366698,-1.3547255145073651,0.0,0.9300883867633684,-1.4699162517861735,1,15.0,1,1,-1.2259113229070653,-1.2259113229070653
2016-01-21,air_4cab91146e3d1897,0,0,0,0,1,0,0,-1.2585252170658758,-1.3043471274142084,0.0,0.48902478552233025,-1.2663635517424716,1,12.0,1,1,-1.1053804840208967,-1.1053804840208967
2016-01-22,air_4cab91146e3d1897,1,0,0,0,0,0,0,-1.2080070868902473,-1.2035903532278949,0.0,0.6605495193382894,-1.0268897869851752,1,8.0,1,1,-0.800789009918975,-0.800789009918975
2016-01-23,air_4cab91146e3d1897,0,0,1,0,0,0,0,-1.4479682052244842,-1.694779627386173,0.0,-1.2752296194418233,-1.0747845399366345,1,17.0,1,1,-0.7284705065872739,-0.7284705065872739
2016-01-26,air_4cab91146e3d1897,0,0,0,0,0,1,0,-1.4605977377683914,-1.2917525306409192,0.0,0.783067186349689,-1.5417583812133626,1,9.0,1,1,-1.2706081756606862,-1.2706081756606862
2016-01-27,air_4cab91146e3d1897,0,0,0,0,0,0,1,-1.144859424170711,-0.81315785325593,0.0,0.9790954535679285,-1.5178110047376328,1,20.0,1,1,-1.12094905071036,-1.12094905071036
2016-01-28,air_4cab91146e3d1897,0,0,0,0,1,0,0,-0.9554164360121028,-0.737590272616195,0.0,0.9790954535679285,-1.1346529811259585,1,17.0,1,1,-1.1264733808259764,-1.1264733808259761
2016-01-29,air_4cab91146e3d1897,1,0,0,0,0,0,0,-1.2585252170658758,-1.5184552725601244,0.0,-1.3242366862463832,-1.0747845399366345,1,13.0,1,1,-0.9853518569634205,-0.9853518569634205
2016-01-30,air_4cab91146e3d1897,0,0,1,0,0,0,0,-1.5237454004879276,-1.8711039822122217,0.0,-1.3242366862463832,-1.2064951105531474,1,18.0,1,1,-0.6877913484631919,-0.6877913484631919
2016-02-01,air_4cab91146e3d1897,0,1,0,0,0,0,0,-1.3469319448732262,-1.6569958370663056,0.0,-1.3242366862463832,-1.0747845399366345,1,15.0,1,1,-1.486559261998405,-1.4865592619984047
2016-02-02,air_4cab91146e3d1897,0,0,0,0,0,1,0,-1.1827480218024327,-1.1532119661347382,0.0,0.7585636529474092,-1.0747845399366345,1,6.0,1,1,-1.3404156198489254,-1.3404156198489254
2016-02-03,air_4cab91146e3d1897,0,0,0,0,0,0,1,-1.3090433472415048,-1.3421309177340761,0.0,0.41551418531549034,-1.2064951105531474,1,14.0,1,1,-1.2665904810311472,-1.2665904810311472
2016-02-04,air_4cab91146e3d1897,0,0,0,0,1,0,0,-1.2964138146975976,-1.3043471274142084,0.0,0.12147178448813159,-1.254389863504607,1,11.0,1,1,-1.2294268057079119,-1.2294268057079119
2016-02-05,air_4cab91146e3d1897,1,0,0,0,0,0,0,-0.9933050336438245,-0.8257524500292192,0.0,0.8810813199588088,-1.314258304693931,1,12.0,1,1,-0.8603011116190207,-0.8603011116190207
2016-02-06,air_4cab91146e3d1897,0,0,1,0,0,0,0,-1.094341293995082,-1.2539687403210515,0.0,-1.0792013522235842,-0.8592581516550676,1,11.0,1,1,-0.6400812247374169,-0.6400812247374169
2016-02-07,air_4cab91146e3d1897,0,0,0,1,0,0,0,-1.3090433472415048,-1.3169417241874974,0.0,0.8565777865565289,-1.2064951105531474,1,13.0,1,1,-1.2427354191682596,-1.2427354191682596
2016-02-09,air_4cab91146e3d1897,0,0,0,0,0,1,0,-1.1069708265389895,-0.6494280952031708,0.0,0.783067186349689,-1.314258304693931,1,16.0,1,1,-1.2208892046201416,-1.2208892046201416
2016-02-10,air_4cab91146e3d1897,0,0,0,0,0,0,1,-1.1827480218024327,-1.140617369361449,0.0,1.101613120579328,-1.1945214223152827,1,10.0,1,1,-0.9012313756574488,-0.9012313756574487
2016-02-11,air_4cab91146e3d1897,0,0,0,0,1,0,0,-1.1827480218024327,-1.0524551919484246,1.0,1.101613120579328,-1.182547734077418,1,16.0,1,1,-0.9735498789891499,-0.9735498789891499
2016-02-13,air_4cab91146e3d1897,0,0,1,0,0,0,0,-0.1723854182898555,0.24478827570036168,0.0,-0.19707414974150742,-0.3922843103783395,1,21.0,1,1,-0.7307304598163895,-0.7307304598163895
2016-02-15,air_4cab91146e3d1897,0,1,0,0,0,0,0,-0.9175278383803812,-0.5486713210168572,0.0,-1.2262225526372634,-1.0029424105094453,1,13.0,1,1,-1.4393513501013222,-1.4393513501013222
2016-02-16,air_4cab91146e3d1897,0,0,0,0,0,1,0,-1.2332661519780617,-1.2413741435477625,0.0,0.9790954535679285,-1.242416175266742,1,8.0,1,1,-1.2809035181488797,-1.2809035181488797
2016-02-17,air_4cab91146e3d1897,0,0,0,0,0,0,1,-1.157488956714618,-0.81315785325593,0.0,0.7585636529474092,-1.230442487028877,1,16.0,1,1,-1.1141691910230132,-1.1141691910230132
2016-02-18,air_4cab91146e3d1897,0,0,0,0,1,0,0,-1.157488956714618,-1.1532119661347382,0.0,0.34200358510865064,-1.254389863504607,1,14.0,1,1,-1.1237112157681681,-1.1237112157681681
2016-02-19,air_4cab91146e3d1897,1,0,0,0,0,0,0,-0.7154553176778659,-0.4227253532839653,0.0,0.9545919201656486,-1.0987319164123641,1,15.0,1,1,-0.8088243991780528,-0.8088243991780528
2016-02-20,air_4cab91146e3d1897,0,0,1,0,0,0,0,-0.9301573709242884,-1.0902389822682923,0.0,-1.177215485832704,-0.6078106986599063,1,15.0,1,1,-0.8424725917004416,-0.8424725917004416
2016-02-21,air_4cab91146e3d1897,0,0,0,1,0,0,0,-0.7407143827656801,-0.5234821274702789,0.0,-0.3931024169597467,-0.6437317633735008,1,4.0,1,1,-1.206325061588063,-1.206325061588063
2016-02-23,air_4cab91146e3d1897,0,0,0,0,0,1,0,-1.094341293995082,-1.2413741435477625,0.0,-1.2997331528441034,-0.7993897104657435,1,14.0,1,1,-1.21310492127541,-1.21310492127541
2016-02-24,air_4cab91146e3d1897,0,0,0,0,0,0,1,-1.2080070868902473,-1.5310498693334138,0.0,-1.2997331528441034,-1.0867582281744992,1,12.0,1,1,-1.16966359809352,-1.16966359809352
2016-02-25,air_4cab91146e3d1897,0,0,0,0,1,0,0,-1.4605977377683914,-1.4428876919203895,0.0,-0.8341660182007851,-1.3382056811696605,1,16.0,1,1,-1.0667101732115845,-1.0667101732115842
2016-02-26,air_4cab91146e3d1897,1,0,0,0,0,0,0,-1.2080070868902473,-1.0650497887217139,0.0,1.2486343209930073,-1.3741267458832551,1,12.0,1,1,-0.661927439285535,-0.661927439285535
2016-02-27,air_4cab91146e3d1897,0,0,1,0,0,0,0,-0.9554164360121028,-0.9265092242155328,0.0,1.2486343209930073,-1.0628108516987695,1,9.0,1,1,-0.495946429902707,-0.495946429902707
2016-02-28,air_4cab91146e3d1897,0,0,0,1,0,0,0,-0.8417506431169379,-0.6116443048833031,0.0,1.0771095871770482,-0.9430739693201213,1,10.0,1,1,-1.0719833974128543,-1.0719833974128543
2016-03-01,air_4cab91146e3d1897,0,0,0,0,0,1,0,-1.2837842821536902,-1.2035903532278949,0.0,1.3466484546021271,-1.1346529811259585,1,9.0,1,1,-1.271612599318071,-1.271612599318071
2016-03-02,air_4cab91146e3d1897,0,0,0,0,0,0,1,-1.144859424170711,-0.939103820988822,0.0,0.8075707197519688,-1.254389863504607,1,14.0,1,1,-1.1432974770871707,-1.1432974770871707
2016-03-03,air_4cab91146e3d1897,0,0,0,0,1,0,0,-0.778602980397402,-0.43531995005725466,0.0,1.3221449211998473,-1.110705604650229,1,17.0,1,1,-1.1598704674340188,-1.1598704674340188
2016-03-04,air_4cab91146e3d1897,1,0,0,0,0,0,0,-0.6270485898705151,-0.4982929339237004,0.0,1.052606053774768,-0.7155738928006898,1,12.0,1,1,-0.7914980910881662,-0.7914980910881662
2016-03-05,air_4cab91146e3d1897,0,0,1,0,0,0,0,-0.5891599922387937,-0.4479145468305436,0.0,-0.6871448177871056,-0.4641264398055285,1,28.0,1,1,-0.5710270982922162,-0.5710270982922162
2016-03-06,air_4cab91146e3d1897,0,0,0,1,0,0,0,-0.27342167864111333,-0.32196857909765175,0.0,-0.564627150775706,-0.3084684927132858,1,11.0,1,1,-1.1977874605002927,-1.1977874605002927
2016-03-08,air_4cab91146e3d1897,0,0,0,0,0,1,0,0.05494616750047443,0.1188423079674698,0.0,0.6605495193382894,0.13455797208771253,1,13.0,1,1,-1.1508306545175562,-1.1508306545175562
2016-03-09,air_4cab91146e3d1897,0,0,0,0,0,0,1,-0.8417506431169379,-0.6242389016565922,0.0,-1.3242366862463832,-0.9311002810822566,1,13.0,1,1,-1.196783036842908,-1.196783036842908
2016-03-10,air_4cab91146e3d1897,0,0,0,0,1,0,0,-1.1701184892585255,-1.4302930951471002,0.0,-1.3242366862463832,-0.9550476575579863,1,11.0,1,1,-1.0775077275284703,-1.0775077275284703
2016-03-11,air_4cab91146e3d1897,1,0,0,0,0,0,0,-1.3595614774171336,-1.7325634177060407,0.0,-1.3242366862463832,-1.0268897869851752,1,8.0,1,1,-0.742281331876314,-0.742281331876314
2016-03-12,air_4cab91146e3d1897,0,0,1,0,0,0,0,-1.2080070868902473,-1.4428876919203895,0.0,-0.9811872186144645,-1.03886347522304,1,11.0,1,1,-0.5542030020310218,-0.5542030020310218
2016-03-13,air_4cab91146e3d1897,0,0,0,1,0,0,0,-1.094341293995082,-1.3421309177340761,0.0,-1.2997331528441034,-0.9191265928443917,1,9.0,1,1,-1.1480684894597482,-1.1480684894597482
2016-03-15,air_4cab91146e3d1897,0,0,0,0,0,1,0,-0.9175278383803812,-0.7249956758429058,0.0,1.4691661216135268,-0.9071529046065269,1,5.0,1,1,-1.1026183189630887,-1.1026183189630887
2016-03-16,air_4cab91146e3d1897,0,0,0,0,0,0,1,-0.8417506431169379,-0.7501848693894841,0.0,-0.7361518845916654,-1.03886347522304,1,23.0,1,1,-1.0142290371132319,-1.0142290371132319
2016-03-17,air_4cab91146e3d1897,0,0,0,0,1,0,0,-0.28605121118502047,0.0684639208743128,0.0,1.4691661216135268,-0.6197843868977712,1,22.0,1,1,-0.9672722311304953,-0.9672722311304953
2016-03-18,air_4cab91146e3d1897,1,0,0,0,0,0,0,-0.07134915793859771,0.19440988860720465,0.0,0.5380318523268899,-0.47610012804339336,1,17.0,1,1,-0.5956354778981422,-0.5956354778981422
2016-03-19,air_4cab91146e3d1897,0,0,1,0,0,0,0,-0.05871962539469054,-0.39753615973738704,0.0,-0.8586695516030649,0.24232116622849598,1,22.0,1,1,-0.5783091698082555,-0.5783091698082555
2016-03-20,air_4cab91146e3d1897,0,0,0,1,0,0,0,-0.24816261355329874,-0.10786043395173564,1.0,-0.05005294932782783,-0.3922843103783395,1,11.0,1,1,-0.788484820116012,-0.788484820116012
2016-03-23,air_4cab91146e3d1897,0,0,0,0,0,0,1,-0.4881237318875359,-0.23380640168462752,0.0,0.12147178448813159,-0.4880738162812581,1,14.0,1,1,-0.9984093645094222,-0.9984093645094222
2016-03-25,air_4cab91146e3d1897,1,0,0,0,0,0,0,-0.9175278383803812,-0.6872118855230381,0.0,0.9300883867633684,-1.0867582281744992,1,13.0,1,1,-0.4587827545794717,-0.4587827545794717
2016-03-26,air_4cab91146e3d1897,0,0,1,0,0,0,0,-0.9301573709242884,-0.9265092242155328,0.0,0.19498238469497128,-0.7754423339900139,1,29.0,1,1,-0.46455819060943393,-0.46455819060943393
2016-03-27,air_4cab91146e3d1897,0,0,0,1,0,0,0,-0.6270485898705151,-0.4731037403771219,0.0,-0.05005294932782783,-0.6676791398492304,1,9.0,1,1,-1.0177445199140784,-1.0177445199140784
2016-03-29,air_4cab91146e3d1897,0,0,0,0,0,1,0,-0.29868074372892767,-0.1582388210448922,0.0,1.0771095871770482,-0.5000475045191229,1,4.0,1,1,-0.8615566411907516,-0.8615566411907516
2016-03-30,air_4cab91146e3d1897,0,0,0,0,0,0,1,-0.05871962539469054,0.018085533781156227,0.0,-0.4421094837643064,-0.26057373976182646,1,15.0,1,1,-0.9461793343254158,-0.9461793343254158
2016-03-31,air_4cab91146e3d1897,0,0,0,0,1,0,0,-0.05871962539469054,0.04327472732773451,0.0,0.9055848533610885,-0.32044218095115057,1,27.0,1,1,-0.9107734004026038,-0.9107734004026038
2016-04-01,air_4cab91146e3d1897,1,0,0,0,0,0,0,-0.323939808816742,-0.18342801459147093,0.0,-0.27058474994834714,-0.41623168685406925,1,12.0,1,1,-0.705619868381771,-0.705619868381771
2016-04-02,air_4cab91146e3d1897,0,0,1,0,0,0,0,-0.6144190573266081,-0.8257524500292192,0.0,-1.3242366862463832,-0.4641264398055285,1,10.0,1,1,-0.7226950705573116,-0.7226950705573116
2016-04-03,air_4cab91146e3d1897,0,0,0,1,0,0,0,-0.28605121118502047,-0.35975236941751937,0.0,-1.3242366862463832,-0.2486000515239617,1,12.0,1,1,-1.2429865250826058,-1.2429865250826058
2016-04-06,air_4cab91146e3d1897,0,0,0,0,0,0,1,-0.09660822302641228,0.04327472732773451,0.0,0.7095565861428496,-0.5120211927569878,1,18.0,1,1,-1.085292010873202,-1.085292010873202
2016-04-07,air_4cab91146e3d1897,0,0,0,0,1,0,0,-0.19764448337766985,0.03068013055444559,0.0,-1.2017190192349836,0.026794777946929298,1,18.0,1,1,-1.2002985196437546,-1.2002985196437546
2016-04-08,air_4cab91146e3d1897,1,0,0,0,0,0,0,0.09283476513219616,0.38332884020654245,0.0,-0.24608121654606707,-0.009126286766665256,1,18.0,1,1,-0.6458566607673791,-0.6458566607673791
2016-04-09,air_4cab91146e3d1897,0,0,1,0,0,0,0,0.2191300905712683,0.45889642084627774,0.0,0.51352831892461,-0.08096841619385414,1,18.0,1,1,-0.5542030020310218,-0.5542030020310218
2016-04-10,air_4cab91146e3d1897,0,0,0,1,0,0,0,0.23175962311517526,0.5092748079394344,0.0,-0.2950882833506269,0.07468953089838841,1,9.0,1,1,-1.1297377577124768,-1.1297377577124765
2016-04-12,air_4cab91146e3d1897,0,0,0,0,0,1,0,-0.6144190573266081,-0.599049708110014,0.0,1.4691661216135268,-0.7754423339900139,1,12.0,1,1,-1.214611556761487,-1.214611556761487
2016-04-13,air_4cab91146e3d1897,0,0,0,0,0,0,1,-0.12186728811422662,-0.10786043395173564,0.0,-1.152711952430424,-0.1168894809074487,1,9.0,1,1,-1.127226698569015,-1.1272266985690147
2016-04-14,air_4cab91146e3d1897,0,0,0,0,1,0,0,-0.046090092850783373,-0.2841847887777841,0.0,-1.3242366862463832,0.18245272503917187,1,6.0,1,1,-1.0943318237896646,-1.0943318237896646
2016-04-15,air_4cab91146e3d1897,1,0,0,0,0,0,0,0.1180938302200105,0.19440988860720465,0.0,1.640690855429486,-0.06899472795598936,1,18.0,1,1,-0.6734783113454594,-0.6734783113454594
2016-04-16,air_4cab91146e3d1897,0,0,1,0,0,0,0,0.05494616750047443,0.13143690474075873,0.0,-0.3685988835574667,-0.1767579220967728,1,23.0,1,1,-0.4592849664081641,-0.4592849664081641
2016-04-17,air_4cab91146e3d1897,0,0,0,1,0,0,0,0.48435027399331954,0.4085180337531212,0.0,-0.5891306841779859,0.6015318133644408,1,10.0,1,1,-1.1661481152926734,-1.1661481152926734
2016-04-19,air_4cab91146e3d1897,0,0,0,0,0,1,0,0.1054642976761031,0.2573828724736506,0.0,1.5181731884180862,0.05074215442265886,1,15.0,1,1,-1.1508306545175562,-1.1508306545175562
2016-04-20,air_4cab91146e3d1897,0,0,0,0,0,0,1,-0.05871962539469054,-0.070076643631868,0.0,1.4691661216135268,-0.21267898681036715,1,18.0,1,1,-1.0179956258284246,-1.0179956258284246
2016-04-21,air_4cab91146e3d1897,0,0,0,0,1,0,0,0.14335289530782483,0.04327472732773451,0.0,-1.3242366862463832,0.20640010151490162,1,21.0,1,1,-1.1237112157681681,-1.1237112157681681
2016-04-22,air_4cab91146e3d1897,1,0,0,0,0,0,0,0.24438915565908265,0.484085614392856,0.0,0.7585636529474092,0.19442641327703664,1,11.0,1,1,-0.6277770349344538,-0.6277770349344538
2016-04-23,air_4cab91146e3d1897,0,0,1,0,0,0,0,0.32016635092252566,0.32035585634009656,0.0,-0.8096624847985051,0.2902159191799553,1,32.0,1,1,-0.5311012579111728,-0.5311012579111728
2016-04-24,air_4cab91146e3d1897,0,0,0,1,0,0,0,0.04231663495656704,-0.09526583717844628,0.0,-1.0301942854190242,0.06271584266052363,1,8.0,1,1,-1.1448041125732478,-1.1448041125732478
2016-04-26,air_4cab91146e3d1897,0,0,0,0,0,1,0,0.48435027399331954,0.6604099692189049,0.0,1.3466484546021271,0.31416329565568485,1,12.0,1,1,-1.0546570893229674,-1.0546570893229674
2016-04-27,air_4cab91146e3d1897,0,0,0,0,0,0,1,0.34542541601034044,0.24478827570036168,0.0,-1.2507260860395435,0.43390017803433306,1,11.0,1,1,-1.0353219339183113,-1.0353219339183113
2016-04-28,air_4cab91146e3d1897,0,0,0,0,1,0,0,-0.12186728811422662,-0.5612659177901463,0.0,-1.3242366862463832,0.20640010151490162,1,22.0,1,1,-0.7947624679746665,-0.7947624679746665
2016-04-29,air_4cab91146e3d1897,1,0,0,0,0,0,0,0.05494616750047443,0.19440988860720465,1.0,0.9790954535679285,-0.021099975004530036,1,30.0,1,1,-0.6227549166475301,-0.6227549166475301
2016-05-03,air_4cab91146e3d1897,0,0,0,0,0,1,0,0.635904664520206,0.6100315821257479,1.0,0.1459753178904114,0.6614002545537649,1,20.0,1,1,-0.8002867980902826,-0.8002867980902826
2016-05-04,air_4cab91146e3d1897,0,0,0,0,0,0,1,0.850606717766629,0.8997073079113993,1.0,0.9300883867633684,0.8529792663596019,1,20.0,1,1,-0.8567856288181741,-0.8567856288181741
2016-05-05,air_4cab91146e3d1897,0,0,0,0,1,0,0,0.850606717766629,0.9500856950045559,1.0,1.689697922234046,0.6614002545537649,1,14.0,1,1,-1.0481283355499666,-1.0481283355499666
2016-05-06,air_4cab91146e3d1897,1,0,0,0,0,0,0,0.34542541601034044,0.3329504531133859,0.0,-1.2997331528441034,0.43390017803433306,1,15.0,1,1,-1.2020562610441778,-1.2020562610441778
2016-05-07,air_4cab91146e3d1897,0,0,1,0,0,0,0,0.7369409248714638,0.824139727271664,0.0,1.4936696550158066,0.45784755451006287,1,14.0,1,1,-0.7761806303130488,-0.7761806303130488
2016-05-08,air_4cab91146e3d1897,0,0,0,1,0,0,0,0.7495704574153712,0.8997073079113993,0.0,1.5916837886249262,0.6733739427916295,1,10.0,1,1,-1.1161780383377826,-1.1161780383377826
2016-05-10,air_4cab91146e3d1897,0,0,0,0,0,1,0,0.38331401364206175,0.3455450498866753,0.0,-1.2997331528441034,0.5416633721751167,1,9.0,1,1,-1.3813458838873536,-1.3813458838873536
2016-05-11,air_4cab91146e3d1897,0,0,0,0,0,0,1,0.7621999899592782,0.9123019046846886,0.0,-0.9076766184076247,0.5296896839372517,1,18.0,1,1,-1.1915098126416381,-1.191509812641638
2016-05-12,air_4cab91146e3d1897,0,0,0,0,1,0,0,0.8000885875909999,1.025653275644291,0.0,1.885726189452285,0.7092950075052241,1,19.0,1,1,-1.0712300796698158,-1.0712300796698158
2016-05-13,air_4cab91146e3d1897,1,0,0,0,0,0,0,0.7369409248714638,0.8367343240449534,0.0,1.3956555214066868,0.5895581251265759,1,16.0,1,1,-0.7146596812982337,-0.7146596812982337
2016-05-14,air_4cab91146e3d1897,0,0,1,0,0,0,0,0.560127469256763,0.6226261788990373,0.0,0.8565777865565289,0.3381106721314146,1,39.0,1,1,-0.5542030020310218,-0.5542030020310218
2016-05-17,air_4cab91146e3d1897,0,0,0,0,0,1,0,0.37068448109815477,0.08105851764760216,0.0,-1.3242366862463832,0.39797911332073876,1,16.0,1,1,-1.3105340160417296,-1.3105340160417294
2016-05-18,air_4cab91146e3d1897,0,0,0,0,0,0,1,0.5853865343445773,0.9752748885511346,0.0,1.959236789659125,0.18245272503917187,1,9.0,1,1,-1.1078915431643586,-1.1078915431643586
2016-05-19,air_4cab91146e3d1897,0,0,0,0,1,0,0,0.49697980653722695,0.6604099692189049,0.0,1.5181731884180862,0.38600542508287394,1,24.0,1,1,-1.0993539420765883,-1.0993539420765883
2016-05-20,air_4cab91146e3d1897,1,0,0,0,0,0,0,0.23175962311517526,0.1188423079674698,0.0,-0.9076766184076247,0.3381106721314146,1,13.0,1,1,-0.7141574694695413,-0.7141574694695413
2016-05-21,air_4cab91146e3d1897,0,0,1,0,0,0,0,0.4717207414494126,0.8115451304983751,0.0,1.640690855429486,0.14653166032557752,1,28.0,1,1,-0.43944759917481546,-0.4394475991748155
2016-05-22,air_4cab91146e3d1897,0,0,0,1,0,0,0,0.8884953153983502,1.1893830336970508,0.0,1.885726189452285,0.637452878078035,1,13.0,1,1,-1.172425763151328,-1.172425763151328
2016-05-24,air_4cab91146e3d1897,0,0,0,0,0,1,0,1.0147906408374225,1.1893830336970508,0.0,0.8075707197519688,0.7691634486945482,1,21.0,1,1,-1.2630749982303007,-1.2630749982303007
2016-05-25,air_4cab91146e3d1897,0,0,0,0,0,0,1,0.863236250310536,0.5848423885791696,0.0,-1.3242366862463832,1.0685056546411686,1,14.0,1,1,-1.0586747839525064,-1.0586747839525064
2016-05-26,air_4cab91146e3d1897,0,0,0,0,1,0,0,0.9642725106617938,0.9248965014579776,0.0,-0.4421094837643064,1.0445582781654392,1,26.0,1,1,-1.022766638201002,-1.022766638201002
2016-05-27,air_4cab91146e3d1897,1,0,0,0,0,0,0,0.5096093390811339,0.32035585634009656,0.0,-1.2507260860395435,0.43390017803433306,1,18.0,1,1,-0.7304793539020433,-0.7304793539020433
2016-05-28,air_4cab91146e3d1897,0,0,1,0,0,0,0,0.49697980653722695,0.534464001486013,0.0,-1.2752296194418233,0.4219264897964683,1,24.0,1,1,-0.5361233761980965,-0.5361233761980965
2016-05-29,air_4cab91146e3d1897,0,0,0,1,0,0,0,0.8000885875909999,1.0130586788710019,0.0,1.2241307875907277,0.5416633721751167,1,16.0,1,1,-1.0385863108048117,-1.0385863108048117
2016-05-31,air_4cab91146e3d1897,0,0,0,0,0,1,0,0.635904664520206,0.6352207756723262,0.0,-0.19707414974150742,0.5656107486508463,1,16.0,1,1,-1.134257664170708,-1.134257664170708
2016-06-01,air_4cab91146e3d1897,0,0,0,0,0,0,1,0.7748295225031856,0.824139727271664,0.0,0.07246471768357172,0.7691634486945482,1,12.0,1,1,-1.1553505609757875,-1.1553505609757875
2016-06-02,air_4cab91146e3d1897,0,0,0,0,1,0,0,0.6737932621519277,0.7737613401785074,0.0,1.8612226560500051,0.5656107486508463,1,21.0,1,1,-1.094834035618357,-1.094834035618357
2016-06-03,air_4cab91146e3d1897,1,0,0,0,0,0,0,0.5096093390811339,0.547058598259302,0.0,1.7877120558431652,0.31416329565568485,1,27.0,1,1,-0.7879826082873196,-0.7879826082873196
2016-06-04,air_4cab91146e3d1897,0,0,1,0,0,0,0,0.8000885875909999,0.9248965014579776,0.0,0.6360459859360096,0.5656107486508463,1,16.0,1,1,-0.6147195273884523,-0.6147195273884523
2016-06-05,air_4cab91146e3d1897,0,0,0,1,0,0,0,0.49697980653722695,0.4463018240729884,0.0,-0.6381377509825458,0.5775844368887109,1,14.0,1,1,-1.2013029433011393,-1.2013029433011393
2016-06-07,air_4cab91146e3d1897,0,0,0,0,0,1,0,0.5348684041689487,0.13143690474075873,0.0,-1.3242366862463832,0.8170582016460073,1,22.0,1,1,-1.244242054654337,-1.2442420546543367
2016-06-08,air_4cab91146e3d1897,0,0,0,0,0,0,1,0.8253476526788143,0.937491098231267,0.0,0.07246471768357172,0.5895581251265759,1,13.0,1,1,-1.0802698925862784,-1.0802698925862784
2016-06-09,air_4cab91146e3d1897,0,0,0,0,1,0,0,0.7369409248714638,0.484085614392856,0.0,-1.3242366862463832,0.9607424605003855,1,16.0,1,1,-1.1304910754555153,-1.130491075455515
2016-06-10,air_4cab91146e3d1897,1,0,0,0,0,0,0,1.0274201733813297,1.1264100498306047,0.0,1.1751237207861676,0.9367950840246555,1,9.0,1,1,-0.6935667844931542,-0.6935667844931542
2016-06-11,air_4cab91146e3d1897,0,0,1,0,0,0,0,1.0274201733813297,1.1641938401504723,0.0,1.297641387797567,0.7571897604566832,1,25.0,1,1,-0.5336123170546346,-0.5336123170546346
2016-06-13,air_4cab91146e3d1897,0,1,0,0,0,0,0,0.560127469256763,0.3581396466599642,0.0,-1.3242366862463832,0.8050845134081427,1,14.0,1,1,-1.4496466925895157,-1.4496466925895157
2016-06-15,air_4cab91146e3d1897,0,0,0,0,0,0,1,0.6864227946958351,0.2951666627935182,0.0,-1.3242366862463832,0.9607424605003855,1,18.0,1,1,-1.1104026023078204,-1.1104026023078204
2016-06-16,air_4cab91146e3d1897,0,0,0,0,1,0,0,0.850606717766629,0.5722477918058803,0.0,-1.3242366862463832,0.9727161487382501,1,19.0,1,1,-1.1812144701534444,-1.1812144701534444
2016-06-17,air_4cab91146e3d1897,1,0,0,0,0,0,0,1.1158269011886803,1.1767884369237613,0.0,0.6850530527405693,0.9367950840246555,1,7.0,1,1,-0.622503810733184,-0.622503810733184
2016-06-18,air_4cab91146e3d1897,0,0,1,0,0,0,0,1.4315652147863607,1.6553831143087505,0.0,1.9347332562568451,1.1403477840683578,1,27.0,1,1,-0.5311012579111728,-0.5311012579111728
2016-06-20,air_4cab91146e3d1897,0,1,0,0,0,0,0,1.1284564337325877,1.1264100498306047,0.0,0.12147178448813159,1.0565319664033037,1,13.0,1,1,-1.4190117710392811,-1.4190117710392811
2016-06-21,air_4cab91146e3d1897,0,0,0,0,0,1,0,0.9263839130300721,0.7359775498586398,0.0,-0.7116483511893855,1.1523214723062225,1,13.0,1,1,-1.2045673201876397,-1.2045673201876397
2016-06-22,air_4cab91146e3d1897,0,0,0,0,0,0,1,0.9263839130300721,0.5092748079394344,0.0,-1.3242366862463832,1.1403477840683578,1,14.0,1,1,-1.142293053429786,-1.142293053429786
2016-06-23,air_4cab91146e3d1897,0,0,0,0,1,0,0,0.9642725106617938,0.88711271113811,0.0,-0.5156200839711462,1.176268848781952,1,24.0,1,1,-1.1380242528859008,-1.1380242528859008
2016-06-24,air_4cab91146e3d1897,1,0,0,0,0,0,0,0.9263839130300721,0.6855991627654832,0.0,-1.3242366862463832,1.116400407592628,1,13.0,1,1,-0.644350025281302,-0.644350025281302
2016-06-25,air_4cab91146e3d1897,0,0,1,0,0,0,0,1.2673812917155667,1.1138154530573154,0.0,-1.3242366862463832,1.2361372899712761,1,27.0,1,1,-0.48163339278497447,-0.48163339278497447
2016-06-26,air_4cab91146e3d1897,0,0,0,1,0,0,0,1.280010824259474,1.277545211110075,0.0,1.0771095871770482,1.1882425370198169,1,17.0,1,1,-1.0461194882351972,-1.0461194882351972
2016-06-28,air_4cab91146e3d1897,0,0,0,0,0,1,0,0.4717207414494126,0.37073424343325356,0.0,-1.3242366862463832,0.6614002545537649,1,15.0,1,1,-1.2181270395623336,-1.2181270395623336
2016-06-29,air_4cab91146e3d1897,0,0,0,0,0,0,1,0.7748295225031856,0.547058598259302,0.0,-1.3242366862463832,0.9008740193110614,1,4.0,1,1,-1.0408462640339273,-1.0408462640339273
2016-06-30,air_4cab91146e3d1897,0,0,0,0,1,0,0,0.9642725106617938,0.9123019046846886,0.0,-1.177215485832704,1.0206109016897096,1,24.0,1,1,-1.0162378844280013,-1.0162378844280013
2016-07-01,air_4cab91146e3d1897,1,0,0,0,0,0,0,1.2926403568033815,1.3531127917498103,0.0,-0.24608121654606707,1.248110978209141,1,17.0,1,1,1.5563422080486589,1.5563422080486589
2016-07-02,air_4cab91146e3d1897,0,0,1,0,0,0,0,1.4694538124180823,1.5042479530292803,0.0,0.3665071185109307,1.4157426135392484,1,14.0,1,1,1.661304480245364,1.6613044802453638
2016-07-04,air_4cab91146e3d1897,0,1,0,0,0,0,0,1.57049007276934,1.7561398884950636,0.0,0.41551418531549034,1.4396899900149784,1,20.0,1,1,-0.15846008102143502,-0.15846008102143505
2016-07-05,air_4cab91146e3d1897,0,0,0,0,0,1,0,0.8000885875909999,0.7233829530853508,0.0,-1.3242366862463832,1.0325845899275743,1,12.0,1,1,0.2817285868274264,0.28172858682742635
2016-07-06,air_4cab91146e3d1897,0,0,0,0,0,0,1,0.9769020432057012,0.88711271113811,0.0,-0.319591816752907,1.0685056546411686,1,23.0,1,1,0.5850645313576173,0.5850645313576172
2016-07-07,air_4cab91146e3d1897,0,0,0,0,1,0,0,1.519971942593711,2.1213831949204507,0.0,1.8122155892454455,1.2361372899712761,1,17.0,1,1,0.5408698904326888,0.5408698904326887
2016-07-08,air_4cab91146e3d1897,1,0,0,0,0,0,0,1.2547517591716597,1.2523560175634967,0.0,-0.8096624847985051,1.260084666447006,1,10.0,1,1,1.420242802473027,1.4202428024730267
2016-07-09,air_4cab91146e3d1897,0,0,1,0,0,0,0,0.8884953153983502,0.6352207756723262,0.0,-1.3242366862463832,1.0445582781654392,1,24.0,1,1,1.6208764280356283,1.6208764280356283
2016-07-11,air_4cab91146e3d1897,0,1,0,0,0,0,0,1.5957491378571544,1.7183560981751964,0.0,1.7387049890386057,1.2840320429227357,1,12.0,1,1,-0.19185716762947758,-0.1918571676294776
2016-07-12,air_4cab91146e3d1897,0,0,0,0,0,1,0,1.4820833449619897,1.5042479530292803,0.0,0.2194859180972511,1.5594268723936267,1,9.0,1,1,0.2917728234012738,0.2917728234012737
2016-07-13,air_4cab91146e3d1897,0,0,0,0,0,0,1,1.2294926940838455,0.9752748885511346,0.0,-1.3242366862463832,1.4277163017771135,1,19.0,1,1,0.3402362648700874,0.34023626487008735
2016-07-14,air_4cab91146e3d1897,0,0,0,0,1,0,0,1.3305289544351029,1.642788517535461,0.0,-0.3685988835574667,1.1642951605440874,1,12.0,1,1,0.48487327153348964,0.4848732715334896
2016-07-15,air_4cab91146e3d1897,1,0,0,0,0,0,0,0.863236250310536,0.5218694047127237,0.0,-1.3242366862463832,1.1283740958304929,1,8.0,1,1,1.2781168549530866,1.2781168549530864
2016-07-16,air_4cab91146e3d1897,0,0,1,0,0,0,0,1.1031973686447734,0.9878694853244235,0.0,-0.9321801518099047,1.0206109016897096,1,33.0,1,1,1.5814527994832774,1.5814527994832772
2016-07-20,air_4cab91146e3d1897,0,0,0,0,0,0,1,1.381047084610732,1.2649506143367855,0.0,-0.19707414974150742,1.4037689253013839,1,15.0,1,1,0.3786554697650536,0.37865546976505354
2016-07-21,air_4cab91146e3d1897,0,0,0,0,1,0,0,0.8127181201349073,0.5596531950325914,0.0,-1.3242366862463832,1.116400407592628,1,11.0,1,1,0.5265568533149563,0.5265568533149562
2016-07-22,air_4cab91146e3d1897,1,0,0,0,0,0,0,0.7621999899592782,0.3581396466599642,0.0,-1.3242366862463832,1.0565319664033037,1,17.0,1,1,1.3208048603919378,1.3208048603919378
2016-07-23,air_4cab91146e3d1897,0,0,1,0,0,0,0,0.8884953153983502,0.9123019046846886,0.0,-0.9811872186144645,0.9846898369761151,1,13.0,1,1,1.5324871461857714,1.5324871461857712
2016-07-25,air_4cab91146e3d1897,0,1,0,0,0,0,0,1.1789745639082163,1.0130586788710019,0.0,-1.128208419028144,1.1403477840683578,1,14.0,1,1,-0.09518139060619653,-0.09518139060619657
2016-07-26,air_4cab91146e3d1897,0,0,0,0,0,1,0,1.0653087710130515,0.9500856950045559,0.0,-1.2997331528441034,1.176268848781952,1,13.0,1,1,0.3947262482832094,0.39472624828320935
2016-07-27,air_4cab91146e3d1897,0,0,0,0,0,0,1,1.153715498820402,0.937491098231267,0.0,-1.2507260860395435,1.2960057311606001,1,9.0,1,1,0.5310767597731876,0.5310767597731876
2016-07-28,air_4cab91146e3d1897,0,0,0,0,1,0,0,1.4063061496985463,1.4160857756162561,0.0,-0.05005294932782783,1.4037689253013839,1,11.0,1,1,0.6819914142952445,0.6819914142952443
2016-07-29,air_4cab91146e3d1897,1,0,0,0,0,0,0,1.4947128775058967,1.5798155336690152,0.0,1.4936696550158066,1.3558741723499244,1,13.0,1,1,1.4860325520317272,1.486032552031727
2016-07-30,air_4cab91146e3d1897,0,0,1,0,0,0,0,1.4947128775058967,1.642788517535461,0.0,1.3221449211998473,1.260084666447006,1,20.0,1,1,1.5653820209651215,1.5653820209651215
2016-07-31,air_4cab91146e3d1897,0,0,0,1,0,0,0,1.5326014751376185,1.3783019852963885,0.0,0.3665071185109307,1.5354794959178966,1,10.0,1,1,0.36610017404774436,0.3661001740477443
2016-08-02,air_4cab91146e3d1897,0,0,0,0,0,1,0,1.3305289544351029,1.2019776304703396,0.0,-0.9076766184076247,1.307979419398465,1,19.0,1,1,0.10670776452813581,0.10670776452813575
2016-08-03,air_4cab91146e3d1897,0,0,0,0,0,0,1,1.444194747330268,1.5294371465758587,0.0,-0.319591816752907,1.4157426135392484,1,19.0,1,1,0.4092903913152881,0.40929039131528805
2016-08-04,air_4cab91146e3d1897,0,0,0,0,1,0,0,1.6083786704010619,1.6553831143087505,0.0,0.7585636529474092,1.5354794959178966,1,13.0,1,1,0.49491750810733703,0.494917508107337
2016-08-05,air_4cab91146e3d1897,1,0,0,0,0,0,0,1.6841558656645048,1.705761501401907,0.0,1.3221449211998473,1.5594268723936267,1,20.0,1,1,1.205296139792693,1.205296139792693
2016-08-06,air_4cab91146e3d1897,0,0,1,0,0,0,0,1.734673995840134,1.8065182755882212,0.0,0.8320742531542491,1.7031111312480045,1,15.0,1,1,1.0415750836389808,1.0415750836389805
2016-08-07,air_4cab91146e3d1897,0,0,0,1,0,0,0,1.6715263331205978,1.7309506949484859,0.0,1.4201590548089666,1.5474531841557617,1,8.0,1,1,0.23276293352992042,0.23276293352992036
2016-08-09,air_4cab91146e3d1897,0,0,0,0,0,1,0,2.0883009070695353,2.2473291626533425,0.0,0.6605495193382894,1.6911374430101394,1,20.0,1,1,0.44318968975202305,0.44318968975202294
2016-08-10,air_4cab91146e3d1897,0,0,0,0,0,0,1,1.734673995840134,1.7813290820416423,0.0,-0.12356354953466751,1.727058507723734,1,17.0,1,1,1.1219289762297597,1.1219289762297595
2016-08-11,air_4cab91146e3d1897,0,0,0,0,1,0,0,1.507342410049804,1.542031743349148,1.0,-0.12356354953466751,1.6312690018208154,1,12.0,1,1,0.9120044318363495,0.9120044318363494
2016-08-12,air_4cab91146e3d1897,1,0,0,0,0,0,0,1.4315652147863607,1.5168425498025693,0.0,0.02345765087901186,1.5115321194421671,1,10.0,1,1,0.6194660416230445,0.6194660416230444
2016-08-13,air_4cab91146e3d1897,0,0,1,0,0,0,0,1.4063061496985463,1.5042479530292803,1.0,0.4400177187177704,1.4037689253013839,1,15.0,1,1,0.731710385335789,0.7317103853357889
2016-08-14,air_4cab91146e3d1897,0,0,0,1,0,0,0,1.3431584869790103,1.3279235982032314,1.0,-0.3931024169597467,1.4277163017771135,1,15.0,1,1,0.030873778395588088,0.03087377839558804
2016-08-17,air_4cab91146e3d1897,0,0,0,0,0,0,1,1.6841558656645048,1.8191128723615095,0.0,1.1261166539816079,1.3678478605877893,1,9.0,1,1,0.09465468063951894,0.0946546806395189
2016-08-18,air_4cab91146e3d1897,0,0,0,0,1,0,0,1.4568242798741748,1.479058759482702,0.0,-1.0546978188213043,1.6312690018208154,1,18.0,1,1,0.28097526908438786,0.2809752690843878
2016-08-19,air_4cab91146e3d1897,1,0,0,0,0,0,0,1.5452310076815259,1.567220936895726,0.0,0.3665071185109307,1.6073216253450857,1,20.0,1,1,1.1804366542724207,1.1804366542724205
2016-08-20,air_4cab91146e3d1897,0,0,1,0,0,0,0,1.3052698893472885,1.277545211110075,0.0,-0.9321801518099047,1.4995584312043024,1,12.0,1,1,1.1010871853390265,1.1010871853390263
2016-08-22,air_4cab91146e3d1897,0,1,0,0,0,0,0,1.3052698893472885,1.0634370659641588,0.0,-1.3242366862463832,1.391795237063519,1,9.0,1,1,-0.6993422205231165,-0.6993422205231165
2016-08-23,air_4cab91146e3d1897,0,0,0,0,0,1,0,1.444194747330268,1.3279235982032314,0.0,-0.9076766184076247,1.5115321194421671,1,16.0,1,1,0.23728283998815175,0.2372828399881517
2016-08-24,air_4cab91146e3d1897,0,0,0,0,0,0,1,1.4063061496985463,1.4286803723895452,0.0,-0.8586695516030649,1.4277163017771135,1,14.0,1,1,0.365597962219052,0.36559796221905194
2016-08-25,air_4cab91146e3d1897,0,0,0,0,1,0,0,1.5957491378571544,1.6175993239888833,0.0,1.5916837886249262,1.4277163017771135,1,19.0,1,1,0.4529828204115242,0.45298282041152416
2016-08-26,air_4cab91146e3d1897,1,0,0,0,0,0,0,1.6336377354888763,1.6301939207621718,0.0,1.1751237207861676,1.4875847429664375,1,15.0,1,1,1.3815724916637144,1.3815724916637144
2016-08-27,air_4cab91146e3d1897,0,0,1,0,0,0,0,1.1284564337325877,0.8997073079113993,0.0,-1.3242366862463832,1.200216225257682,1,20.0,1,1,1.4240093911882197,1.4240093911882195
2016-08-28,air_4cab91146e3d1897,0,0,0,1,0,0,0,0.9137543804861651,0.597436985352459,0.0,-1.3242366862463832,1.1642951605440874,1,6.0,1,1,0.47407571721660374,0.47407571721660363
2016-08-30,air_4cab91146e3d1897,0,0,0,0,0,1,0,1.2294926940838455,1.0382478724175805,0.0,-1.177215485832704,1.307979419398465,1,6.0,1,1,0.21945432006957263,0.21945432006957258
2016-08-31,air_4cab91146e3d1897,0,0,0,0,0,0,1,1.444194747330268,1.4160857756162561,0.0,1.444662588211247,1.307979419398465,1,21.0,1,1,0.5089794393107234,0.5089794393107233
2016-09-01,air_4cab91146e3d1897,0,0,0,0,1,0,0,1.4694538124180823,1.5924101304423046,0.0,1.1506201873838877,1.248110978209141,1,16.0,1,1,0.24381159376115255,0.24381159376115247
2016-09-02,air_4cab91146e3d1897,1,0,0,0,0,0,0,1.4315652147863607,1.2523560175634967,0.0,-0.12356354953466751,1.3678478605877893,1,14.0,1,1,1.0551348030136747,1.0551348030136745
2016-09-03,air_4cab91146e3d1897,0,0,1,0,0,0,0,1.4947128775058967,1.5924101304423046,0.0,0.48902478552233025,1.5594268723936267,1,23.0,1,1,1.4473622412224147,1.4473622412224147
2016-09-06,air_4cab91146e3d1897,0,0,0,0,0,1,0,1.6967853982084122,1.5798155336690152,0.0,1.028102520372488,1.715084819485869,1,14.0,1,1,0.21945432006957263,0.21945432006957258
2016-09-07,air_4cab91146e3d1897,0,0,0,0,0,0,1,1.4820833449619897,1.3153290014299426,0.0,-0.7606554179939453,1.6552163782965448,1,11.0,1,1,0.2844907518852344,0.28449075188523437
2016-09-08,air_4cab91146e3d1897,0,0,0,0,1,0,0,1.3936766171546389,1.3279235982032314,0.0,-1.0056907520167444,1.5714005606314911,1,19.0,1,1,0.3836775880519773,0.3836775880519772
2016-09-09,air_4cab91146e3d1897,1,0,0,0,0,0,0,1.4694538124180823,1.5924101304423046,0.0,-0.025549415925548005,1.3199531076363302,1,14.0,1,1,1.2685748302079314,1.2685748302079314
2016-09-10,air_4cab91146e3d1897,0,0,1,0,0,0,0,1.4189356822424537,1.4286803723895452,0.0,-0.319591816752907,1.4037689253013839,1,12.0,1,1,1.6105810855474347,1.6105810855474345
2016-09-11,air_4cab91146e3d1897,0,0,0,1,0,0,0,0.9895315757496081,0.6604099692189049,0.0,-1.2752296194418233,1.1044267193547632,1,9.0,1,1,0.44344079566636924,0.4434407956663691
2016-09-13,air_4cab91146e3d1897,0,0,0,0,0,1,0,0.9137543804861651,0.5092748079394344,0.0,-1.3242366862463832,1.176268848781952,1,9.0,1,1,0.10896771775725146,0.10896771775725142
2016-09-14,air_4cab91146e3d1897,0,0,0,0,0,0,1,0.9769020432057012,0.8493289208182427,0.0,-1.2507260860395435,1.0804793428790338,1,18.0,1,1,0.3743866692211685,0.3743866692211684
2016-09-15,air_4cab91146e3d1897,0,0,0,0,1,0,0,1.1031973686447734,0.824139727271664,0.0,-1.2997331528441034,1.2720583546848707,1,26.0,1,1,0.5925977087880028,0.5925977087880028
2016-09-16,air_4cab91146e3d1897,1,0,0,0,0,0,0,0.9516429781178863,0.5722477918058803,0.0,-1.3242366862463832,1.2361372899712761,1,24.0,1,1,1.222873553796926,1.2228735537969257
2016-09-17,air_4cab91146e3d1897,0,0,1,0,0,0,0,1.2547517591716597,1.2019776304703396,0.0,-0.025549415925548005,1.200216225257682,1,24.0,1,1,1.5334915698431562,1.533491569843156
2016-09-20,air_4cab91146e3d1897,0,0,0,0,0,1,0,0.4717207414494126,0.03068013055444559,0.0,-1.3242366862463832,0.721268695743089,1,14.0,1,1,-0.5662560859196386,-0.5662560859196386
2016-09-21,air_4cab91146e3d1897,0,0,0,0,0,0,1,0.5980160668884847,0.4211126305264101,0.0,-1.2997331528441034,0.721268695743089,1,7.0,1,1,0.8816206162004612,0.8816206162004611
2016-09-22,air_4cab91146e3d1897,0,0,0,0,1,0,0,0.5096093390811339,0.13143690474075873,1.0,-1.3242366862463832,0.7811371369324132,1,27.0,1,1,0.4341498768355604,0.43414987683556033
2016-09-23,air_4cab91146e3d1897,1,0,0,0,0,0,0,0.6864227946958351,0.28257206602022933,0.0,-1.3242366862463832,0.9367950840246555,1,9.0,1,1,0.757574294513446,0.7575742945134459
2016-09-24,air_4cab91146e3d1897,0,0,1,0,0,0,0,0.8127181201349073,0.5092748079394344,0.0,-1.3242366862463832,1.1044267193547632,1,13.0,1,1,1.3813213857493682,1.3813213857493682
2016-09-25,air_4cab91146e3d1897,0,0,0,1,0,0,0,1.0400497059252372,1.0760316627374478,0.0,-0.4911165505688663,1.0445582781654392,1,13.0,1,1,0.37815325793636123,0.3781532579363612
2016-09-27,air_4cab91146e3d1897,0,0,0,0,0,1,0,1.2926403568033815,1.2523560175634967,0.0,-0.7606554179939453,1.3439004841120596,1,9.0,1,1,0.3334564051827404,0.33345640518274033
2016-09-28,air_4cab91146e3d1897,0,0,0,0,0,0,1,1.4063061496985463,1.3531127917498103,0.0,-0.8096624847985051,1.4875847429664375,1,22.0,1,1,0.4107970268013652,0.41079702680136515
2016-09-29,air_4cab91146e3d1897,0,0,0,0,1,0,0,1.1663450313643093,1.0130586788710019,0.0,-1.152711952430424,1.2121899134955465,1,24.0,1,1,0.4924064489638752,0.49240644896387514
2016-09-30,air_4cab91146e3d1897,1,0,0,0,0,0,0,0.7621999899592782,0.6100315821257479,0.0,-0.7361518845916654,0.8649529545974668,1,15.0,1,1,1.42727376807472,1.4272737680747198
2016-10-01,air_4cab91146e3d1897,0,0,1,0,0,0,0,0.5474979367128556,0.24478827570036168,0.0,-1.3242366862463832,0.721268695743089,1,22.0,1,1,1.4501244062802228,1.4501244062802228
2016-10-02,air_4cab91146e3d1897,0,0,0,1,0,0,0,0.9769020432057012,0.9752748885511346,0.0,0.9055848533610885,0.8410055781217373,1,13.0,1,1,0.3404873707844336,0.34048737078443353
2016-10-04,air_4cab91146e3d1897,0,0,0,0,0,1,0,1.2042336289960307,1.5294371465758587,0.0,0.19498238469497128,0.9727161487382501,1,13.0,1,1,0.1795284796885293,0.17952847968852925
2016-10-05,air_4cab91146e3d1897,0,0,0,0,0,0,1,1.090567836100866,0.824139727271664,0.0,-1.152711952430424,1.1882425370198169,1,23.0,1,1,0.06552639457536155,0.0655263945753615
2016-10-06,air_4cab91146e3d1897,0,0,0,0,1,0,0,1.3431584869790103,1.4412749691628344,0.0,0.7095565861428496,1.176268848781952,1,18.0,1,1,0.3821709525659002,0.3821709525659001
2016-10-07,air_4cab91146e3d1897,1,0,0,0,0,0,0,0.7621999899592782,0.6352207756723262,0.0,0.09696825108585155,0.8889003310731964,1,13.0,1,1,1.1703924176985734,1.1703924176985732
2016-10-08,air_4cab91146e3d1897,0,0,1,0,0,0,0,0.7369409248714638,0.6855991627654832,0.0,-1.2752296194418233,0.7931108251702778,1,14.0,1,1,1.3391355921392094,1.3391355921392092
2016-10-10,air_4cab91146e3d1897,0,1,0,0,0,0,0,0.38331401364206175,-0.032292853312000346,1.0,-1.3242366862463832,0.6973213192673591,1,9.0,1,1,0.11348762421548278,0.11348762421548274
2016-10-12,air_4cab91146e3d1897,0,0,0,0,0,0,1,0.32016635092252566,0.4211126305264101,0.0,0.6850530527405693,0.25429485446636074,1,14.0,1,1,0.32642543958104725,0.3264254395810472
2016-10-13,air_4cab91146e3d1897,0,0,0,0,1,0,0,0.14335289530782483,-0.20861720813804924,0.0,-1.3242366862463832,0.44587386627219805,1,21.0,1,1,0.34927607778655,0.34927607778654995
2016-10-14,air_4cab91146e3d1897,1,0,0,0,0,0,0,0.029687102412659868,-0.04488745008528971,0.0,-0.34409535015518683,0.12258428384984775,1,8.0,1,1,1.2753546898952786,1.2753546898952783
2016-10-15,air_4cab91146e3d1897,0,0,1,0,0,0,0,0.16861196039563917,0.3581396466599642,0.0,1.3221449211998473,0.026794777946929298,1,24.0,1,1,1.5859727059415087,1.5859727059415085
2016-10-16,air_4cab91146e3d1897,0,0,0,1,0,0,0,0.25701868820298956,0.38332884020654245,0.0,-0.05005294932782783,0.13455797208771253,1,5.0,1,1,0.3188922621506617,0.31889226215066163
2016-10-18,air_4cab91146e3d1897,0,0,0,0,0,1,0,0.6990523272397421,0.8115451304983751,0.0,0.12147178448813159,0.6135055016023054,1,7.0,1,1,0.23904058138857504,0.23904058138857498
2016-10-19,air_4cab91146e3d1897,0,0,0,0,0,0,1,0.6864227946958351,0.5092748079394344,0.0,-0.8586695516030649,0.8170582016460073,1,16.0,1,1,0.3304431342105862,0.33044313421058613
2016-10-20,air_4cab91146e3d1897,0,0,0,0,1,0,0,0.8253476526788143,0.9878694853244235,0.0,1.1261166539816079,0.6494265663159,1,17.0,1,1,0.4775912000174503,0.47759120001745026
2016-10-21,air_4cab91146e3d1897,1,0,0,0,0,0,0,0.3580549485542474,0.19440988860720465,0.0,-0.12356354953466751,0.45784755451006287,1,10.0,1,1,1.290923256584742,1.2909232565847417
2016-10-22,air_4cab91146e3d1897,0,0,1,0,0,0,0,0.16861196039563917,-0.19602261136475985,0.0,-1.2997331528441034,0.37403173684500896,1,23.0,1,1,1.6562823619584404,1.6562823619584401
2016-10-24,air_4cab91146e3d1897,0,1,0,0,0,0,0,-0.05871962539469054,-0.09526583717844628,0.0,1.0771095871770482,0.03876846618479408,1,16.0,1,1,-0.18532841385647678,-0.1853284138564768
2016-10-25,air_4cab91146e3d1897,0,0,0,0,0,1,0,-0.1723854182898555,-0.3345631758709411,0.0,-0.7361518845916654,-0.1887316103346376,1,10.0,1,1,0.26364896099450114,0.2636489609945011
2016-10-26,air_4cab91146e3d1897,0,0,0,0,0,0,1,0.4717207414494126,0.7359775498586398,0.0,1.028102520372488,0.12258428384984775,1,19.0,1,1,0.5250502178288792,0.5250502178288791
2016-10-28,air_4cab91146e3d1897,1,0,0,0,0,0,0,-0.39971700408018546,-0.6368334984298814,0.0,-1.3242366862463832,-0.1767579220967728,1,12.0,1,1,1.225635718854734,1.2256357188547338
2016-10-29,air_4cab91146e3d1897,0,0,1,0,0,0,0,0.017057569868752696,0.1188423079674698,0.0,-1.3242366862463832,0.002847401471199524,1,29.0,1,1,1.7773154126733013,1.777315412673301
2016-10-31,air_4cab91146e3d1897,0,1,0,0,0,0,0,-0.1344968206581338,-0.09526583717844628,0.0,-0.3685988835574667,-0.21267898681036715,1,18.0,1,1,-0.07207964648634756,-0.0720796464863476
2016-11-01,air_4cab91146e3d1897,0,0,0,0,0,1,0,-0.24816261355329874,-0.43531995005725466,0.0,-0.5156200839711462,0.014821089709064303,1,16.0,1,1,0.11725421293067555,0.1172542129306755
2016-11-02,air_4cab91146e3d1897,0,0,0,0,0,0,1,-0.5639009271509791,-0.9642930145354004,0.0,-1.3242366862463832,-0.35636324566474514,1,12.0,1,1,0.8866427344873848,0.8866427344873847
2016-11-03,air_4cab91146e3d1897,0,0,0,0,1,0,0,-0.3113102762728348,-0.05748204685857907,1.0,1.0035989869702082,-0.3803106221404747,1,17.0,1,1,0.5767780361841932,0.5767780361841931
2016-11-05,air_4cab91146e3d1897,0,0,1,0,0,0,0,-0.09660822302641228,-0.04488745008528971,0.0,0.34200358510865064,-0.04504735148025981,1,10.0,1,1,1.4626797019975322,1.462679701997532
2016-11-06,air_4cab91146e3d1897,0,0,0,1,0,0,0,-0.07134915793859771,0.1188423079674698,0.0,1.0035989869702082,-0.20070529857250236,1,7.0,1,1,0.2829841163991573,0.28298411639915727
2016-11-08,air_4cab91146e3d1897,0,0,0,0,0,1,0,-0.6901962525900512,-0.7879686597093518,0.0,-0.8831730850053449,-0.6557054516113657,1,5.0,1,1,-0.1120054868673909,-0.11200548686739092
2016-11-09,air_4cab91146e3d1897,0,0,0,0,0,0,1,-0.6270485898705151,-0.6620226919764599,0.0,0.1459753178904114,-0.44017906332979884,1,8.0,1,1,0.09239472741040329,0.09239472741040324
2016-11-11,air_4cab91146e3d1897,1,0,0,0,0,0,0,-0.8038620454852162,-0.9768876113086896,0.0,-1.3242366862463832,-0.7036002045628249,1,15.0,1,1,0.896435865146886,0.896435865146886
2016-11-12,air_4cab91146e3d1897,0,0,1,0,0,0,0,-0.2229035484654844,-0.13304962749831392,0.0,0.2194859180972511,-0.1887316103346376,1,13.0,1,1,1.8187478885404218,1.8187478885404216
2016-11-13,air_4cab91146e3d1897,0,0,0,1,0,0,0,-0.2229035484654844,-0.1582388210448922,0.0,0.5380318523268899,-0.29649480447542104,1,15.0,1,1,0.37313113964943756,0.3731311396494375
2016-11-15,air_4cab91146e3d1897,0,0,0,0,0,1,0,-0.008201495219061642,-0.070076643631868,0.0,-0.9321801518099047,0.13455797208771253,1,13.0,1,1,0.02660497785170295,0.026604977851702905
2016-11-16,air_4cab91146e3d1897,0,0,0,0,0,0,1,-0.36182840644846376,-0.6368334984298814,0.0,-1.177215485832704,-0.10491579266958392,1,14.0,1,1,0.4120525563730962,0.41205255637309607
2016-11-17,air_4cab91146e3d1897,0,0,0,0,1,0,0,-0.34919887390455656,-0.19602261136475985,0.0,0.6605495193382894,-0.4521527515676637,1,20.0,1,1,0.44494743115244634,0.4449474311524462
2016-11-18,air_4cab91146e3d1897,1,0,0,0,0,0,0,-0.5133827969753502,-0.5234821274702789,0.0,0.8810813199588088,-0.6557054516113657,1,14.0,1,1,1.3012185990729355,1.3012185990729352
2016-11-19,air_4cab91146e3d1897,0,0,1,0,0,0,0,-0.7028257851339584,-0.9894822080819787,0.0,-1.3242366862463832,-0.44017906332979884,1,25.0,1,1,1.6364449947250919,1.6364449947250916
2016-11-21,air_4cab91146e3d1897,0,1,0,0,0,0,0,-0.34919887390455656,-0.6494280952031708,0.0,-1.3242366862463832,-0.16478423385890803,1,12.0,1,1,-0.23705623221179078,-0.2370562322117908
2016-11-22,air_4cab91146e3d1897,0,0,0,0,0,1,0,-0.1723854182898555,-0.070076643631868,0.0,0.31750005170637086,-0.15281054562104304,1,17.0,1,1,1.075976593904408,1.075976593904408
2016-11-23,air_4cab91146e3d1897,0,0,0,0,0,0,1,-0.5007532644314431,-0.6494280952031708,1.0,-1.2997331528441034,-0.3683369339026099,1,21.0,1,1,0.49767967316514505,0.497679673165145
2016-11-25,air_4cab91146e3d1897,1,0,0,0,0,0,0,-1.2332661519780617,-1.140617369361449,0.0,0.9545919201656486,-1.3501793694075253,1,20.0,1,1,1.2115737876513475,1.2115737876513475
2016-11-26,air_4cab91146e3d1897,0,0,1,0,0,0,0,-0.8922687732925666,-0.8509416435757977,0.0,0.26849298490181095,-1.0029424105094453,1,14.0,1,1,1.8481272805189253,1.848127280518925
2016-11-28,air_4cab91146e3d1897,0,1,0,0,0,0,0,-0.5386418620631648,-0.737590272616195,0.0,-0.5156200839711462,-0.26057373976182646,1,15.0,1,1,-0.20642131066155625,-0.2064213106615563
2016-12-01,air_4cab91146e3d1897,0,0,0,0,1,0,0,-0.677566720046144,-0.4227253532839653,0.0,-0.564627150775706,-0.6796528280870953,1,12.0,1,1,0.3158789911785075,0.31587899117850743
2016-12-02,air_4cab91146e3d1897,1,0,0,0,0,0,0,-0.4881237318875359,-0.5486713210168572,0.0,0.7585636529474092,-0.3443895574268804,1,13.0,1,1,1.3883523513510614,1.3883523513510614
2016-12-03,air_4cab91146e3d1897,0,0,1,0,0,0,0,-0.5765304596948863,-0.4982929339237004,0.0,0.31750005170637086,-0.7036002045628249,1,28.0,1,1,2.1492032718200007,2.1492032718200003
2016-12-05,air_4cab91146e3d1897,0,1,0,0,0,0,0,-0.33656934136064937,-0.19602261136475985,0.0,0.5380318523268899,-0.41623168685406925,1,7.0,1,1,-0.1622266697366278,-0.16222666973662783
2016-12-06,air_4cab91146e3d1897,0,0,0,0,0,1,0,-0.5765304596948863,-0.34715777264423003,0.0,0.7585636529474092,-0.5479422574705822,1,9.0,1,1,0.16094664202691167,0.1609466420269116
2016-12-07,air_4cab91146e3d1897,0,0,0,0,0,0,1,-0.9933050336438245,-1.0902389822682923,0.0,-0.9566836852121846,-0.7993897104657435,1,13.0,1,1,0.5232924764284559,0.5232924764284558
2016-12-08,air_4cab91146e3d1897,0,0,0,0,1,0,0,-0.8543801756608451,-0.7501848693894841,0.0,0.783067186349689,-1.0268897869851752,1,11.0,1,1,0.635034608312508,0.6350346083125079
2016-12-09,air_4cab91146e3d1897,1,0,0,0,0,0,0,-0.5386418620631648,-0.3093739823243628,0.0,0.8565777865565289,-0.9311002810822566,1,16.0,1,1,1.8076992283091895,1.8076992283091895
2016-12-10,air_4cab91146e3d1897,0,0,1,0,0,0,0,-0.8670097082047523,-0.9642930145354004,0.0,0.8075707197519688,-0.7155738928006898,1,27.0,1,1,2.2976068671985956,2.297606867198595
2016-12-12,air_4cab91146e3d1897,0,1,0,0,0,0,0,-1.0564526963633605,-1.1784011596813164,0.0,0.51352831892461,-1.0747845399366345,1,10.0,1,1,-0.030396064704880932,-0.030396064704880973
2016-12-13,air_4cab91146e3d1897,0,0,0,0,0,1,0,-0.7533439153095873,-0.5738605145634355,0.0,-0.7116483511893855,-0.9789950340337158,1,10.0,1,1,0.3598225261890898,0.3598225261890897
2016-12-14,air_4cab91146e3d1897,0,0,0,0,0,0,1,-0.9175278383803812,-1.0776443854950029,0.0,-1.2507260860395435,-0.7514949575142843,1,11.0,1,1,0.7985045585518741,0.798504558551874
2016-12-15,air_4cab91146e3d1897,0,0,0,0,1,0,0,-1.157488956714618,-1.2287795467744733,0.0,0.3665071185109307,-1.0149160987473103,1,24.0,1,1,0.8660520495109977,0.8660520495109977
2016-12-17,air_4cab91146e3d1897,0,0,1,0,0,0,0,-1.094341293995082,-0.8509416435757977,0.0,0.8810813199588088,-1.3861004341211198,1,29.0,1,1,2.5954184816131702,2.5954184816131702
2016-12-19,air_4cab91146e3d1897,0,1,0,0,0,0,0,-0.677566720046144,-0.5234821274702789,0.0,0.7095565861428496,-0.8233370869414731,1,6.0,1,1,0.3314475578679709,0.33144755786797087
2016-12-20,air_4cab91146e3d1897,0,0,0,0,0,1,0,-0.7280848502217729,-0.674617288749749,0.0,-0.4666130171665864,-0.6796528280870953,1,10.0,1,1,0.8140731252413376,0.8140731252413375
2016-12-21,air_4cab91146e3d1897,0,0,0,0,0,0,1,-0.6144190573266081,-0.35975236941751937,0.0,0.5870389191314498,-0.763468645752149,1,13.0,1,1,1.1980140682766536,1.1980140682766536
2016-12-22,air_4cab91146e3d1897,0,0,0,0,1,0,0,-0.09660822302641228,0.04327472732773451,0.0,-0.7116483511893855,-0.5958370104220416,1,16.0,1,1,1.933252185482282,1.9332521854822817
2016-12-23,air_4cab91146e3d1897,1,0,0,0,0,0,0,-0.1723854182898555,-0.032292853312000346,1.0,-0.27058474994834714,-0.3683369339026099,1,23.0,1,1,1.6035501199457416,1.6035501199457414
2016-12-24,air_4cab91146e3d1897,0,0,1,0,0,0,0,-0.8543801756608451,-1.002076804855268,0.0,0.7585636529474092,-0.7395212692764194,1,12.0,1,1,1.7640067992129536,1.7640067992129533
2016-12-25,air_4cab91146e3d1897,0,0,0,1,0,0,0,-1.1069708265389895,-1.1784011596813164,0.0,-0.17257061633922738,-0.8472844634172028,1,4.0,1,1,0.6408100443424702,0.6408100443424701
2016-12-27,air_4cab91146e3d1897,0,0,0,0,0,1,0,-0.5386418620631648,-0.13304962749831392,0.0,-1.2752296194418233,-0.7275475810385545,1,17.0,1,1,1.063923510015791,1.063923510015791
2016-12-28,air_4cab91146e3d1897,0,0,0,0,0,0,1,-1.1827480218024327,-1.3169417241874974,0.0,0.8810813199588088,-1.1466266693638234,1,22.0,1,1,1.8471228568615405,1.8471228568615403
2016-12-29,air_4cab91146e3d1897,0,0,0,0,1,0,0,-1.3974500750488554,-1.4932660790135461,1.0,-0.05005294932782783,-1.3022846164560662,1,12.0,1,1,1.5631220677360058,1.5631220677360058
2017-01-05,air_4cab91146e3d1897,0,0,0,0,1,0,0,-1.094341293995082,-1.1909957564546056,0.0,0.8810813199588088,-0.9430739693201213,1,16.0,1,1,-0.22274319509405827,-0.2227431950940583
2017-01-06,air_4cab91146e3d1897,1,0,0,0,0,0,0,-1.3721910099610408,-1.3925093048272326,0.0,0.8320742531542491,-1.2064951105531474,1,8.0,1,1,0.6330257609977386,0.6330257609977384
2017-01-07,air_4cab91146e3d1897,0,0,1,0,0,0,0,-1.4227091401366698,-1.405103901600522,0.0,0.8075707197519688,-1.3741267458832551,1,13.0,1,1,1.165621405325996,1.1656214053259957
2017-01-11,air_4cab91146e3d1897,0,0,0,0,0,0,1,-1.0690822289072677,-1.1154281758148705,0.0,0.8810813199588088,-0.9191265928443917,1,15.0,1,1,0.08109496126482499,0.08109496126482493
2017-01-12,air_4cab91146e3d1897,0,0,0,0,1,0,0,-1.1827480218024327,-0.9768876113086896,0.0,0.6850530527405693,-1.3022846164560662,1,12.0,1,1,0.07180404243401615,0.07180404243401611
2017-01-13,air_4cab91146e3d1897,1,0,0,0,0,0,0,-1.157488956714618,-0.9013200306689545,0.0,0.31750005170637086,-1.2184687987910123,1,12.0,1,1,1.1294621536601452,1.1294621536601452
2017-01-14,air_4cab91146e3d1897,0,0,1,0,0,0,0,-1.6374111933830924,-1.7073742241594623,0.0,-0.5401236173734261,-1.5417583812133626,1,22.0,1,1,1.4330492041046823,1.4330492041046823
2017-01-15,air_4cab91146e3d1897,0,0,0,1,0,0,0,-1.8521132466295152,-1.9088877725320894,0.0,0.6605495193382894,-1.6614952635920106,1,8.0,1,1,0.09164140966736474,0.09164140966736468
2017-01-17,air_4cab91146e3d1897,0,0,0,0,0,1,0,-1.2585252170658758,-1.1280227725881598,0.0,0.9055848533610885,-1.3022846164560662,1,13.0,1,1,0.0823504908365559,0.08235049083655586
2017-01-18,air_4cab91146e3d1897,0,0,0,0,0,0,1,-1.2080070868902473,-1.2035903532278949,0.0,0.9055848533610885,-1.254389863504607,1,11.0,1,1,0.3640913267329749,0.36409132673297484
2017-01-19,air_4cab91146e3d1897,0,0,0,0,1,0,0,-1.1322298916268037,-1.1280227725881598,0.0,0.04796118428129168,-1.0987319164123641,1,14.0,1,1,0.3575625729599741,0.35756257295997407
2017-01-20,air_4cab91146e3d1897,1,0,0,0,0,0,0,-1.561633998119649,-2.0222391434916918,0.0,-1.3242366862463832,-1.1226792928880935,1,10.0,1,1,1.153568321437379,1.1535683214373789
2017-01-21,air_4cab91146e3d1897,0,0,1,0,0,0,0,-1.1953775543463399,-1.1154281758148705,0.0,0.9790954535679285,-1.242416175266742,1,25.0,1,1,1.7670200701851078,1.7670200701851075
2017-01-24,air_4cab91146e3d1897,0,0,0,0,0,1,0,-1.6247816608391852,-1.5310498693334138,0.0,0.9790954535679285,-1.6136005106405515,1,12.0,1,1,0.16094664202691167,0.1609466420269116
2017-01-25,air_4cab91146e3d1897,0,0,0,0,0,0,1,-1.4479682052244842,-1.3043471274142084,0.0,1.028102520372488,-1.5297846929754977,1,16.0,1,1,0.4180790983174046,0.41807909831740453
2017-01-26,air_4cab91146e3d1897,0,0,0,0,1,0,0,-1.3595614774171336,-1.1532119661347382,0.0,1.0035989869702082,-1.5537320694512273,1,7.0,1,1,0.508477227482031,0.508477227482031
2017-01-27,air_4cab91146e3d1897,1,0,0,0,0,0,0,-0.8291211105730306,-0.4856983371504112,0.0,-0.05005294932782783,-1.2184687987910123,1,15.0,1,1,1.451882147680646,1.451882147680646
2017-01-28,air_4cab91146e3d1897,0,0,1,0,0,0,0,-0.8796392407486595,-0.7879686597093518,0.0,0.9055848533610885,-0.835310775179338,1,21.0,1,1,1.9425431043130907,1.9425431043130905
2017-01-29,air_4cab91146e3d1897,0,0,0,1,0,0,0,-0.9301573709242884,-0.9894822080819787,0.0,-0.6136342175802658,-0.8113633987036084,1,15.0,1,1,0.5501608092634976,0.5501608092634975
2017-01-31,air_4cab91146e3d1897,0,0,0,0,0,1,0,-1.1953775543463399,-1.2413741435477625,0.0,0.9545919201656486,-1.0508371634609048,1,9.0,1,1,0.17927737377418312,0.17927737377418307
2017-02-01,air_4cab91146e3d1897,0,0,0,0,0,0,1,-1.1827480218024327,-1.1658065629080274,0.0,0.4400177187177704,-1.1226792928880935,1,12.0,1,1,0.29754825943123603,0.297548259431236
2017-02-02,air_4cab91146e3d1897,0,0,0,0,1,0,0,-1.3721910099610408,-1.27915793386763,0.0,1.028102520372488,-1.2783372399803363,1,15.0,1,1,0.2895128701721581,0.28951287017215804
2017-02-03,air_4cab91146e3d1897,1,0,0,0,0,0,0,-1.0059345661877317,-0.7753740629360626,0.0,1.028102520372488,-1.2663635517424716,1,12.0,1,1,1.1352375896901075,1.1352375896901075
2017-02-04,air_4cab91146e3d1897,0,0,1,0,0,0,0,-0.904898305836474,-0.81315785325593,0.0,1.028102520372488,-0.8592581516550676,1,23.0,1,1,1.8252766423134226,1.8252766423134223
2017-02-05,air_4cab91146e3d1897,0,0,0,1,0,0,0,-1.0311936312755459,-1.2539687403210515,0.0,-0.7116483511893855,-0.9789950340337158,1,12.0,1,1,0.22422533244215015,0.2242253324421501
2017-02-07,air_4cab91146e3d1897,0,0,0,0,0,1,0,-1.2332661519780617,-1.2413741435477625,0.0,1.0035989869702082,-1.1226792928880935,1,10.0,1,1,0.09992790484078883,0.09992790484078877
2017-02-08,air_4cab91146e3d1897,0,0,0,0,0,0,1,-1.144859424170711,-1.1154281758148705,0.0,1.0035989869702082,-1.1586003576016881,1,16.0,1,1,0.4115503445444038,0.4115503445444037
2017-02-09,air_4cab91146e3d1897,0,0,0,0,1,0,0,-1.6374111933830924,-1.820725595119065,0.0,-1.3242366862463832,-1.2663635517424716,1,15.0,1,1,0.20162580015099354,0.2016258001509935
2017-02-10,air_4cab91146e3d1897,1,0,0,0,0,0,0,-1.3974500750488554,-1.3295363209607867,0.0,-0.34409535015518683,-1.2064951105531474,1,8.0,1,1,1.325324766850169,1.325324766850169
2017-02-11,air_4cab91146e3d1897,0,0,1,0,0,0,0,-1.4227091401366698,-1.2287795467744733,1.0,0.4645212521200502,-1.577679445926957,1,12.0,1,1,1.7283497593757953,1.728349759375795
2017-02-13,air_4cab91146e3d1897,0,1,0,0,0,0,0,-1.144859424170711,-1.014671401628557,0.0,0.6360459859360096,-1.2663635517424716,1,15.0,1,1,-0.1476625267045491,-0.14766252670454913
2017-02-14,air_4cab91146e3d1897,0,0,0,0,0,1,0,-1.1701184892585255,-1.014671401628557,0.0,0.8565777865565289,-1.1346529811259585,1,7.0,1,1,0.2772086803691951,0.277208680369195
2017-02-15,air_4cab91146e3d1897,0,0,0,0,0,0,1,-1.1196003590828967,-0.8887254338956652,0.0,1.101613120579328,-1.242416175266742,1,14.0,1,1,0.6370434556272775,0.6370434556272774
2017-02-16,air_4cab91146e3d1897,0,0,0,0,1,0,0,-1.0185640987316391,-0.7753740629360626,0.0,1.101613120579328,-1.230442487028877,1,16.0,1,1,0.6470876922011248,0.6470876922011247
2017-02-17,air_4cab91146e3d1897,1,0,0,0,0,0,0,-0.27342167864111333,0.09365311442089153,0.0,0.6850530527405693,-0.8113633987036084,1,11.0,1,1,1.4157228960147956,1.4157228960147954
2017-02-18,air_4cab91146e3d1897,0,0,1,0,0,0,0,-0.9175278383803812,-1.1532119661347382,0.0,-0.6136342175802658,-0.6197843868977712,1,16.0,1,1,1.8822776848700065,1.8822776848700062
2017-02-20,air_4cab91146e3d1897,0,1,0,0,0,0,0,-0.6901962525900512,-0.019698256538711423,0.0,0.04796118428129168,-1.1705740458395528,1,11.0,1,1,-0.26668673010464056,-0.26668673010464056
2017-02-21,air_4cab91146e3d1897,0,0,0,0,0,1,0,-1.1701184892585255,-1.2539687403210515,0.0,1.052606053774768,-0.9550476575579863,1,10.0,1,1,0.3093502374055067,0.30935023740550666
2017-02-22,air_4cab91146e3d1897,0,0,0,0,0,0,1,-1.0564526963633605,-1.1658065629080274,0.0,-0.27058474994834714,-1.254389863504607,1,18.0,1,1,0.6239859480812758,0.6239859480812758
2017-02-23,air_4cab91146e3d1897,0,0,0,0,1,0,0,-0.3744579389923709,-0.4479145468305436,0.0,-0.9566836852121846,-0.3803106221404747,1,12.0,1,1,0.5760247184411547,0.5760247184411545
2017-02-24,air_4cab91146e3d1897,1,0,0,0,0,0,0,-1.0059345661877317,-1.0776443854950029,0.0,-0.4666130171665864,-0.763468645752149,1,21.0,1,1,1.5101387198089609,1.5101387198089609
2017-02-25,air_4cab91146e3d1897,0,0,1,0,0,0,0,-0.9933050336438245,-0.9013200306689545,0.0,0.6605495193382894,-0.967021345795851,1,21.0,1,1,2.099484300779456,2.099484300779456
2017-02-26,air_4cab91146e3d1897,0,0,0,1,0,0,0,-0.8543801756608451,-0.7124010790696167,0.0,0.7340601195451294,-0.9909687222715808,1,10.0,1,1,0.6985644046420927,0.6985644046420926
