visit_date,air_store_id,Friday,Monday,Saturday,Sunday,Thursday,Tuesday,Wednesday,avg_temperature1,high_temperature1,holiday_flg,hours_sunlight1,low_temperature1,train_ind,visitors,Dining bar,Fukuoka-ken Fukuoka-shi Tenjin,total_area_visitors,total_genre_visitors
2016-01-01,air_b2d8bc9c88b85f96,1,0,0,0,0,0,0,-1.1082821246238408,-0.916479344050819,1.0,0.4181091381014419,-1.192465010899645,1,16.0,1,1,-2.031019080757913,-2.031019080757913
2016-01-05,air_b2d8bc9c88b85f96,0,0,0,0,0,1,0,-0.7942559190363488,-0.9396203582553995,0.0,-1.2277869078379042,-0.5789442498741587,1,11.0,1,1,-1.4170158621445152,-1.417015862144515
2016-01-06,air_b2d8bc9c88b85f96,0,0,0,0,0,0,1,-0.8425676429728862,-0.9859023866645606,0.0,-1.2277869078379042,-0.7087274877833962,1,33.0,1,1,-1.3528511309139535,-1.3528511309139535
2016-01-07,air_b2d8bc9c88b85f96,0,0,0,0,1,0,0,-0.8908793669094235,-1.1710305003012054,0.0,-1.1280356323264287,-0.5671457737005917,1,19.0,1,1,-1.2836140889141776,-1.2836140889141774
2016-01-08,air_b2d8bc9c88b85f96,1,0,0,0,0,0,0,-1.0841262626555723,-1.3561586139378499,0.0,-1.2277869078379042,-0.7677198686512314,1,14.0,1,1,-0.9490951936844908,-0.9490951936844907
2016-01-09,air_b2d8bc9c88b85f96,0,0,1,0,0,0,0,-1.0358145387190352,-1.3214470926309791,0.0,-1.1779112700821666,-0.7205259639569633,1,23.0,1,1,-0.6909145755314801,-0.69091457553148
2016-01-10,air_b2d8bc9c88b85f96,0,0,0,1,0,0,0,-1.0358145387190352,-1.1131779647897537,0.0,-0.2801497904788868,-0.921100058907603,1,25.0,1,1,-0.976739287376709,-0.976739287376709
2016-01-11,air_b2d8bc9c88b85f96,0,1,0,0,0,0,0,-0.9875028147824978,-0.9743318795622704,1.0,-0.9784087190592154,-0.9564954874283043,1,1.0,1,1,-1.3386486607601533,-1.3386486607601533
2016-01-12,air_b2d8bc9c88b85f96,0,0,0,0,0,1,0,-1.0841262626555723,-1.309876585528689,0.0,-1.1280356323264287,-0.9682939636018713,1,25.0,1,1,-1.3924151549138255,-1.3924151549138255
2016-01-13,air_b2d8bc9c88b85f96,0,0,0,0,0,0,1,-1.2894510893858555,-1.5297162204722043,0.0,-0.9784087190592154,-1.1334726300318099,1,11.0,1,1,-1.1885082619914085,-1.1885082619914082
2016-01-14,air_b2d8bc9c88b85f96,0,0,0,0,1,0,0,-1.1807497105286469,-1.3561586139378499,0.0,-0.8038439869141333,-1.0626817729904077,1,39.0,1,1,-1.0959385904532464,-1.0959385904532464
2016-01-15,air_b2d8bc9c88b85f96,1,0,0,0,0,0,0,-1.2894510893858555,-1.1016074576874635,0.0,1.0166167911702952,-1.2750543441146145,1,11.0,1,1,-0.8200048846079854,-0.8200048846079854
2016-01-16,air_b2d8bc9c88b85f96,0,0,1,0,0,0,0,-1.0841262626555723,-0.8817678227439479,0.0,0.7173629646358686,-1.2868528202881815,1,24.0,1,1,-0.6726542567623084,-0.6726542567623083
2016-01-17,air_b2d8bc9c88b85f96,0,0,0,1,0,0,0,-1.1324379865921097,-1.309876585528689,0.0,-1.2277869078379042,-1.0154878682961395,1,30.0,1,1,-1.2749911606065132,-1.2749911606065132
2016-01-18,air_b2d8bc9c88b85f96,0,1,0,0,0,0,0,-1.1807497105286469,-1.2173125287103665,0.0,-0.6791548925247889,-1.369442153503151,1,15.0,1,1,-1.5580261015286743,-1.558026101528674
2016-01-19,air_b2d8bc9c88b85f96,0,0,0,0,0,1,0,-1.7121786738305562,-2.004107011666106,0.0,-1.2028490889600356,-1.440233010544553,1,56.0,1,1,-1.3219100352217459,-1.3219100352217459
2016-01-20,air_b2d8bc9c88b85f96,0,0,0,0,0,0,1,-1.6638669498940193,-1.7264148412111393,0.0,-0.6791548925247889,-1.4756284390652543,1,23.0,1,1,-1.197131190299073,-1.1971311902990727
2016-01-21,air_b2d8bc9c88b85f96,0,0,0,0,1,0,0,-1.6517890189098847,-1.633850784392817,0.0,-1.2028490889600356,-1.5582177722802235,1,49.0,1,1,-1.0753957318379284,-1.0753957318379281
2016-01-22,air_b2d8bc9c88b85f96,1,0,0,0,0,0,0,-1.2894510893858555,-1.402440642347011,0.0,-0.9784087190592154,-1.2278604394203463,1,31.0,1,1,-0.7677600836850775,-0.7677600836850775
2016-01-23,air_b2d8bc9c88b85f96,0,0,1,0,0,0,0,-1.5672435020209448,-1.7264148412111393,0.0,-1.2277869078379042,-1.5464192961066565,1,12.0,1,1,-0.6947188086083907,-0.6947188086083907
2016-01-24,air_b2d8bc9c88b85f96,0,0,0,1,0,0,0,-2.2315297061483315,-2.3049401963256537,0.0,-1.2277869078379042,-2.0301568192229054,1,9.0,1,1,-1.3898789995292185,-1.3898789995292182
2016-01-25,air_b2d8bc9c88b85f96,0,1,0,0,0,0,0,-1.8450359146560338,-2.0272480258706866,0.0,-1.2028490889600356,-1.8059857719251315,1,6.0,1,1,-1.414479706759908,-1.414479706759908
2016-01-26,air_b2d8bc9c88b85f96,0,0,0,0,0,1,0,-1.4585421231637359,-1.5644277417790753,0.0,-1.1779112700821666,-1.3340467249824497,1,20.0,1,1,-1.2422747561450806,-1.2422747561450804
2016-01-27,air_b2d8bc9c88b85f96,0,0,0,0,0,0,1,-1.1928276415127812,-1.2173125287103665,0.0,-1.1779112700821666,-1.1216741538582429,1,13.0,1,1,-1.0911198952224928,-1.0911198952224928
2016-01-28,air_b2d8bc9c88b85f96,0,0,0,0,1,0,0,-0.9875028147824978,-0.9974728937668509,0.0,-1.2277869078379042,-0.7913168209983655,1,39.0,1,1,-1.0966994370686285,-1.0966994370686285
2016-01-29,air_b2d8bc9c88b85f96,1,0,0,0,0,0,0,-0.6613986782108715,-0.6966397091073033,0.0,-1.2277869078379042,-0.378370154923519,1,62.0,1,1,-0.9541675044537051,-0.954167504453705
2016-01-30,air_b2d8bc9c88b85f96,0,0,1,0,0,0,0,-0.6855545401791401,-0.6619281878004324,0.0,0.5677360513686553,-0.5553472975270247,1,20.0,1,1,-0.6536330913777545,-0.6536330913777545
2016-01-31,air_b2d8bc9c88b85f96,0,0,0,1,0,0,0,-0.8425676429728862,-0.916479344050819,0.0,0.11885531156701547,-0.6733320592626951,1,8.0,1,1,-1.2067685807605801,-1.20676858076058
2016-02-01,air_b2d8bc9c88b85f96,0,1,0,0,0,0,0,-1.1082821246238408,-1.2867355713241082,0.0,-1.2028490889600356,-0.9446970112547373,1,13.0,1,1,-1.4603841192212978,-1.4603841192212978
2016-02-02,air_b2d8bc9c88b85f96,0,0,0,0,0,1,0,-1.229061434465184,-1.2288830358126568,0.0,-0.6043414358911823,-1.0036893921225725,1,23.0,1,1,-1.31277987583716,-1.31277987583716
2016-02-03,air_b2d8bc9c88b85f96,0,0,0,0,0,0,1,-1.1686717795445125,-1.159459993198915,0.0,-0.5045901603797067,-1.1452711062053769,1,11.0,1,1,-1.2382169075297091,-1.238216907529709
2016-02-04,air_b2d8bc9c88b85f96,0,0,0,0,1,0,0,-1.2169835034810497,-1.124748471892044,0.0,0.39317131922357307,-1.3104497726353157,1,19.0,1,1,-1.2006818078375228,-1.2006818078375228
2016-02-05,air_b2d8bc9c88b85f96,1,0,0,0,0,0,0,-1.2049055724969153,-1.124748471892044,0.0,-0.3549632471124934,-1.0980772015111087,1,19.0,1,1,-0.8278669663002677,-0.8278669663002676
2016-02-06,air_b2d8bc9c88b85f96,0,0,1,0,0,0,0,-1.2532172964334527,-1.5065752062676236,0.0,-1.0532221756928222,-1.1098756776846757,1,22.0,1,1,-0.6054461390702182,-0.6054461390702182
2016-02-07,air_b2d8bc9c88b85f96,0,0,0,1,0,0,0,-1.4343862611954674,-1.437152163653882,0.0,-1.0282843568149533,-1.381240629676718,1,17.0,1,1,-1.2141234313759408,-1.2141234313759408
2016-02-08,air_b2d8bc9c88b85f96,0,1,0,0,0,0,0,-1.2049055724969153,-1.240453542914947,0.0,-0.230274152723149,-1.357643677329584,1,14.0,1,1,-1.409153780452233,-1.4091537804522327
2016-02-09,air_b2d8bc9c88b85f96,0,0,0,0,0,1,0,-0.8425676429728862,-0.9049088369485286,0.0,1.1662437044375085,-0.921100058907603,1,27.0,1,1,-1.1920588795298586,-1.1920588795298583
2016-02-10,air_b2d8bc9c88b85f96,0,0,0,0,0,0,1,-1.072048331671438,-0.800774273027916,0.0,1.2161193421932464,-1.192465010899645,1,39.0,1,1,-0.8692062990693646,-0.8692062990693646
2016-02-11,air_b2d8bc9c88b85f96,0,0,0,0,1,0,0,-0.7338662641156773,-0.4536590599592071,1.0,0.8669898779030819,-1.0744802491639747,1,30.0,1,1,-0.9422475741460514,-0.9422475741460513
2016-02-12,air_b2d8bc9c88b85f96,1,0,0,0,0,0,0,-0.19035936982963347,-0.19910790370882075,0.0,-1.0532221756928222,-0.354773202576385,1,64.0,1,1,-0.8861985401462328,-0.8861985401462327
2016-02-13,air_b2d8bc9c88b85f96,0,0,1,0,0,0,0,0.07535511182132143,0.009161224132404572,0.0,-0.87865744354774,0.09356889201916281,1,15.0,1,1,-0.6970013484545372,-0.6970013484545372
2016-02-14,air_b2d8bc9c88b85f96,0,0,0,1,0,0,0,-0.7338662641156773,-0.22224891791340126,0.0,-1.2028490889600356,-0.909301582734036,1,7.0,1,1,-1.2316229035297304,-1.2316229035297304
2016-02-15,air_b2d8bc9c88b85f96,0,1,0,0,0,0,0,-1.4826979851320046,-1.714844334108849,0.0,-0.7040927114026577,-1.192465010899645,1,14.0,1,1,-1.412704397990683,-1.4127043979906828
2016-02-16,air_b2d8bc9c88b85f96,0,0,0,0,0,1,0,-1.3739966062747957,-1.4950046991653334,0.0,-1.1280356323264287,-1.2396589155939133,1,42.0,1,1,-1.25267299322197,-1.25267299322197
2016-02-17,air_b2d8bc9c88b85f96,0,0,0,0,0,0,1,-1.3136069513541242,-1.4487226707561722,0.0,-0.8038439869141333,-1.3458452011560167,1,23.0,1,1,-1.0842722756840533,-1.0842722756840533
2016-02-18,air_b2d8bc9c88b85f96,0,0,0,0,1,0,0,-1.1807497105286469,-0.9049088369485286,0.0,-0.10558505833380458,-1.381240629676718,1,61.0,1,1,-1.0939096661455607,-1.0939096661455605
2016-02-19,air_b2d8bc9c88b85f96,1,0,0,0,0,0,0,-0.7459441950998116,-0.7544922446187549,0.0,-0.65421707364692,-0.9446970112547373,1,40.0,1,1,-0.7758757809158205,-0.7758757809158204
2016-02-20,air_b2d8bc9c88b85f96,0,0,1,0,0,0,0,-0.9029572978935577,-1.043754922176012,0.0,-1.2277869078379042,-0.6969290116098292,1,20.0,1,1,-0.8098602630695567,-0.8098602630695566
2016-02-21,air_b2d8bc9c88b85f96,0,0,0,1,0,0,0,-1.1807497105286469,-1.275165064221818,0.0,1.1413058855596396,-1.1688680585525109,1,26.0,1,1,-1.1773491782991368,-1.1773491782991368
2016-02-22,air_b2d8bc9c88b85f96,0,1,0,0,0,0,0,-1.2169835034810497,-1.2057420216080763,0.0,-1.2277869078379042,-1.2278604394203463,1,23.0,1,1,-1.3997700055291864,-1.3997700055291862
2016-02-23,air_b2d8bc9c88b85f96,0,0,0,0,0,1,0,-0.9875028147824978,-0.800774273027916,0.0,0.06897967381127765,-0.8621076780397678,1,30.0,1,1,-1.1841967978375763,-1.184196797837576
2016-02-24,air_b2d8bc9c88b85f96,0,0,0,0,0,0,1,-1.0962041936397067,-1.1363189789943344,0.0,-0.4547145226239689,-1.216061963246779,1,19.0,1,1,-1.140321309683872,-1.140321309683872
2016-02-25,air_b2d8bc9c88b85f96,0,0,0,0,1,0,0,-1.422308330211333,-1.4140111494493013,0.0,-0.4547145226239689,-1.357643677329584,1,30.0,1,1,-1.0363389389149777,-1.0363389389149775
2016-02-26,air_b2d8bc9c88b85f96,1,0,0,0,0,0,0,-1.2894510893858555,-1.1016074576874635,0.0,0.8420520590252132,-1.4992253914123883,1,35.0,1,1,-0.6275106909163005,-0.6275106909163005
2016-02-27,air_b2d8bc9c88b85f96,0,0,1,0,0,0,0,-0.915035228877692,-0.6619281878004324,0.0,-0.6791548925247889,-0.9328985350811702,1,36.0,1,1,-0.45987081999376606,-0.4598708199937661
2016-02-28,air_b2d8bc9c88b85f96,0,0,0,1,0,0,0,-0.4198400585281854,-0.25696043922027223,0.0,1.2410571610711152,-0.6851305354362621,1,18.0,1,1,-1.0416648652226528,-1.0416648652226528
2016-02-29,air_b2d8bc9c88b85f96,0,1,0,0,0,0,0,-1.2169835034810497,-0.6966397091073033,0.0,-0.4048388848682312,-1.2514573917674805,1,20.0,1,1,-1.3520902842985714,-1.3520902842985714
2016-03-01,air_b2d8bc9c88b85f96,0,0,0,0,0,1,0,-1.506853847100273,-1.5412867275744948,0.0,-0.030771601700197968,-1.2750543441146145,1,22.0,1,1,-1.2432892182989235,-1.2432892182989232
2016-03-02,air_b2d8bc9c88b85f96,0,0,0,0,0,0,1,-1.1203600556079754,-0.8586268085393675,0.0,1.1662437044375085,-1.3222482488088827,1,21.0,1,1,-1.1136916781454966,-1.1136916781454966
2016-03-03,air_b2d8bc9c88b85f96,0,0,0,0,1,0,0,-0.6493207472267373,-0.21067841081111122,0.0,1.3906840743383284,-0.9800924397754383,1,19.0,1,1,-1.130430303683904,-1.1304303036839038
2016-03-04,air_b2d8bc9c88b85f96,1,0,0,0,0,0,0,-0.12996971490896195,0.06701375964385603,0.0,-0.2053363338452802,-0.21319148849358033,1,37.0,1,1,-0.758376308762031,-0.7583763087620309
2016-03-05,air_b2d8bc9c88b85f96,0,0,1,0,0,0,0,0.1599006287102615,0.3562764372011133,0.0,1.2909327988268529,-0.23678844084071454,1,11.0,1,1,-0.5357018659935207,-0.5357018659935208
2016-03-06,air_b2d8bc9c88b85f96,0,0,0,1,0,0,0,0.08743304280545548,0.14800730935988798,0.0,-0.7539683491583955,0.10536736819272982,1,10.0,1,1,-1.1687262499914723,-1.1687262499914723
2016-03-07,air_b2d8bc9c88b85f96,0,1,0,0,0,0,0,-0.21451523179790222,-0.3379539889363042,0.0,-1.1779112700821666,0.010979558804193582,1,13.0,1,1,-1.4563262706059263,-1.4563262706059263
2016-03-08,air_b2d8bc9c88b85f96,0,0,0,0,0,1,0,-0.3111386796709766,-0.1643963824019498,0.0,-0.4048388848682312,-0.1895945361464463,1,27.0,1,1,-1.1213001442993182,-1.121300144299318
2016-03-09,air_b2d8bc9c88b85f96,0,0,0,0,0,0,1,-0.7459441950998116,-0.9280498511531092,0.0,-1.2277869078379042,-0.5081533928327564,1,26.0,1,1,-1.1677117878376295,-1.1677117878376295
2016-03-10,air_b2d8bc9c88b85f96,0,0,0,0,1,0,0,-0.8184117810046176,-0.9743318795622704,0.0,-1.1529734512042977,-0.7441229163040973,1,29.0,1,1,-1.0472444070687885,-1.0472444070687885
2016-03-11,air_b2d8bc9c88b85f96,1,0,0,0,0,0,0,-1.1807497105286469,-1.309876585528689,0.0,-1.078159994570691,-0.9800924397754383,1,20.0,1,1,-0.7086676632237303,-0.7086676632237302
2016-03-12,air_b2d8bc9c88b85f96,0,0,1,0,0,0,0,-1.2773731584017212,-1.240453542914947,0.0,-0.9784087190592154,-1.2396589155939133,1,37.0,1,1,-0.5187096249166526,-0.5187096249166526
2016-03-13,air_b2d8bc9c88b85f96,0,0,0,1,0,0,0,-1.1324379865921097,-1.1016074576874635,0.0,-1.2277869078379042,-1.1098756776846757,1,11.0,1,1,-1.1185103733762503,-1.1185103733762503
2016-03-14,air_b2d8bc9c88b85f96,0,1,0,0,0,0,0,-0.9271131598618263,-0.8817678227439479,0.0,-0.8287818057920021,-0.8385107256926339,1,7.0,1,1,-1.3475252046062784,-1.3475252046062784
2016-03-15,air_b2d8bc9c88b85f96,0,0,0,0,0,1,0,-0.7942559190363488,-0.7082102162095936,0.0,0.9418033345366883,-0.6733320592626951,1,19.0,1,1,-1.0726059609148604,-1.0726059609148604
2016-03-16,air_b2d8bc9c88b85f96,0,0,0,0,0,0,1,-0.637242816242603,-0.29167196052714317,0.0,0.4929225947350487,-0.7559213924776644,1,20.0,1,1,-0.9833332913766877,-0.9833332913766876
2016-03-17,air_b2d8bc9c88b85f96,0,0,0,0,1,0,0,-0.34737247262337956,0.009161224132404572,0.0,1.3408084365825907,-0.7323244401305303,1,23.0,1,1,-0.9359071856845335,-0.9359071856845333
2016-03-18,air_b2d8bc9c88b85f96,1,0,0,0,0,0,0,-0.10581385294069341,-0.29167196052714317,0.0,-1.1280356323264287,-0.024415869716507638,1,61.0,1,1,-0.5605561887626711,-0.5605561887626711
2016-03-19,air_b2d8bc9c88b85f96,0,0,1,0,0,0,0,-0.2628269557344393,-0.36109500314088505,0.0,-0.3050876093567556,-0.30757929788211674,1,17.0,1,1,-0.5430567166088816,-0.5430567166088816
2016-03-20,air_b2d8bc9c88b85f96,0,0,0,1,0,0,0,-0.5889310923060658,-0.4999410883683685,1.0,1.4654975309719351,-0.5081533928327564,1,10.0,1,1,-0.7553329223005023,-0.7553329223005023
2016-03-21,air_b2d8bc9c88b85f96,0,1,0,0,0,0,0,-0.7459441950998116,-0.6272166664935617,1.0,0.9916789722924264,-0.7441229163040973,1,9.0,1,1,-1.2006818078375228,-1.2006818078375228
2016-03-22,air_b2d8bc9c88b85f96,0,0,0,0,0,1,0,-0.6130869542743342,-0.25696043922027223,0.0,1.5901866253612797,-1.0980772015111087,1,25.0,1,1,-1.0685481122994889,-1.0685481122994889
2016-03-23,air_b2d8bc9c88b85f96,0,0,0,0,0,0,1,-0.4802297134488569,-0.3379539889363042,0.0,0.04404185493340863,-0.5435488213534577,1,10.0,1,1,-0.9673555124536625,-0.9673555124536624
2016-03-24,air_b2d8bc9c88b85f96,0,0,0,0,1,0,0,-0.7217883331315431,-0.7544922446187549,0.0,-0.030771601700197968,-0.5789442498741587,1,13.0,1,1,-1.0269551639919312,-1.026955163991931
2016-03-25,air_b2d8bc9c88b85f96,1,0,0,0,0,0,0,-0.8667235049411547,-0.7776332588233353,0.0,1.3408084365825907,-0.8621076780397678,1,35.0,1,1,-0.42233572030157984,-0.42233572030157984
2016-03-26,air_b2d8bc9c88b85f96,0,0,1,0,0,0,0,-0.7701000570680804,-0.476800074163788,0.0,1.0415546100481639,-1.0154878682961395,1,41.0,1,1,-0.42816887768617634,-0.42816887768617634
2016-03-27,air_b2d8bc9c88b85f96,0,0,0,1,0,0,0,-0.7701000570680804,-0.7313512304141743,0.0,0.3682335003457043,-0.7205259639569633,1,11.0,1,1,-0.9868839089151378,-0.9868839089151377
2016-03-28,air_b2d8bc9c88b85f96,0,1,0,0,0,0,0,-0.6130869542743342,-0.31481297473172365,0.0,1.490435349849804,-0.8621076780397678,1,13.0,1,1,-1.10430790322245,-1.10430790322245
2016-03-29,air_b2d8bc9c88b85f96,0,0,0,0,0,1,0,-0.3232166106551108,-0.25696043922027223,0.0,-0.4297767037461,-0.5671457737005917,1,26.0,1,1,-0.8291350439925712,-0.8291350439925712
2016-03-30,air_b2d8bc9c88b85f96,0,0,0,0,0,0,1,-0.021268336051753125,-0.025550297174466382,0.0,-1.0532221756928222,0.010979558804193582,1,34.0,1,1,-0.9146034804538331,-0.9146034804538331
2016-03-31,air_b2d8bc9c88b85f96,0,0,0,0,1,0,0,-0.1782814388454992,-0.2338194250156917,0.0,-1.0033465379370843,-0.024415869716507638,1,29.0,1,1,-0.8788436895308719,-0.8788436895308719
2016-04-01,air_b2d8bc9c88b85f96,1,0,0,0,0,0,0,-0.2265931627820365,-0.4189475386523365,0.0,-1.1779112700821666,-0.012617393542940634,1,43.0,1,1,-0.6716397946084655,-0.6716397946084655
2016-04-02,air_b2d8bc9c88b85f96,0,0,1,0,0,0,0,0.09951097378958995,0.14800730935988798,0.0,0.8669898779030819,0.12896432053986404,1,21.0,1,1,-0.6888856512237943,-0.6888856512237943
2016-04-03,air_b2d8bc9c88b85f96,0,0,0,1,0,0,0,0.20821235264679855,0.36784694430340337,0.0,-0.9784087190592154,0.34133689166407094,1,11.0,1,1,-1.2143770469144015,-1.2143770469144015
2016-04-04,air_b2d8bc9c88b85f96,0,1,0,0,0,0,0,-0.1782814388454992,-0.46522956706149754,0.0,-1.2277869078379042,0.04637498732489459,1,25.0,1,1,-1.3272359615294211,-1.327235961529421
2016-04-05,air_b2d8bc9c88b85f96,0,0,0,0,0,1,0,-0.16620350786136495,-0.0718323255836278,0.0,0.8919276967809507,-0.1895945361464463,1,15.0,1,1,-1.122314606453161,-1.122314606453161
2016-04-06,air_b2d8bc9c88b85f96,0,0,0,0,0,0,1,-0.06958005998829041,0.009161224132404572,0.0,-0.005833782822328952,-0.24858691701428154,1,32.0,1,1,-1.0551064887610708,-1.0551064887610708
2016-04-07,air_b2d8bc9c88b85f96,0,0,0,0,1,0,0,0.24444614559920158,0.41412897271256477,0.0,-1.2277869078379042,0.10536736819272982,1,17.0,1,1,-1.1712624053760796,-1.1712624053760794
2016-04-08,air_b2d8bc9c88b85f96,1,0,0,0,0,0,0,-0.09373592195655915,-0.013979790072176338,0.0,0.11885531156701547,-0.024415869716507638,1,37.0,1,1,-0.6112792964548146,-0.6112792964548146
2016-04-09,air_b2d8bc9c88b85f96,0,0,1,0,0,0,0,0.08743304280545548,0.32156491589424235,0.0,0.6924251457579997,-0.03621434589007464,1,52.0,1,1,-0.5187096249166526,-0.5187096249166526
2016-04-10,air_b2d8bc9c88b85f96,0,0,0,1,0,0,0,0.03912131886891842,0.21743035197362948,0.0,-0.08064723945593578,0.09356889201916281,1,11.0,1,1,-1.0999964390686179,-1.0999964390686179
2016-04-11,air_b2d8bc9c88b85f96,0,1,0,0,0,0,0,-0.27490488671857377,-0.30324246762943363,0.0,0.7921764212694751,-0.30757929788211674,1,9.0,1,1,-1.3495541289139643,-1.349554128913964
2016-04-28,air_b2d8bc9c88b85f96,0,0,0,0,1,0,0,-0.1782814388454992,-0.3263834818340141,0.0,-1.2277869078379042,0.010979558804193582,1,25.0,1,1,-0.7616733107620203,-0.7616733107620203
2016-04-29,air_b2d8bc9c88b85f96,1,0,0,0,0,0,0,-0.16620350786136495,-0.1412553681973693,1.0,1.7647513575063616,-0.1895945361464463,1,10.0,1,1,-0.5879466669164286,-0.5879466669164286
2016-04-30,air_b2d8bc9c88b85f96,0,0,1,0,0,0,0,0.20821235264679855,0.4604110011217258,0.0,1.8645026330178374,-0.2013930123200133,1,50.0,1,1,-0.6323293861470543,-0.6323293861470541
2016-05-01,air_b2d8bc9c88b85f96,0,0,0,1,0,0,0,0.4497709723294847,0.6802506360652412,0.0,1.7148757197506241,0.19975517758126626,1,10.0,1,1,-0.9140962493769117,-0.9140962493769117
2016-05-02,air_b2d8bc9c88b85f96,0,1,0,0,0,0,0,0.6067840751232308,0.7612441857812735,0.0,1.0166167911702952,0.3885307963583389,1,4.0,1,1,-1.0543456421456887,-1.0543456421456885
2016-05-03,air_b2d8bc9c88b85f96,0,0,0,0,0,1,0,0.25652407658333604,0.14800730935988798,1.0,-1.0282843568149533,0.2941429869698025,1,21.0,1,1,-0.7672528526081561,-0.767252852608156
2016-05-04,air_b2d8bc9c88b85f96,0,0,0,0,0,0,1,0.5947061441390964,0.749673678678983,1.0,1.9143782707735748,0.30594146314336973,1,3.0,1,1,-0.8243163487618176,-0.8243163487618176
2016-05-05,air_b2d8bc9c88b85f96,0,0,0,0,1,0,0,0.6309399370914993,0.7612441857812735,1.0,0.8919276967809507,0.5537094627882774,1,22.0,1,1,-1.0175713890688847,-1.0175713890688844
2016-05-06,air_b2d8bc9c88b85f96,1,0,0,0,0,0,0,0.32899166248814166,0.13643680225759752,0.0,-1.2277869078379042,0.2941429869698025,1,28.0,1,1,-1.1730377141453046,-1.1730377141453046
2016-05-07,air_b2d8bc9c88b85f96,0,0,1,0,0,0,0,0.40145924839294767,0.2984239016896619,0.0,0.6176116891243931,0.412127748705473,1,45.0,1,1,-0.7429057609159272,-0.7429057609159272
2016-05-08,air_b2d8bc9c88b85f96,0,0,0,1,0,0,0,0.5222385582342908,0.7612441857812735,0.0,0.01910403605553984,0.2941429869698025,1,1.0,1,1,-1.0863011999917391,-1.0863011999917391
2016-05-09,air_b2d8bc9c88b85f96,0,1,0,0,0,0,0,0.30483580051987313,0.032302238336985076,0.0,-1.2277869078379042,0.5065155580940094,1,16.0,1,1,-1.5179548464518808,-1.5179548464518808
2016-05-10,air_b2d8bc9c88b85f96,0,0,0,0,0,1,0,0.3531475244564102,0.4025584656102743,0.0,-1.2277869078379042,0.2823445107962355,1,36.0,1,1,-1.3541192086062572,-1.354119208606257
2016-05-11,air_b2d8bc9c88b85f96,0,0,0,0,0,0,1,-0.11789178392482767,-0.1643963824019498,0.0,-0.3050876093567556,-0.059811298237208856,1,28.0,1,1,-1.1623858615299545,-1.1623858615299543
2016-05-12,air_b2d8bc9c88b85f96,0,0,0,0,1,0,0,0.1961344216626645,0.4256994798148548,0.0,2.088943002918657,-0.2839823455349825,1,43.0,1,1,-1.0409040186072707,-1.0409040186072707
2016-05-13,air_b2d8bc9c88b85f96,1,0,0,0,0,0,0,0.4256151103612162,0.4488404940194353,0.0,1.2410571610711152,0.43572470105260697,1,40.0,1,1,-0.6807699539930513,-0.6807699539930513
2016-05-14,air_b2d8bc9c88b85f96,0,0,1,0,0,0,0,0.3893813174088132,0.4256994798148548,0.0,1.7398135386284928,0.3531353678376377,1,35.0,1,1,-0.5187096249166526,-0.5187096249166526
2016-05-15,air_b2d8bc9c88b85f96,0,0,0,1,0,0,0,0.932888211694857,1.1315004130545627,0.0,-0.055709420578066764,0.6598957483503811,1,14.0,1,1,-1.1390532319915685,-1.1390532319915683
2016-05-16,air_b2d8bc9c88b85f96,0,1,0,0,0,0,0,0.06327718083718695,0.5182635366331773,0.0,-1.1529734512042977,-0.1424006314521781,1,4.0,1,1,-1.4563262706059263,-1.4563262706059263
2016-05-17,air_b2d8bc9c88b85f96,0,0,0,0,0,1,0,0.1599006287102615,0.4951225224285967,0.0,2.088943002918657,-0.3311762502292508,1,18.0,1,1,-1.2825996267603348,-1.2825996267603346
2016-05-18,air_b2d8bc9c88b85f96,0,0,0,0,0,0,1,0.3410695934722761,0.5298340437354677,0.0,1.9393160896514436,-0.09520672675790987,1,25.0,1,1,-1.0779318872225354,-1.0779318872225354
2016-05-19,air_b2d8bc9c88b85f96,0,0,0,0,1,0,0,0.6671737300439023,0.7381031715766926,0.0,1.3158706177047215,0.30594146314336973,1,18.0,1,1,-1.069308958914871,-1.069308958914871
2016-05-20,air_b2d8bc9c88b85f96,1,0,0,0,0,0,0,0.896654418742454,1.0967888917476918,0.0,1.9143782707735748,0.5301125104411434,1,9.0,1,1,-0.6802627229161299,-0.6802627229161299
2016-05-21,air_b2d8bc9c88b85f96,0,0,1,0,0,0,0,0.6430178680756339,0.6686801289629511,0.0,1.2410571610711152,0.6598957483503811,1,22.0,1,1,-0.40280732384010454,-0.4028073238401046
2016-05-22,air_b2d8bc9c88b85f96,0,0,0,1,0,0,0,0.5826282131549623,0.6686801289629511,0.0,1.8146269952620993,0.4475231772261742,1,53.0,1,1,-1.14311108060694,-1.1431110806069398
2016-05-23,air_b2d8bc9c88b85f96,0,1,0,0,0,0,0,0.88457648775832,0.9926543278270793,0.0,1.9891917274071818,0.6245003198296799,1,20.0,1,1,-1.3467643579908963,-1.346764357990896
2016-05-24,air_b2d8bc9c88b85f96,0,0,0,0,0,1,0,0.932888211694857,1.0505068633385308,0.0,-0.7290305302805267,0.8604698433010207,1,24.0,1,1,-1.234666289991259,-1.234666289991259
2016-05-25,air_b2d8bc9c88b85f96,0,0,0,0,0,0,1,0.6792516610280368,0.8306672283950151,0.0,-0.2801497904788868,0.7542835577389175,1,26.0,1,1,-1.0282232416842347,-1.0282232416842347
2016-05-26,air_b2d8bc9c88b85f96,0,0,0,0,1,0,0,0.8604206257900515,0.795955707088144,0.0,0.4679847758571797,0.9312607003424233,1,28.0,1,1,-0.9919562196843521,-0.991956219684352
2016-05-27,air_b2d8bc9c88b85f96,1,0,0,0,0,0,0,0.812108901853514,0.6802506360652412,0.0,0.04404185493340863,0.9076637479952888,1,29.0,1,1,-0.6967477329160765,-0.6967477329160765
2016-05-28,air_b2d8bc9c88b85f96,0,0,1,0,0,0,0,0.4497709723294847,0.27528288748508095,0.0,-1.2277869078379042,0.34133689166407094,1,10.0,1,1,-0.500449306147481,-0.500449306147481
2016-05-29,air_b2d8bc9c88b85f96,0,0,0,1,0,0,0,0.4739268342977533,0.055443252541565576,0.0,-1.2277869078379042,0.7542835577389175,1,38.0,1,1,-1.0079339986073772,-1.0079339986073772
2016-05-30,air_b2d8bc9c88b85f96,0,1,0,0,0,0,0,0.6792516610280368,0.6918211431675316,0.0,2.0390673651629196,0.5537094627882774,1,15.0,1,1,-1.333576349990939,-1.333576349990939
2016-05-31,air_b2d8bc9c88b85f96,0,0,0,0,0,1,0,0.88457648775832,1.1662119343614337,0.0,1.6151244442391484,0.3885307963583389,1,36.0,1,1,-1.1045615187609108,-1.1045615187609108
2016-06-01,air_b2d8bc9c88b85f96,0,0,0,0,0,0,1,0.6430178680756339,0.5992570863492092,0.0,-0.15546069608954238,0.636298796003247,1,12.0,1,1,-1.1258652239916112,-1.125865223991611
2016-06-02,air_b2d8bc9c88b85f96,0,0,0,0,1,0,0,0.4739268342977533,0.5066930295308868,0.0,2.1388186406743945,0.3177399393169367,1,27.0,1,1,-1.064743879222578,-1.064743879222578
2016-06-03,air_b2d8bc9c88b85f96,1,0,0,0,0,0,0,0.6550957990597679,0.8538082425995955,0.0,1.5652488064834105,0.3885307963583389,1,40.0,1,1,-0.7548256912235809,-0.7548256912235809
2016-06-04,air_b2d8bc9c88b85f96,0,0,1,0,0,0,0,0.41353717937708173,0.27528288748508095,0.0,-1.2277869078379042,0.5537094627882774,1,11.0,1,1,-0.5798309696856856,-0.5798309696856856
2016-06-05,air_b2d8bc9c88b85f96,0,0,0,1,0,0,0,0.4376930413453507,0.2637123803827909,0.0,-1.2277869078379042,0.5891048913089786,1,3.0,1,1,-1.1722768675299224,-1.1722768675299224
2016-06-06,air_b2d8bc9c88b85f96,0,1,0,0,0,0,0,0.7034075229963054,0.5876865792469191,0.0,-0.9534709001813466,0.6716942245239479,1,122.0,1,1,-1.361474059221618,-1.361474059221618
2016-06-07,air_b2d8bc9c88b85f96,0,0,0,0,0,1,0,0.8362647638217825,0.7612441857812735,0.0,-0.055709420578066764,0.8958652718217219,1,17.0,1,1,-1.2156451246067053,-1.215645124606705
2016-06-08,air_b2d8bc9c88b85f96,0,0,0,0,0,0,1,0.8362647638217825,0.7381031715766926,0.0,0.2684822248342287,0.966656128863124,1,29.0,1,1,-1.0500341779918565,-1.0500341779918565
2016-06-09,air_b2d8bc9c88b85f96,0,0,0,0,1,0,0,0.8362647638217825,0.911660778111047,0.0,0.9418033345366883,0.919462224168856,1,8.0,1,1,-1.100757285684,-1.100757285684
2016-06-15,air_b2d8bc9c88b85f96,0,0,0,0,0,0,1,1.0657454525203347,0.9810838207247888,0.0,0.9418033345366883,0.9902530812102585,1,37.0,1,1,-1.0804680426071427,-1.0804680426071425
2016-06-16,air_b2d8bc9c88b85f96,0,0,0,0,1,0,0,0.9691220046472601,0.795955707088144,0.0,-1.2277869078379042,1.0020515573838251,1,2.0,1,1,-1.1519876244530651,-1.151987624453065
2016-06-17,air_b2d8bc9c88b85f96,1,0,0,0,0,0,0,0.920810280710723,0.9232312852133374,0.0,0.7672386023916064,0.94305917651599,1,1.0,1,1,-0.5876930513779679,-0.5876930513779679
2016-06-21,air_b2d8bc9c88b85f96,0,0,0,0,0,1,0,1.0778233835044686,1.0389363562362404,0.0,0.09391749268914644,1.108237842945929,1,17.0,1,1,-1.1755738695299118,-1.1755738695299116
2016-06-22,air_b2d8bc9c88b85f96,0,0,0,0,0,0,1,0.9087323497265886,0.7033916502698221,0.0,-1.2277869078379042,1.0964393667723618,1,14.0,1,1,-1.1126772159916538,-1.1126772159916536
2016-06-23,air_b2d8bc9c88b85f96,0,0,0,0,1,0,0,0.9087323497265886,0.8885197639064665,0.0,-0.87865744354774,1.1200363191194957,1,11.0,1,1,-1.1083657518378216,-1.1083657518378214
2016-06-24,air_b2d8bc9c88b85f96,1,0,0,0,0,0,0,1.3193820031871548,1.1893529485660141,0.0,-1.1030978134485598,1.108237842945929,1,20.0,1,1,-0.6097576032240503,-0.6097576032240503
2016-06-25,air_b2d8bc9c88b85f96,0,0,1,0,0,0,0,0.7879530398852455,0.6686801289629511,0.0,-1.2277869078379042,0.8604698433010207,1,13.0,1,1,-0.44541473430150513,-0.4454147343015052
2016-06-26,air_b2d8bc9c88b85f96,0,0,0,1,0,0,0,0.9570440736631256,0.9463722994179179,0.0,1.5652488064834105,0.8368728909538867,1,9.0,1,1,-1.0155424647611988,-1.0155424647611988
2016-06-27,air_b2d8bc9c88b85f96,0,1,0,0,0,0,0,0.5222385582342908,0.5414045508377577,0.0,-0.87865744354774,0.49471708192044217,1,16.0,1,1,-1.3368733519909284,-1.3368733519909282
2016-06-28,air_b2d8bc9c88b85f96,0,0,0,0,0,1,0,0.5463944202025592,0.3331354229965324,0.0,-1.2277869078379042,0.6480972721768139,1,14.0,1,1,-1.1892691086067906,-1.1892691086067904
2016-06-29,air_b2d8bc9c88b85f96,0,0,0,0,0,0,1,0.8241868328376485,0.6571096218606607,0.0,-1.2028490889600356,0.9548576526895572,1,20.0,1,1,-1.0102165384535238,-1.0102165384535238
2016-06-30,air_b2d8bc9c88b85f96,0,0,0,0,1,0,0,1.0295116595679317,0.8885197639064665,0.0,-0.65421707364692,1.108237842945929,1,19.0,1,1,-0.9853622156843734,-0.9853622156843733
2016-07-01,air_b2d8bc9c88b85f96,1,0,0,0,0,0,0,1.3676937271236924,1.478615626123271,0.0,0.642549508002262,1.2144241285080322,1,21.0,1,1,1.6129289758456808,1.6129289758456804
2016-07-02,air_b2d8bc9c88b85f96,0,0,1,0,0,0,0,1.6696420017270501,1.5364681616347224,0.0,0.11885531156701547,1.7807509848392504,1,3.0,1,1,1.7189402709222608,1.7189402709222605
2016-07-03,air_b2d8bc9c88b85f96,0,0,0,1,0,0,0,1.633408208774647,1.5133271474301424,0.0,-0.055709420578066764,1.7807509848392504,1,5.0,1,1,0.39532077569577445,0.3953207756957743
2016-07-04,air_b2d8bc9c88b85f96,0,1,0,0,0,0,0,1.717953725663587,1.7215962752713674,0.0,0.5178604136129175,1.709960127797848,1,11.0,1,1,-0.11901153630256131,-0.11901153630256138
2016-07-05,air_b2d8bc9c88b85f96,0,0,0,0,0,1,0,1.681719932711184,1.710025768169077,0.0,1.4156218932161972,1.5683784137150434,1,23.0,1,1,0.32557650261907706,0.3255765026190769
2016-07-06,air_b2d8bc9c88b85f96,0,0,0,0,0,0,1,1.6092523468063784,1.6058912042484645,0.0,1.6899379008727549,1.5683784137150434,1,25.0,1,1,0.6319440730796242,0.631944073079624
2016-07-07,air_b2d8bc9c88b85f96,0,0,0,0,1,0,0,1.4039275200760954,1.3513400479980786,0.0,0.6924251457579997,1.450393651979373,1,7.0,1,1,0.5873077383105378,0.5873077383105377
2016-07-08,air_b2d8bc9c88b85f96,1,0,0,0,0,0,0,1.017433728583797,0.8190967212927249,0.0,-1.2277869078379042,1.1436332714666297,1,31.0,1,1,1.4754693539999717,1.4754693539999715
2016-07-09,air_b2d8bc9c88b85f96,0,0,1,0,0,0,0,1.1744468313775431,1.0967888917476918,0.0,-0.005833782822328952,1.2262226046815994,1,16.0,1,1,1.6781081692300852,1.678108169230085
2016-07-10,air_b2d8bc9c88b85f96,0,0,0,1,0,0,0,1.2831482102347522,1.1546414272591432,0.0,-0.5045901603797067,1.426796699632239,1,7.0,1,1,0.5023465329261974,0.5023465329261972
2016-07-11,air_b2d8bc9c88b85f96,0,1,0,0,0,0,0,1.2952261412188864,1.0620773704408208,0.0,-1.1529734512042977,1.4621921281529402,1,18.0,1,1,-0.15274240291783678,-0.15274240291783683
2016-07-12,air_b2d8bc9c88b85f96,0,0,0,0,0,1,0,1.428083382044364,1.4901861332255615,0.0,-0.47965234150183783,1.4621921281529402,1,21.0,1,1,0.33572112415750577,0.3357211241575056
2016-07-13,air_b2d8bc9c88b85f96,0,0,0,0,0,0,1,1.2952261412188864,1.0852183846454013,0.0,-1.2028490889600356,1.3678043187644038,1,41.0,1,1,0.38466892308042433,0.38466892308042416
2016-07-14,air_b2d8bc9c88b85f96,0,0,0,0,1,0,0,1.3918495890919609,1.3629105551003682,0.0,1.1413058855596396,1.426796699632239,1,31.0,1,1,0.5307514732337978,0.5307514732337976
2016-07-15,air_b2d8bc9c88b85f96,1,0,0,0,0,0,0,1.1623689003934092,1.0967888917476918,0.0,1.4156218932161972,1.2970134617230014,1,35.0,1,1,1.3319229592312054,1.3319229592312052
2016-07-16,air_b2d8bc9c88b85f96,0,0,1,0,0,0,0,1.4160054510602293,1.594320697146174,0.0,0.24354440595635987,1.2616180332023001,1,19.0,1,1,1.6382905296917525,1.6382905296917523
2016-07-17,air_b2d8bc9c88b85f96,0,0,0,1,0,0,0,1.2952261412188864,1.1893529485660141,0.0,0.3432956814678353,1.4149982234586718,1,3.0,1,1,1.0118601496937796,1.0118601496937794
2016-07-19,air_b2d8bc9c88b85f96,0,0,0,0,0,1,0,1.3193820031871548,1.2703464982820463,0.0,1.5153731687276728,1.3442073664172698,1,34.0,1,1,0.09782974908135245,0.09782974908135234
2016-07-20,air_b2d8bc9c88b85f96,0,0,0,0,0,0,1,1.3073040722030207,1.2819170053843365,0.0,1.0664924289260327,1.426796699632239,1,3.0,1,1,0.4234721004649141,0.42347210046491396
2016-07-21,air_b2d8bc9c88b85f96,0,0,0,0,1,0,0,1.2348364862982149,1.2009234556683042,0.0,1.7398135386284928,1.3206104140701354,1,40.0,1,1,0.572851652618277,0.5728516526182768
2016-07-22,air_b2d8bc9c88b85f96,1,0,0,0,0,0,0,1.1744468313775431,1.1662119343614337,0.0,1.7398135386284928,1.2262226046815994,1,14.0,1,1,1.3750376007695275,1.375037600769527
2016-07-23,air_b2d8bc9c88b85f96,0,0,1,0,0,0,0,1.3797716581078263,1.40919258350953,0.0,1.889440451895706,1.202625652334465,1,13.0,1,1,1.5888354996919125,1.5888354996919123
2016-07-24,air_b2d8bc9c88b85f96,0,0,0,1,0,0,0,1.560940622869841,1.501756640327852,0.0,0.24354440595635987,1.5919753660621774,1,4.0,1,1,0.3803574589265921,0.38035745892659195
2016-07-25,air_b2d8bc9c88b85f96,0,1,0,0,0,0,0,1.548862691885707,1.4901861332255615,0.0,0.5178604136129175,1.6273707945828788,1,23.0,1,1,-0.05510042061046041,-0.05510042061046049
2016-07-26,air_b2d8bc9c88b85f96,0,0,0,0,0,1,0,1.4763951059809008,1.5133271474301424,0.0,0.4929225947350487,1.4621921281529402,1,8.0,1,1,0.4397034949264001,0.43970349492639993
2016-07-27,air_b2d8bc9c88b85f96,0,0,0,0,0,0,1,1.5730185538539754,1.6406027255553357,0.0,0.9418033345366883,1.4857890805000742,1,30.0,1,1,0.5774167323105699,0.5774167323105697
2016-07-28,air_b2d8bc9c88b85f96,0,0,0,0,1,0,0,1.6575640707429156,1.710025768169077,0.0,1.1662437044375085,1.6037738422357446,1,24.0,1,1,0.7298396709254613,0.7298396709254611
2016-07-29,air_b2d8bc9c88b85f96,1,0,0,0,0,0,0,1.717953725663587,1.7678783036805283,0.0,1.1662437044375085,1.639169270756446,1,7.0,1,1,1.5419166250766798,1.5419166250766794
2016-07-30,air_b2d8bc9c88b85f96,0,0,1,0,0,0,0,1.681719932711184,1.7215962752713674,0.0,0.8171142401473439,1.6981616516242812,1,42.0,1,1,1.6220591352302667,1.6220591352302662
2016-07-31,air_b2d8bc9c88b85f96,0,0,0,1,0,0,0,1.6937978636953186,1.7331667823736578,0.0,1.6151244442391484,1.6273707945828788,1,12.0,1,1,0.41079132354187825,0.4107913235418781
2016-08-01,air_b2d8bc9c88b85f96,0,1,0,0,0,0,0,1.717953725663587,1.8141603320896902,0.0,1.6151244442391484,1.686363175450714,1,15.0,1,1,-0.09212828922572522,-0.09212828922572529
2016-08-02,air_b2d8bc9c88b85f96,0,0,0,0,0,1,0,1.681719932711184,1.7215962752713674,0.0,1.2410571610711152,1.709960127797848,1,19.0,1,1,0.14880647231195673,0.14880647231195662
2016-08-03,air_b2d8bc9c88b85f96,0,0,0,0,0,0,1,1.6213302777905125,1.6290322184530452,0.0,0.4430469569793109,1.686363175450714,1,4.0,1,1,0.4544131961571217,0.45441319615712156
2016-08-04,air_b2d8bc9c88b85f96,0,0,0,0,1,0,0,1.6696420017270501,1.8025898249873997,0.0,1.3906840743383284,1.639169270756446,1,29.0,1,1,0.5408960947722264,0.5408960947722263
2016-08-05,air_b2d8bc9c88b85f96,1,0,0,0,0,0,0,1.5730185538539754,1.7215962752713674,0.0,0.9168655156588196,1.5919753660621774,1,11.0,1,1,1.2583744530775973,1.2583744530775969
2016-08-06,air_b2d8bc9c88b85f96,0,0,1,0,0,0,0,1.4763951059809008,1.8604423604988511,0.0,0.8669898779030819,1.3560058425908366,1,8.0,1,1,1.0930171220012093,1.093017122001209
2016-08-07,air_b2d8bc9c88b85f96,0,0,0,1,0,0,0,1.6092523468063784,1.8488718533965607,0.0,0.6674873268801307,1.426796699632239,1,3.0,1,1,0.2761214726192371,0.2761214726192369
2016-08-09,air_b2d8bc9c88b85f96,0,0,0,0,0,1,0,1.6454861397587814,1.6290322184530452,0.0,1.8395648141399685,1.6745646992771468,1,10.0,1,1,0.4886512938493186,0.48865129384931844
2016-08-10,air_b2d8bc9c88b85f96,0,0,0,0,0,0,1,1.633408208774647,1.7215962752713674,0.0,1.964253908529313,1.6273707945828788,1,18.0,1,1,1.174174094308639,1.1741740943086387
2016-08-11,air_b2d8bc9c88b85f96,0,0,0,0,1,0,0,1.705875794679453,1.7331667823736578,1.0,1.889440451895706,1.5801768898886106,1,4.0,1,1,0.9621515041554788,0.9621515041554786
2016-08-12,air_b2d8bc9c88b85f96,1,0,0,0,0,0,0,1.75418751861599,1.8257308391919798,0.0,1.889440451895706,1.6037738422357446,1,15.0,1,1,0.6666894018487426,0.6666894018487424
2016-08-13,air_b2d8bc9c88b85f96,0,0,1,0,0,0,0,1.7904213115683931,1.8604423604988511,1.0,1.8146269952620993,1.6981616516242812,1,14.0,1,1,0.7800555475406834,0.7800555475406832
2016-08-16,air_b2d8bc9c88b85f96,0,0,0,0,0,1,0,1.597174415822244,1.5711796829415938,0.0,-0.1803985149674112,1.6509677469300128,1,1.0,1,1,-0.20650889707150896,-0.20650889707150902
2016-08-17,air_b2d8bc9c88b85f96,0,0,0,0,0,0,1,1.6213302777905125,1.6058912042484645,0.0,1.265994979948984,1.6745646992771468,1,27.0,1,1,0.13663292646584227,0.13663292646584216
2016-08-18,air_b2d8bc9c88b85f96,0,0,0,0,1,0,0,1.6575640707429156,1.7331667823736578,0.0,1.5403109876055416,1.5683784137150434,1,42.0,1,1,0.3248156560036949,0.3248156560036948
2016-08-19,air_b2d8bc9c88b85f96,1,0,0,0,0,0,0,1.717953725663587,1.6290322184530452,0.0,1.191181523315377,1.7453555563185492,1,28.0,1,1,1.2332665147699862,1.233266514769986
2016-08-20,air_b2d8bc9c88b85f96,0,0,1,0,0,0,0,1.6092523468063784,1.5596091758393034,0.0,1.5403109876055416,1.709960127797848,1,20.0,1,1,1.1531240046163993,1.153124004616399
2016-08-21,air_b2d8bc9c88b85f96,0,0,0,1,0,0,0,1.6213302777905125,1.6290322184530452,0.0,1.5403109876055416,1.5919753660621774,1,8.0,1,1,0.14500223923504596,0.14500223923504585
2016-08-22,air_b2d8bc9c88b85f96,0,1,0,0,0,0,0,1.6213302777905125,1.594320697146174,0.0,1.6899379008727549,1.686363175450714,1,22.0,1,1,-0.6652994061469475,-0.6652994061469475
2016-08-23,air_b2d8bc9c88b85f96,0,0,0,0,0,1,0,1.5730185538539754,1.6753142468622064,0.0,1.8645026330178374,1.5683784137150434,1,27.0,1,1,0.28068655231153,0.2806865523115299
2016-08-24,air_b2d8bc9c88b85f96,0,0,0,0,0,0,1,1.597174415822244,1.663743739759916,0.0,1.3657462554604596,1.426796699632239,1,44.0,1,1,0.41028409246495684,0.4102840924649567
2016-08-25,air_b2d8bc9c88b85f96,0,0,0,0,1,0,0,1.705875794679453,1.906724388908012,0.0,0.5427982324907863,1.6745646992771468,1,19.0,1,1,0.4985422998492866,0.49854229984928644
2016-08-26,air_b2d8bc9c88b85f96,1,0,0,0,0,0,0,1.4884730369650354,1.5711796829415938,0.0,-0.030771601700197968,1.4857890805000742,1,45.0,1,1,1.436412561077021,1.4364125610770209
2016-08-27,air_b2d8bc9c88b85f96,0,0,1,0,0,0,0,1.2589923482664833,1.235634976975175,0.0,-0.6292792547690511,1.426796699632239,1,10.0,1,1,1.4792735870768825,1.479273587076882
2016-08-28,air_b2d8bc9c88b85f96,0,0,0,1,0,0,0,0.9932778666155286,0.8538082425995955,0.0,-1.2277869078379042,1.0256485097309593,1,228.0,1,1,0.5198460050799869,0.5198460050799868
2016-08-29,air_b2d8bc9c88b85f96,0,1,0,0,0,0,0,0.7154854539804394,0.6223981005537896,0.0,-0.65421707364692,0.8014774624331855,1,45.0,1,1,-0.2767604012251278,-0.27676040122512785
2016-08-30,air_b2d8bc9c88b85f96,0,0,0,0,0,1,0,0.896654418742454,0.9000902710087569,0.0,0.642549508002262,0.6598957483503811,1,36.0,1,1,0.26267984908081904,0.26267984908081893
2016-08-31,air_b2d8bc9c88b85f96,0,0,0,0,0,0,1,1.2348364862982149,1.1315004130545627,0.0,1.4156218932161972,1.1908271761608982,1,30.0,1,1,0.5550985649260267,0.5550985649260265
2016-09-01,air_b2d8bc9c88b85f96,0,0,0,0,1,0,0,1.1140571764568716,0.8422377354973055,0.0,-1.2277869078379042,1.2734165093758674,1,33.0,1,1,0.2872805563115087,0.2872805563115085
2016-09-02,air_b2d8bc9c88b85f96,1,0,0,0,0,0,0,0.9087323497265886,0.5182635366331773,0.0,-1.2277869078379042,1.1672302238137642,1,22.0,1,1,1.106712361078088,1.1067123610780878
2016-09-03,air_b2d8bc9c88b85f96,0,0,1,0,0,0,0,1.1382130384251403,0.9348017923156279,0.0,-1.2277869078379042,1.1672302238137642,1,5.0,1,1,1.5028598321537292,1.502859832153729
2016-09-04,air_b2d8bc9c88b85f96,0,0,0,1,0,0,0,1.2227585553140807,1.0042248349293694,0.0,-1.1529734512042977,1.3324088902437026,1,17.0,1,1,0.19065303615797516,0.19065303615797505
2016-09-05,air_b2d8bc9c88b85f96,0,1,0,0,0,0,0,1.2348364862982149,1.2009234556683042,0.0,-0.15546069608954238,1.2734165093758674,1,2.0,1,1,-0.21487820984071265,-0.2148782098407127
2016-09-06,air_b2d8bc9c88b85f96,0,0,0,0,0,1,0,1.2710702792506179,1.2703464982820463,0.0,0.5427982324907863,1.3560058425908366,1,29.0,1,1,0.26267984908081904,0.26267984908081893
2016-09-07,air_b2d8bc9c88b85f96,0,0,0,0,0,0,1,1.2106806243299462,1.1430709201568527,0.0,-0.9285330813034777,1.0256485097309593,1,18.0,1,1,0.3283662735421449,0.3283662735421448
2016-09-08,air_b2d8bc9c88b85f96,0,0,0,0,1,0,0,0.9932778666155286,0.9579428065202084,0.0,1.3158706177047215,0.9076637479952888,1,14.0,1,1,0.4285444112341285,0.42854441123412834
2016-09-09,air_b2d8bc9c88b85f96,1,0,0,0,0,0,0,1.1261351074410062,1.1546414272591432,0.0,1.2909327988268529,1.0610439382516605,1,5.0,1,1,1.3222855687696982,1.322285568769698
2016-09-10,air_b2d8bc9c88b85f96,0,0,1,0,0,0,0,1.1623689003934092,1.1199299059522723,0.0,0.09391749268914644,1.0728424144252278,1,15.0,1,1,1.6677099321531959,1.6677099321531954
2016-09-11,air_b2d8bc9c88b85f96,0,0,0,1,0,0,0,1.2227585553140807,1.1430709201568527,0.0,0.3432956814678353,1.2144241285080322,1,11.0,1,1,0.48890490938777936,0.4889049093877792
2016-09-12,air_b2d8bc9c88b85f96,0,1,0,0,0,0,0,0.727563384964574,0.6918211431675316,0.0,-1.2277869078379042,0.8840667956481547,1,9.0,1,1,-0.20042212414845173,-0.20042212414845179
2016-09-13,air_b2d8bc9c88b85f96,0,0,0,0,0,1,0,0.9932778666155286,0.9348017923156279,0.0,0.3432956814678353,1.0492454620780935,1,17.0,1,1,0.1510890121581032,0.15108901215810308
2016-09-14,air_b2d8bc9c88b85f96,0,0,0,0,0,0,1,1.017433728583797,0.784385199985854,0.0,-1.1779112700821666,1.2144241285080322,1,19.0,1,1,0.4191606363110819,0.4191606363110818
2016-09-15,air_b2d8bc9c88b85f96,0,0,0,0,1,0,0,1.0899013144886032,1.0389363562362404,0.0,0.04404185493340863,1.1908271761608982,1,22.0,1,1,0.6395525392334457,0.6395525392334456
2016-09-16,air_b2d8bc9c88b85f96,1,0,0,0,0,0,0,1.1744468313775431,1.1315004130545627,0.0,0.11885531156701547,1.2262226046815994,1,24.0,1,1,1.2761275407698476,1.2761275407698471
2016-09-17,air_b2d8bc9c88b85f96,0,0,1,0,0,0,0,1.3676937271236924,1.4439041048164005,0.0,0.11885531156701547,1.3796027949379706,1,18.0,1,1,1.5898499618457556,1.589849961845755
2016-09-18,air_b2d8bc9c88b85f96,0,0,0,1,0,0,0,0.9932778666155286,0.7381031715766926,0.0,-1.2277869078379042,1.2262226046815994,1,4.0,1,1,0.7904537846175729,0.7904537846175727
2016-09-19,air_b2d8bc9c88b85f96,0,1,0,0,0,0,0,0.812108901853514,0.5298340437354677,1.0,-1.2277869078379042,0.94305917651599,1,6.0,1,1,-0.20245104845613748,-0.20245104845613754
2016-09-20,air_b2d8bc9c88b85f96,0,0,0,0,0,1,0,0.6430178680756339,0.2521418732805004,0.0,-1.2277869078379042,0.8604698433010207,1,1.0,1,1,-0.530883170762767,-0.530883170762767
2016-09-21,air_b2d8bc9c88b85f96,0,0,0,0,0,0,1,0.775875108901111,0.7265326644744026,0.0,-0.3300254282346245,0.8014774624331855,1,16.0,1,1,0.931464024001732,0.9314640240017317
2016-09-22,air_b2d8bc9c88b85f96,0,0,0,0,1,0,0,0.7517192469328424,0.5529750579400482,1.0,-1.2277869078379042,0.8132759386067527,1,8.0,1,1,0.47952113446473277,0.4795211344647326
2016-09-23,air_b2d8bc9c88b85f96,1,0,0,0,0,0,0,0.896654418742454,0.8769492568041765,0.0,0.642549508002262,0.9548576526895572,1,18.0,1,1,0.8061779480021374,0.8061779480021372
2016-09-24,air_b2d8bc9c88b85f96,0,0,1,0,0,0,0,0.9691220046472601,0.9579428065202084,0.0,0.9418033345366883,1.0020515573838251,1,10.0,1,1,1.4361589455385604,1.4361589455385602
2016-09-25,air_b2d8bc9c88b85f96,0,0,0,1,0,0,0,1.041589590552066,0.9232312852133374,0.0,-0.9784087190592154,1.0492454620780935,1,15.0,1,1,0.4229648693879927,0.42296486938799255
2016-09-26,air_b2d8bc9c88b85f96,0,1,0,0,0,0,0,1.3435378651554237,1.3281990337934977,0.0,0.4430469569793109,1.2616180332023001,1,17.0,1,1,-0.04546303014895313,-0.04546303014895322
2016-09-27,air_b2d8bc9c88b85f96,0,0,0,0,0,1,0,1.3556157961395578,1.3744810622026586,0.0,0.6924251457579997,1.2734165093758674,1,14.0,1,1,0.37782130354198495,0.3778213035419848
2016-09-28,air_b2d8bc9c88b85f96,0,0,0,0,0,0,1,1.0295116595679317,0.5992570863492092,0.0,-1.2277869078379042,1.2380210808551662,1,39.0,1,1,0.455934889387886,0.45593488938788584
2016-09-29,air_b2d8bc9c88b85f96,0,0,0,0,1,0,0,0.7396413159487084,0.41412897271256477,0.0,-1.2277869078379042,0.94305917651599,1,23.0,1,1,0.5383599393876193,0.5383599393876192
2016-09-30,air_b2d8bc9c88b85f96,1,0,0,0,0,0,0,0.8362647638217825,0.795955707088144,0.0,-1.1280356323264287,0.9312607003424233,1,26.0,1,1,1.482570589076872,1.4825705890768714
2016-10-01,air_b2d8bc9c88b85f96,0,0,1,0,0,0,0,0.9449661426789916,0.9579428065202084,0.0,-0.5544657981354444,1.0964393667723618,1,30.0,1,1,1.5056496030767972,1.5056496030767967
2016-10-02,air_b2d8bc9c88b85f96,0,0,0,1,0,0,0,1.1502909694092747,1.224064469872885,0.0,0.39317131922357307,1.155431747640197,1,14.0,1,1,0.38492253861888504,0.38492253861888487
2016-10-03,air_b2d8bc9c88b85f96,0,1,0,0,0,0,0,1.2952261412188864,1.4207630906118196,0.0,-0.055709420578066764,1.3088119378965686,1,12.0,1,1,-0.34904082968643235,-0.3490408296864324
2016-10-04,air_b2d8bc9c88b85f96,0,0,0,0,0,1,0,1.2710702792506179,1.0620773704408208,0.0,-0.9784087190592154,1.3914012711115378,1,39.0,1,1,0.2223549784655649,0.22235497846556476
2016-10-05,air_b2d8bc9c88b85f96,0,0,0,0,0,0,1,1.1865247623616777,1.0967888917476918,0.0,-0.3300254282346245,1.1672302238137642,1,25.0,1,1,0.107213524004399,0.10721352400439889
2016-10-06,air_b2d8bc9c88b85f96,0,0,0,0,1,0,0,0.9087323497265886,0.8538082425995955,0.0,0.7672386023916064,0.966656128863124,1,7.0,1,1,0.42702271800336417,0.42702271800336405
2016-10-07,air_b2d8bc9c88b85f96,1,0,0,0,0,0,0,0.88457648775832,0.8538082425995955,0.0,-0.6043414358911823,0.8958652718217219,1,20.0,1,1,1.2231218932315575,1.2231218932315573
2016-10-08,air_b2d8bc9c88b85f96,0,0,1,0,0,0,0,0.9449661426789916,0.8422377354973055,0.0,-1.1529734512042977,0.8722683194745879,1,34.0,1,1,1.39355153507716,1.3935515350771595
2016-10-09,air_b2d8bc9c88b85f96,0,0,0,1,0,0,0,0.4980826962660222,0.47198150822401624,0.0,0.5178604136129175,0.5773064151354118,1,9.0,1,1,0.9078777789248852,0.907877778924885
2016-10-10,air_b2d8bc9c88b85f96,0,1,0,0,0,0,0,0.37730338642467914,0.4256994798148548,1.0,1.4156218932161972,0.3295384154905037,1,9.0,1,1,0.1556540918503961,0.155654091850396
2016-10-11,air_b2d8bc9c88b85f96,0,0,0,0,0,1,0,0.36522545544054463,0.39098795850798385,0.0,-0.6292792547690511,0.37673232018477176,1,17.0,1,1,-0.1091205303025933,-0.10912053030259339
2016-10-12,air_b2d8bc9c88b85f96,0,0,0,0,0,0,1,0.4739268342977533,0.48355201532630626,0.0,0.01910403605553984,0.49471708192044217,1,20.0,1,1,0.3707200684650848,0.3707200684650847
2016-10-13,air_b2d8bc9c88b85f96,0,0,0,0,1,0,0,0.36522545544054463,0.07858426674614608,0.0,-1.2277869078379042,0.5537094627882774,1,22.0,1,1,0.39379908246501016,0.39379908246501
2016-10-14,air_b2d8bc9c88b85f96,1,0,0,0,0,0,0,0.41353717937708173,0.47198150822401624,0.0,-0.2552119716010179,0.4475231772261742,1,22.0,1,1,1.3291331883081374,1.3291331883081372
2016-10-15,air_b2d8bc9c88b85f96,0,0,1,0,0,0,0,0.40145924839294767,0.5414045508377577,0.0,0.2684822248342287,0.10536736819272982,1,2.0,1,1,1.6428556093840454,1.6428556093840452
2016-10-16,air_b2d8bc9c88b85f96,0,0,0,1,0,0,0,0.40145924839294767,0.2521418732805004,0.0,-1.2277869078379042,0.4239262248790402,1,11.0,1,1,0.36311160231126327,0.36311160231126316
2016-10-17,air_b2d8bc9c88b85f96,0,1,0,0,0,0,0,0.727563384964574,0.7265326644744026,0.0,-0.030771601700197968,0.7896789862596183,1,24.0,1,1,-0.2582464669174954,-0.2582464669174954
2016-10-18,air_b2d8bc9c88b85f96,0,0,0,0,0,1,0,0.7396413159487084,0.7381031715766926,0.0,0.7672386023916064,0.7896789862596183,1,29.0,1,1,0.28246186108075505,0.2824618610807549
2016-10-19,air_b2d8bc9c88b85f96,0,0,0,0,0,0,1,0.6430178680756339,0.4025584656102743,0.0,-1.2277869078379042,0.8722683194745879,1,9.0,1,1,0.3747779170804563,0.37477791708045616
2016-10-20,air_b2d8bc9c88b85f96,0,0,0,0,1,0,0,0.5705502821708278,0.4951225224285967,0.0,-0.37990106599036233,0.5773064151354118,1,11.0,1,1,0.523396622618437,0.5233966226184368
2016-10-21,air_b2d8bc9c88b85f96,1,0,0,0,0,0,0,0.40145924839294767,0.09015477384843654,0.0,-1.2277869078379042,0.6245003198296799,1,21.0,1,1,1.344857351692702,1.3448573516927018
2016-10-22,air_b2d8bc9c88b85f96,0,0,1,0,0,0,0,0.3169137315040076,0.009161224132404572,0.0,-1.2277869078379042,0.5183140342675766,1,16.0,1,1,1.7138679601530464,1.7138679601530462
2016-10-23,air_b2d8bc9c88b85f96,0,0,0,1,0,0,0,0.36522545544054463,0.2405713661782104,0.0,-1.1280356323264287,0.5655079389618446,1,1.0,1,1,0.5426714035414515,0.5426714035414514
2016-10-24,air_b2d8bc9c88b85f96,0,1,0,0,0,0,0,0.25652407658333604,0.34470593009882283,0.0,1.3657462554604596,0.30594146314336973,1,17.0,1,1,-0.1461483989178581,-0.1461483989178582
2016-10-25,air_b2d8bc9c88b85f96,0,0,0,0,0,1,0,0.5463944202025592,0.43726998691714525,0.0,-0.7789061680362644,0.43572470105260697,1,22.0,1,1,0.3073161838499054,0.3073161838499052
2016-10-26,air_b2d8bc9c88b85f96,0,0,0,0,0,0,1,0.5826282131549623,0.4951225224285967,0.0,-0.9285330813034777,0.636298796003247,1,25.0,1,1,0.5713299593875126,0.5713299593875124
2016-10-27,air_b2d8bc9c88b85f96,0,0,0,0,1,0,0,0.4618489033136192,0.39098795850798385,0.0,-0.1803985149674112,0.4475231772261742,1,13.0,1,1,0.5804601187720985,0.5804601187720982
2016-10-28,air_b2d8bc9c88b85f96,1,0,0,0,0,0,0,0.4256151103612162,0.47198150822401624,0.0,-1.1779112700821666,0.4711201295733082,1,22.0,1,1,1.2789173116929153,1.2789173116929151
2016-10-29,air_b2d8bc9c88b85f96,0,0,1,0,0,0,0,0.25652407658333604,0.1711483235644685,0.0,0.7423007835137375,0.3177399393169367,1,49.0,1,1,1.8361106496911124,1.8361106496911122
2016-10-30,air_b2d8bc9c88b85f96,0,0,0,1,0,0,0,0.051199249853052464,0.10172528095072657,0.0,0.39317131922357307,0.08177041584559581,1,24.0,1,1,0.5987204375412701,0.59872043754127
2016-10-31,air_b2d8bc9c88b85f96,0,1,0,0,0,0,0,-0.10581385294069341,-0.29167196052714317,0.0,-1.2277869078379042,0.0699719396720288,1,13.0,1,1,-0.03176779107207437,-0.031767791072074454
2016-11-01,air_b2d8bc9c88b85f96,0,0,0,0,0,1,0,-0.27490488671857377,-0.44208855285691706,0.0,-0.055709420578066764,-0.3429747264028178,1,27.0,1,1,0.15945832492730688,0.15945832492730677
2016-11-02,air_b2d8bc9c88b85f96,0,0,0,0,0,0,1,-0.4439959204964539,-0.36109500314088505,0.0,0.4929225947350487,-0.4255640596177872,1,17.0,1,1,0.9365363347709463,0.9365363347709461
2016-11-03,air_b2d8bc9c88b85f96,0,0,0,0,1,0,0,-0.3111386796709766,-0.24538993211798216,1.0,0.9916789722924264,-0.4137655834442202,1,12.0,1,1,0.6235747603104205,0.6235747603104204
2016-11-04,air_b2d8bc9c88b85f96,1,0,0,0,0,0,0,-0.27490488671857377,-0.1181143539927888,0.0,1.1413058855596396,-0.4137655834442202,1,9.0,1,1,0.710311274463986,0.7103112744639858
2016-11-05,air_b2d8bc9c88b85f96,0,0,1,0,0,0,0,-0.009190405067619074,0.2637123803827909,0.0,0.8669898779030819,-0.2839823455349825,1,5.0,1,1,1.5183303799998331,1.5183303799998327
2016-11-06,air_b2d8bc9c88b85f96,0,0,0,1,0,0,0,0.06327718083718695,0.2521418732805004,0.0,0.5178604136129175,-0.0008189173693736309,1,3.0,1,1,0.32684458031138064,0.32684458031138053
2016-11-07,air_b2d8bc9c88b85f96,0,1,0,0,0,0,0,-0.23867109376617077,-0.0949733397882083,0.0,1.191181523315377,-0.21319148849358033,1,19.0,1,1,-0.19357450461001235,-0.1935745046100124
2016-11-08,air_b2d8bc9c88b85f96,0,0,0,0,0,1,0,-0.2265931627820365,-0.4999410883683685,0.0,-1.2277869078379042,-0.1424006314521781,1,15.0,1,1,-0.0720926616873285,-0.07209266168732859
2016-11-09,air_b2d8bc9c88b85f96,0,0,0,0,0,0,1,-0.27490488671857377,-0.3379539889363042,0.0,0.2684822248342287,-0.2013930123200133,1,28.0,1,1,0.1343503866196958,0.1343503866196957
2016-11-10,air_b2d8bc9c88b85f96,0,0,0,0,1,0,0,-0.5526972993536627,-0.8239152872324965,0.0,-1.2277869078379042,-0.3429747264028178,1,11.0,1,1,0.3116276480037376,0.31162764800373743
2016-11-11,air_b2d8bc9c88b85f96,1,0,0,0,0,0,0,-0.1782814388454992,-0.1412553681973693,0.0,0.21860658707849087,-0.1895945361464463,1,34.0,1,1,0.9464273407709143,0.9464273407709141
2016-11-12,air_b2d8bc9c88b85f96,0,0,1,0,0,0,0,-0.250749024750305,-0.0949733397882083,0.0,0.21860658707849087,-0.378370154923519,1,26.0,1,1,1.877957213537131,1.8779572135371305
2016-11-13,air_b2d8bc9c88b85f96,0,0,0,1,0,0,0,0.08743304280545548,0.2405713661782104,0.0,0.16873094932275304,-0.21319148849358033,1,15.0,1,1,0.41789255861877833,0.41789255861877816
2016-11-14,air_b2d8bc9c88b85f96,0,1,0,0,0,0,0,0.1599006287102615,-0.048691311379046885,0.0,-1.2277869078379042,0.2941429869698025,1,19.0,1,1,-0.26737662630208126,-0.2673766263020813
2016-11-15,air_b2d8bc9c88b85f96,0,0,0,0,0,1,0,0.17197855969439554,0.009161224132404572,0.0,-0.9285330813034777,0.12896432053986404,1,19.0,1,1,0.06790311554298774,0.06790311554298764
2016-11-16,air_b2d8bc9c88b85f96,0,0,0,0,0,0,1,-0.2265931627820365,-0.1643963824019498,0.0,1.091430247803902,-0.2839823455349825,1,17.0,1,1,0.4572029670801896,0.4572029670801894
2016-11-17,air_b2d8bc9c88b85f96,0,0,0,0,1,0,0,-0.23867109376617077,-0.06026181848133734,0.0,0.09391749268914644,-0.4373625357913542,1,5.0,1,1,0.49042660261854365,0.4904266026185435
2016-11-18,air_b2d8bc9c88b85f96,1,0,0,0,0,0,0,-0.10581385294069341,0.020731731234694618,0.0,-0.5295279792575757,-0.30757929788211674,1,27.0,1,1,1.3552555887695914,1.3552555887695912
2016-11-19,air_b2d8bc9c88b85f96,0,0,1,0,0,0,0,0.4376930413453507,0.2405713661782104,0.0,-1.078159994570691,0.4711201295733082,1,7.0,1,1,1.6938323326146498,1.6938323326146494
2016-11-20,air_b2d8bc9c88b85f96,0,0,0,1,0,0,0,0.22029028363093303,0.12486629515530749,0.0,-0.9784087190592154,0.17615822523413205,1,25.0,1,1,0.5857860450797735,0.5857860450797734
2016-11-21,air_b2d8bc9c88b85f96,0,1,0,0,0,0,0,0.027043387884783936,-0.10654384689049834,0.0,-1.0532221756928222,0.022778034977760587,1,18.0,1,1,-0.19839319984076598,-0.19839319984076606
2016-11-22,air_b2d8bc9c88b85f96,0,0,0,0,0,1,0,0.07535511182132143,0.10172528095072657,0.0,-0.15546069608954238,0.09356889201916281,1,32.0,1,1,1.1277624507703277,1.1277624507703272
2016-11-23,air_b2d8bc9c88b85f96,0,0,0,0,0,0,1,-0.27490488671857377,-0.523082102572949,1.0,-1.1030978134485598,-0.09520672675790987,1,4.0,1,1,0.5436858656952944,0.5436858656952942
2016-11-24,air_b2d8bc9c88b85f96,0,0,0,0,1,0,0,-0.7821779880522146,-0.9280498511531092,0.0,0.31835786258996646,-0.8267122495190667,1,8.0,1,1,-0.0776722035334643,-0.07767220353346438
2016-11-25,air_b2d8bc9c88b85f96,1,0,0,0,0,0,0,-0.8425676429728862,-0.8123447801302063,0.0,-0.4297767037461,-0.8621076780397678,1,21.0,1,1,1.2647148415391152,1.264714841539115
2016-11-26,air_b2d8bc9c88b85f96,0,0,1,0,0,0,0,-0.6855545401791401,-0.5462231167775294,0.0,-0.3050876093567556,-0.8149137733454997,1,9.0,1,1,1.9076302315370348,1.9076302315370346
2016-11-27,air_b2d8bc9c88b85f96,0,0,0,1,0,0,0,-0.4802297134488569,-0.7660627517210451,0.0,-1.2277869078379042,-0.26038539318784854,1,11.0,1,1,0.3397789727728773,0.3397789727728771
2016-11-28,air_b2d8bc9c88b85f96,0,1,0,0,0,0,0,-0.5889310923060658,-0.7776332588233353,0.0,-1.0282843568149533,-0.649735106915561,1,7.0,1,1,-0.1674521041485584,-0.1674521041485585
2016-11-29,air_b2d8bc9c88b85f96,0,0,0,0,0,1,0,-0.6855545401791401,-0.5577936238798199,0.0,0.29342004371209746,-0.8503092018662008,1,38.0,1,1,0.2692738530807977,0.26927385308079754
2016-11-30,air_b2d8bc9c88b85f96,0,0,0,0,0,0,1,-0.4198400585281854,-0.40737703155004606,0.0,-0.6043414358911823,-0.5671457737005917,1,15.0,1,1,0.43108056661873567,0.4310805666187355
2016-12-01,air_b2d8bc9c88b85f96,0,0,0,0,1,0,0,-0.27490488671857377,-0.5115115954706585,0.0,-1.1030978134485598,-0.08340825058434287,1,19.0,1,1,0.3600682158497347,0.36006821584973453
2016-12-02,air_b2d8bc9c88b85f96,1,0,0,0,0,0,0,-0.5889310923060658,-0.6272166664935617,0.0,0.9916789722924264,-0.649735106915561,1,21.0,1,1,1.4432601806154606,1.4432601806154601
2016-12-03,air_b2d8bc9c88b85f96,0,0,1,0,0,0,0,-0.7097104021474089,-0.3958065244477556,0.0,0.7173629646358686,-0.873906154213335,1,38.0,1,1,2.2117152621514355,2.211715262151435
2016-12-04,air_b2d8bc9c88b85f96,0,0,0,1,0,0,0,-0.6251648852584686,-0.7660627517210451,0.0,-1.2028490889600356,-0.637936630741994,1,3.0,1,1,0.4754632858493613,0.47546328584936115
2016-12-05,air_b2d8bc9c88b85f96,0,1,0,0,0,0,0,-0.4923076444329912,-0.5115115954706585,0.0,-0.4297767037461,-0.5317503451798906,1,10.0,1,1,-0.12281576937947207,-0.12281576937947214
2016-12-06,air_b2d8bc9c88b85f96,0,0,0,0,0,1,0,-0.6251648852584686,-0.5693641309821103,0.0,0.3432956814678353,-0.8267122495190667,1,22.0,1,1,0.20358742861947177,0.20358742861947166
2016-12-07,air_b2d8bc9c88b85f96,0,0,0,0,0,0,1,-0.9271131598618263,-0.8354857943347868,0.0,0.11885531156701547,-1.0272863444697065,1,9.0,1,1,0.5695546506182876,0.5695546506182875
2016-12-08,air_b2d8bc9c88b85f96,0,0,0,0,1,0,0,-0.7097104021474089,-0.6966397091073033,0.0,0.5926738702465241,-0.7913168209983655,1,53.0,1,1,0.6824135652333071,0.6824135652333069
2016-12-09,air_b2d8bc9c88b85f96,1,0,0,0,0,0,0,-0.4923076444329912,-0.46522956706149754,0.0,0.09391749268914644,-0.5317503451798906,1,13.0,1,1,1.8667981298448593,1.866798129844859
2016-12-10,air_b2d8bc9c88b85f96,0,0,1,0,0,0,0,-0.7097104021474089,-0.5925051451866907,0.0,0.5178604136129175,-0.6851305354362621,1,32.0,1,1,2.3616020453817197,2.3616020453817193
2016-12-11,air_b2d8bc9c88b85f96,0,0,0,1,0,0,0,-0.8546455739570205,-0.6734986949027228,0.0,0.8919276967809507,-0.9918909159490052,1,5.0,1,1,0.8137864141559589,0.8137864141559586
2016-12-12,air_b2d8bc9c88b85f96,0,1,0,0,0,0,0,-0.6613986782108715,-0.5462231167775294,0.0,-0.6791548925247889,-0.7795183448247985,1,14.0,1,1,0.010332388312404791,0.010332388312404697
2016-12-13,air_b2d8bc9c88b85f96,0,0,0,0,0,1,0,-0.5043855754171255,-0.7892037659256258,0.0,-1.2277869078379042,-0.3193777740556838,1,14.0,1,1,0.4044509350803603,0.4044509350803602
2016-12-14,air_b2d8bc9c88b85f96,0,0,0,0,0,0,1,-0.6855545401791401,-0.7544922446187549,0.0,-1.2028490889600356,-0.6025412022212929,1,13.0,1,1,0.8475172807712343,0.8475172807712341
2016-12-15,air_b2d8bc9c88b85f96,0,0,0,0,1,0,0,-1.0358145387190352,-1.2057420216080763,0.0,-0.6791548925247889,-0.8267122495190667,1,15.0,1,1,0.9157398606171675,0.9157398606171672
2016-12-16,air_b2d8bc9c88b85f96,1,0,0,0,0,0,0,-1.2532172964334527,-1.3330175997332694,0.0,0.09391749268914644,-1.192465010899645,1,5.0,1,1,1.982954046459868,1.9829540464598676
2016-12-17,air_b2d8bc9c88b85f96,0,0,1,0,0,0,0,-1.0962041936397067,-0.9859023866645606,0.0,0.4679847758571797,-1.204263487073212,1,45.0,1,1,2.6623900739961313,2.662390073996131
2016-12-18,air_b2d8bc9c88b85f96,0,0,0,1,0,0,0,-0.915035228877692,-0.8123447801302063,0.0,0.4181091381014419,-1.0154878682961395,1,31.0,1,1,0.8815017629249705,0.8815017629249703
2016-12-19,air_b2d8bc9c88b85f96,0,1,0,0,0,0,0,-0.4923076444329912,-0.2801014534248527,0.0,-0.37990106599036233,-0.8503092018662008,1,7.0,1,1,0.3757923792342992,0.37579237923429903
2016-12-20,air_b2d8bc9c88b85f96,0,0,0,0,0,1,0,-0.2990607486868423,-0.3379539889363042,0.0,-0.6292792547690511,-0.26038539318784854,1,20.0,1,1,0.8632414441557988,0.8632414441557986
2016-12-21,air_b2d8bc9c88b85f96,0,0,0,0,0,0,1,-0.04542419802002166,-0.03712080427675684,0.0,-0.5544657981354444,-0.2839823455349825,1,22.0,1,1,1.2510196024622364,1.2510196024622362
2016-12-22,air_b2d8bc9c88b85f96,0,0,0,0,1,0,0,-0.08165799097242467,0.009161224132404572,0.0,-1.1779112700821666,-0.1895945361464463,1,20.0,1,1,1.9936058990752183,1.993605899075218
2016-12-23,air_b2d8bc9c88b85f96,1,0,0,0,0,0,0,-0.8184117810046176,-0.9974728937668509,1.0,-0.5045901603797067,-0.6025412022212929,1,23.0,1,1,1.6606086970762957,1.6606086970762954
2016-12-24,air_b2d8bc9c88b85f96,0,0,1,0,0,0,0,-0.8908793669094235,-1.0553254292783023,0.0,-0.4048388848682312,-0.6143396783948599,1,29.0,1,1,1.8226690261526943,1.822669026152694
2016-12-25,air_b2d8bc9c88b85f96,0,0,0,1,0,0,0,-0.6855545401791401,-0.5693641309821103,0.0,0.5178604136129175,-0.8267122495190667,1,4.0,1,1,0.6882467226179035,0.6882467226179033
2016-12-26,air_b2d8bc9c88b85f96,0,1,0,0,0,0,0,-0.38360626557578237,-0.4305180457546266,0.0,-1.2277869078379042,-0.24858691701428154,1,30.0,1,1,0.5974523598489666,0.5974523598489664
2016-12-27,air_b2d8bc9c88b85f96,0,0,0,0,0,1,0,-0.6976324711632745,-0.5925051451866907,0.0,-0.7290305302805267,-0.6025412022212929,1,14.0,1,1,1.1155889049242131,1.115588904924213
2016-12-28,air_b2d8bc9c88b85f96,0,0,0,0,0,0,1,-1.1686717795445125,-1.3330175997332694,0.0,-0.7290305302805267,-0.9918909159490052,1,29.0,1,1,1.906615769383192,1.9066157693831915
2016-12-29,air_b2d8bc9c88b85f96,0,0,0,0,1,0,0,-1.1686717795445125,-1.3445881068355596,1.0,-0.9784087190592154,-1.0154878682961395,1,28.0,1,1,1.61977659538412,1.6197765953841199
2016-12-30,air_b2d8bc9c88b85f96,1,0,0,0,0,0,0,-1.1928276415127812,-1.1363189789943344,1.0,0.9916789722924264,-1.2514573917674805,1,42.0,1,1,1.0960605084627377,1.0960605084627375
2016-12-31,air_b2d8bc9c88b85f96,0,0,1,0,0,0,0,-1.1082821246238408,-0.9049088369485286,1.0,0.21860658707849087,-1.192465010899645,1,16.0,1,1,-0.8610906018386217,-0.8610906018386216
2017-01-01,air_b2d8bc9c88b85f96,0,0,0,1,0,0,0,-1.0116586767507665,-0.7776332588233353,1.0,0.6924251457579997,-0.9800924397754383,1,25.0,1,1,-1.5757791892209245,-1.5757791892209243
2017-01-05,air_b2d8bc9c88b85f96,0,0,0,0,1,0,0,-0.8546455739570205,-0.9511908653576897,0.0,-0.9534709001813466,-0.8621076780397678,1,18.0,1,1,-0.18393711414850508,-0.18393711414850514
2017-01-06,air_b2d8bc9c88b85f96,1,0,0,0,0,0,0,-0.8788014359252891,-0.8354857943347868,0.0,0.8420520590252132,-0.8267122495190667,1,4.0,1,1,0.6803846409256213,0.6803846409256211
2017-01-07,air_b2d8bc9c88b85f96,0,0,1,0,0,0,0,-1.0237366077349008,-1.1016074576874635,0.0,-0.9784087190592154,-1.1098756776846757,1,8.0,1,1,1.2183031980008039,1.2183031980008034
2017-01-08,air_b2d8bc9c88b85f96,0,0,0,1,0,0,0,-0.6493207472267373,-0.7892037659256258,0.0,-1.0532221756928222,-0.48455644048562246,1,1.0,1,1,0.45745658261865035,0.4574565826186502
2017-01-09,air_b2d8bc9c88b85f96,0,1,0,0,0,0,0,-0.6855545401791401,-0.9511908653576897,1.0,-0.47965234150183783,-0.6025412022212929,1,6.0,1,1,-0.14690924553324028,-0.14690924553324033
2017-01-10,air_b2d8bc9c88b85f96,0,0,0,0,0,1,0,-0.9995807457666323,-0.9743318795622704,0.0,-0.47965234150183783,-0.8267122495190667,1,18.0,1,1,-0.09669336891801814,-0.09669336891801822
2017-01-11,air_b2d8bc9c88b85f96,0,0,0,0,0,0,1,-1.2049055724969153,-1.3561586139378499,0.0,0.2684822248342287,-1.0744802491639747,1,17.0,1,1,0.1229376873889635,0.1229376873889634
2017-01-12,air_b2d8bc9c88b85f96,0,0,0,0,1,0,0,-1.1082821246238408,-1.2173125287103665,0.0,-0.7290305302805267,-1.1570695823789439,1,11.0,1,1,0.11355391246591695,0.11355391246591684
2017-01-13,air_b2d8bc9c88b85f96,1,0,0,0,0,0,0,-1.0478924697031693,-1.2635945571195277,0.0,-0.2801497904788868,-0.8031152971719326,1,28.0,1,1,1.1817825604624606,1.18178256046246
2017-01-14,air_b2d8bc9c88b85f96,0,0,1,0,0,0,0,-1.3981524682430644,-1.5875687559836558,0.0,-0.6043414358911823,-1.180666534726078,1,13.0,1,1,1.4884037464614683,1.488403746461468
2017-01-15,air_b2d8bc9c88b85f96,0,0,0,1,0,0,0,-1.6276331569416163,-1.5759982488813655,0.0,0.19366876820062207,-1.4874269152388213,1,5.0,1,1,0.13358954000431367,0.13358954000431356
2017-01-16,air_b2d8bc9c88b85f96,0,1,0,0,0,0,0,-1.5189317780844074,-1.2057420216080763,0.0,-0.1803985149674112,-1.5582177722802235,1,41.0,1,1,-0.23237768199450218,-0.23237768199450223
2017-01-17,air_b2d8bc9c88b85f96,0,0,0,0,0,1,0,-1.2773731584017212,-1.0900369505851732,0.0,0.5926738702465241,-1.2986512964617487,1,14.0,1,1,0.1242057650812671,0.12420576508126699
2017-01-18,air_b2d8bc9c88b85f96,0,0,0,0,0,0,1,-0.9995807457666323,-0.604075652288981,0.0,0.16873094932275304,-1.2396589155939133,1,47.0,1,1,0.4087623992341925,0.40876239923419233
2017-01-19,air_b2d8bc9c88b85f96,0,0,0,0,1,0,0,-0.9271131598618263,-0.8701973156416577,0.0,-0.37990106599036233,-0.885704630386902,1,24.0,1,1,0.4021683952342138,0.40216839523421366
2017-01-20,air_b2d8bc9c88b85f96,1,0,0,0,0,0,0,-1.1686717795445125,-1.2520240500172375,0.0,-0.9534709001813466,-1.1452711062053769,1,6.0,1,1,1.2061296521546894,1.2061296521546891
2017-01-21,air_b2d8bc9c88b85f96,0,0,1,0,0,0,0,-1.2049055724969153,-1.275165064221818,0.0,0.31835786258996646,-1.1570695823789439,1,14.0,1,1,1.825712412614223,1.8257124126142226
2017-01-22,air_b2d8bc9c88b85f96,0,0,0,1,0,0,0,-1.3739966062747957,-1.5644277417790753,0.0,-0.65421707364692,-1.1570695823789439,1,1.0,1,1,0.33648197077288794,0.3364819707728878
2017-01-23,air_b2d8bc9c88b85f96,0,1,0,0,0,0,0,-1.6034772949733478,-1.7726968696203005,0.0,-0.030771601700197968,-1.5346208199330895,1,11.0,1,1,-0.24302953460985233,-0.24302953460985238
2017-01-24,air_b2d8bc9c88b85f96,0,0,0,0,0,1,0,-1.5551655710368104,-1.6685623056996879,0.0,-0.2552119716010179,-1.4166360581974191,1,7.0,1,1,0.20358742861947177,0.20358742861947166
2017-01-25,air_b2d8bc9c88b85f96,0,0,0,0,0,0,1,-1.5551655710368104,-1.2867355713241082,0.0,0.642549508002262,-1.6290086293216257,1,21.0,1,1,0.46328974000324685,0.4632897400032467
2017-01-26,air_b2d8bc9c88b85f96,0,0,0,0,1,0,0,-1.30152902036999,-1.0668959363805925,0.0,1.1413058855596396,-1.45203148671812,1,11.0,1,1,0.5545913338491053,0.5545913338491051
2017-01-27,air_b2d8bc9c88b85f96,1,0,0,0,0,0,0,-0.9271131598618263,-0.6503576806981421,0.0,-0.7040927114026577,-1.1098756776846757,1,31.0,1,1,1.5074249118460221,1.507424911846022
2017-01-28,air_b2d8bc9c88b85f96,0,0,1,0,0,0,0,-1.0478924697031693,-0.7660627517210451,0.0,1.091430247803902,-1.2396589155939133,1,14.0,1,1,2.0029896739982647,2.002989673998264
2017-01-29,air_b2d8bc9c88b85f96,0,0,0,1,0,0,0,-0.5164635064012599,-0.17596688950424025,0.0,-0.9285330813034777,-0.873906154213335,1,16.0,1,1,0.5966915132335844,0.5966915132335843
2017-01-30,air_b2d8bc9c88b85f96,0,1,0,0,0,0,0,-0.7580221260839461,-0.523082102572949,0.0,-0.10558505833380458,-0.7205259639569633,1,51.0,1,1,-0.18089372768697645,-0.1808937276869765
2017-01-31,air_b2d8bc9c88b85f96,0,0,0,0,0,1,0,-1.0478924697031693,-0.9280498511531092,0.0,0.11885531156701547,-0.885704630386902,1,16.0,1,1,0.22210136292710417,0.22210136292710406
2017-02-01,air_b2d8bc9c88b85f96,0,0,0,0,0,0,1,-1.0358145387190352,-1.2288830358126568,0.0,-0.9285330813034777,-0.7205259639569633,1,16.0,1,1,0.34155428154210227,0.34155428154210216
2017-02-02,air_b2d8bc9c88b85f96,0,0,0,0,1,0,0,-1.0478924697031693,-1.0553254292783023,0.0,1.191181523315377,-1.1216741538582429,1,24.0,1,1,0.3334385843113593,0.33343858431135914
2017-02-03,air_b2d8bc9c88b85f96,1,0,0,0,0,0,0,-1.0599704006873039,-0.800774273027916,0.0,1.1163680666817708,-1.2396589155939133,1,8.0,1,1,1.187615717847057,1.1876157178470568
2017-02-04,air_b2d8bc9c88b85f96,0,0,1,0,0,0,0,-0.6976324711632745,-0.4999410883683685,0.0,-0.4547145226239689,-0.7795183448247985,1,9.0,1,1,1.8845512175371095,1.884551217537109
2017-02-06,air_b2d8bc9c88b85f96,0,1,0,0,0,0,0,-0.9633469528142292,-1.1016074576874635,0.0,0.9418033345366883,-0.6969290116098292,1,22.0,1,1,-0.20929866799457686,-0.20929866799457691
2017-02-07,air_b2d8bc9c88b85f96,0,0,0,0,0,1,0,-0.951269021830095,-0.8586268085393675,0.0,0.6176116891243931,-0.897503106560469,1,29.0,1,1,0.14195885277351736,0.14195885277351722
2017-02-08,air_b2d8bc9c88b85f96,0,0,0,0,0,0,1,-1.0841262626555723,-1.078466443482883,0.0,-0.9784087190592154,-0.909301582734036,1,9.0,1,1,0.4566957360032682,0.456695736003268
2017-02-09,air_b2d8bc9c88b85f96,0,0,0,0,1,0,0,-1.3377628133223927,-1.4718636849607527,0.0,-0.8287818057920021,-1.1098756776846757,1,5.0,1,1,0.24467314585010808,0.24467314585010794
2017-02-10,air_b2d8bc9c88b85f96,1,0,0,0,0,0,0,-1.615555225957482,-1.8074083909271712,0.0,-0.47965234150183783,-1.4992253914123883,1,3.0,1,1,1.3796026804618204,1.37960268046182
2017-02-11,air_b2d8bc9c88b85f96,0,0,1,0,0,0,0,-1.543087640052676,-1.6685623056996879,1.0,-0.6292792547690511,-1.5228223437595223,1,20.0,1,1,1.7866556196912724,1.7866556196912722
2017-02-13,air_b2d8bc9c88b85f96,0,1,0,0,0,0,0,-1.3377628133223927,-1.124748471892044,0.0,0.7921764212694751,-1.4166360581974191,1,13.0,1,1,-0.10810606814875044,-0.10810606814875051
2017-02-14,air_b2d8bc9c88b85f96,0,0,0,0,0,1,0,-1.2049055724969153,-1.1016074576874635,0.0,0.14379313044488426,-1.1452711062053769,1,29.0,1,1,0.32101142292678414,0.321011422926784
2017-02-15,air_b2d8bc9c88b85f96,0,0,0,0,0,0,1,-1.0841262626555723,-0.8817678227439479,0.0,1.3657462554604596,-1.2278604394203463,1,16.0,1,1,0.6844424895409927,0.6844424895409926
2017-02-16,air_b2d8bc9c88b85f96,0,0,0,0,1,0,0,-0.6251648852584686,-0.22224891791340126,0.0,1.2410571610711152,-1.0626817729904077,1,15.0,1,1,0.6945871110794215,0.6945871110794213
2017-02-17,air_b2d8bc9c88b85f96,1,0,0,0,0,0,0,-0.1541255768772307,-0.1181143539927888,0.0,-0.6292792547690511,-0.30757929788211674,1,24.0,1,1,1.4709042743076788,1.4709042743076786
2017-02-18,air_b2d8bc9c88b85f96,0,0,1,0,0,0,0,-0.8667235049411547,-0.9859023866645606,0.0,1.0166167911702952,-0.7559213924776644,1,6.0,1,1,1.9421219447676925,1.942121944767692
2017-02-19,air_b2d8bc9c88b85f96,0,0,0,1,0,0,0,-0.9391910908459608,-0.8239152872324965,0.0,1.3657462554604596,-1.2514573917674805,1,18.0,1,1,0.5992276686181915,0.5992276686181914
2017-02-20,air_b2d8bc9c88b85f96,0,1,0,0,0,0,0,-0.43191798951231963,-0.22224891791340126,0.0,-0.9285330813034777,-0.5907427260477259,1,15.0,1,1,-0.2283198333791307,-0.22831983337913075
2017-02-21,air_b2d8bc9c88b85f96,0,0,0,0,0,1,0,-1.0478924697031693,-1.043754922176012,0.0,0.3682335003457043,-1.0036893921225725,1,35.0,1,1,0.353474211849756,0.35347421184975586
2017-02-22,air_b2d8bc9c88b85f96,0,0,0,0,0,0,1,-0.7580221260839461,-0.523082102572949,0.0,-1.2277869078379042,-1.0036893921225725,1,20.0,1,1,0.6712544815410355,0.6712544815410353
2017-02-23,air_b2d8bc9c88b85f96,0,0,0,0,1,0,0,-0.7459441950998116,-0.7660627517210451,0.0,-0.6791548925247889,-0.6025412022212929,1,26.0,1,1,0.6228139136950384,0.6228139136950381
2017-02-24,air_b2d8bc9c88b85f96,1,0,0,0,0,0,0,-1.0841262626555723,-1.0668959363805925,0.0,0.3432956814678353,-1.0154878682961395,1,33.0,1,1,1.5662637167689086,1.5662637167689084
2017-02-25,air_b2d8bc9c88b85f96,0,0,1,0,0,0,0,-1.1686717795445125,-1.043754922176012,0.0,-0.2801497904788868,-1.2750543441146145,1,14.0,1,1,2.1614993855362132,2.1614993855362132
2017-02-26,air_b2d8bc9c88b85f96,0,0,0,1,0,0,0,-0.9875028147824978,-0.9280498511531092,0.0,-0.3549632471124934,-1.0036893921225725,1,23.0,1,1,0.7465782964638686,0.7465782964638684
2017-02-27,air_b2d8bc9c88b85f96,0,1,0,0,0,0,0,-0.951269021830095,-0.7197807233118838,0.0,1.191181523315377,-1.0980772015111087,1,15.0,1,1,-0.0010803109183275118,-0.0010803109183276042
2017-02-28,air_b2d8bc9c88b85f96,0,0,0,0,0,1,0,-0.9391910908459608,-0.6850692020050131,0.0,1.4156218932161972,-1.1098756776846757,1,21.0,1,1,0.43108056661873567,0.4310805666187355
