visit_date,air_store_id,Friday,Monday,Saturday,Sunday,Thursday,Tuesday,Wednesday,avg_temperature1,high_temperature1,holiday_flg,hours_sunlight1,low_temperature1,train_ind,visitors,Dining bar,Tōkyō-to Shinjuku-ku Kabukichō,total_area_visitors,total_genre_visitors
2016-01-21,air_fa4ffc9057812fa2,0,0,0,0,1,0,0,-1.3096050806105815,-1.3646821698463354,0.0,0.5528757330597025,-1.3235259641129282,1,9.0,1,1,-1.092588876972333,-1.092588876972333
2016-01-22,air_fa4ffc9057812fa2,1,0,0,0,0,0,0,-1.25875574502342,-1.2630473372262307,0.0,0.7261731004764593,-1.081053620067437,1,13.0,1,1,-0.7858357638505273,-0.7858357638505273
2016-01-23,air_fa4ffc9057812fa2,0,0,1,0,0,0,0,-1.5002900890624373,-1.7585171462492408,0.0,-1.2296114746555127,-1.1295480888765352,1,17.0,1,1,-0.7130040271818711,-0.7130040271818711
2016-01-24,air_fa4ffc9057812fa2,0,0,0,1,0,0,0,-1.5765640924431794,-1.4027952320788748,0.0,0.9489840014408613,-1.5902455425629687,1,4.0,1,1,-1.4061699654068254,-1.4061699654068254
2016-01-26,air_fa4ffc9057812fa2,0,0,0,0,0,1,0,-1.5130024229592276,-1.3519778157688225,0.0,0.8499569343455714,-1.6023691597652434,1,3.0,1,1,-1.2589891642222493,-1.2589891642222493
2016-01-27,air_fa4ffc9057812fa2,0,0,0,0,0,0,1,-1.1951940755394679,-0.8692123608233254,0.0,1.048011068536151,-1.5781219253606942,1,10.0,1,1,-1.1082679313940578,-1.1082679313940578
2016-01-28,air_fa4ffc9057812fa2,0,0,0,0,1,0,0,-1.0045090670876122,-0.792986236358247,0.0,1.048011068536151,-1.190166174887908,1,8.0,1,1,-1.1138314668340246,-1.1138314668340246
2016-01-30,air_fa4ffc9057812fa2,0,0,1,0,0,0,0,-1.5765640924431794,-1.9363781033344238,0.0,-1.2791250082031576,-1.2629078781015555,1,13.0,1,1,-0.6720361753057519,-0.6720361753057519
2016-01-31,air_fa4ffc9057812fa2,0,0,0,1,0,0,0,-1.2206187433330489,-1.1487081505286132,0.0,-0.016529902738213618,-1.2871551125061045,1,19.0,1,1,-1.2235848477860969,-1.2235848477860969
2016-02-02,air_fa4ffc9057812fa2,0,0,0,0,0,1,0,-1.2333310772298391,-1.2122299209161786,0.0,0.8252001675717491,-1.1295480888765352,1,7.0,1,1,-1.329292021145466,-1.329292021145466
2016-02-04,air_fa4ffc9057812fa2,0,0,0,0,1,0,0,-1.3477420823009527,-1.3646821698463354,0.0,0.181524231452366,-1.3114023469106537,1,6.0,1,1,-1.2175155363970422,-1.2175155363970422
2016-02-05,air_fa4ffc9057812fa2,1,0,0,0,0,0,0,-1.0426460687779833,-0.8819167149008384,0.0,0.9489840014408613,-1.3720204329220267,1,6.0,1,1,-0.8457702138174424,-0.8457702138174424
2016-02-06,air_fa4ffc9057812fa2,0,0,1,0,0,0,0,-1.1443447399523066,-1.313864753536283,0.0,-1.0315573404649332,-0.9113229792355929,1,10.0,1,1,-0.6239874601424023,-0.6239874601424023
2016-02-07,air_fa4ffc9057812fa2,0,0,0,1,0,0,0,-1.360454416197743,-1.3773865239238485,0.0,0.9242272346670389,-1.2629078781015555,1,4.0,1,1,-1.2309185990478713,-1.2309185990478713
2016-02-09,air_fa4ffc9057812fa2,0,0,0,0,0,1,0,-1.1570570738490968,-0.7040557578156555,0.0,0.8499569343455714,-1.3720204329220267,1,8.0,1,1,-1.2089173452625481,-1.2089173452625481
2016-02-10,air_fa4ffc9057812fa2,0,0,0,0,0,0,1,-1.2333310772298391,-1.1995255668386653,0.0,1.1717949024052632,-1.250784260899281,1,1.0,1,1,-0.8869909536681055,-0.8869909536681055
2016-02-11,air_fa4ffc9057812fa2,0,0,0,0,1,0,0,-1.2333310772298391,-1.110595088296074,1.0,1.1717949024052632,-1.2386606436970065,1,2.0,1,1,-0.9598226903367618,-0.9598226903367618
2016-02-12,air_fa4ffc9057812fa2,1,0,0,0,0,0,0,-1.0807830704683545,-1.0597776719860215,0.0,-0.6849626056314192,-1.2629078781015555,1,2.0,1,1,-0.9039344479625498,-0.9039344479625498
2016-02-13,air_fa4ffc9057812fa2,0,0,1,0,0,0,0,-0.21634436548660824,0.19795338168777302,0.0,-0.14031373660732577,-0.4385019083468847,1,4.0,1,1,-0.7152800189527666,-0.7152800189527666
2016-02-14,air_fa4ffc9057812fa2,0,0,0,1,0,0,0,0.35571065986895917,0.35040563061792984,0.0,-0.18982727015497045,0.3859040614077859,1,15.0,1,1,-1.2483678692914035,-1.2483678692914035
2016-02-15,air_fa4ffc9057812fa2,0,1,0,0,0,0,0,-0.9663720653972411,-0.6024209251955509,0.0,-1.1800979411078676,-1.0568063856628878,1,11.0,1,1,-1.4289298831157806,-1.4289298831157806
2016-02-18,air_fa4ffc9057812fa2,0,0,0,0,1,0,0,-1.2079064094362584,-1.2122299209161786,0.0,0.4043351324167678,-1.3114023469106537,1,5.0,1,1,-1.111049699114041,-1.111049699114041
2016-02-20,air_fa4ffc9057812fa2,0,0,1,0,0,0,0,-0.9790843992940315,-1.1487081505286132,0.0,-1.130584407560223,-0.656727017987827,1,5.0,1,1,-0.8278151676248223,-0.8278151676248223
2016-02-22,air_fa4ffc9057812fa2,0,1,0,0,0,0,0,-1.1443447399523066,-1.3265691076137962,0.0,-1.1553411743340454,-0.85070489322422,1,4.0,1,1,-1.4160325964140392,-1.4160325964140392
2016-02-23,air_fa4ffc9057812fa2,0,0,0,0,0,1,0,-1.1443447399523066,-1.30116039945877,0.0,-1.2543682414293351,-0.85070489322422,1,3.0,1,1,-1.2010778180516857,-1.2010778180516857
2016-02-24,air_fa4ffc9057812fa2,0,0,0,0,0,0,1,-1.25875574502342,-1.593360543241571,0.0,-1.2543682414293351,-1.1416717060788097,1,17.0,1,1,-1.1573281984555832,-1.1573281984555832
2016-02-25,air_fa4ffc9057812fa2,0,0,0,0,1,0,0,-1.5130024229592276,-1.5044300646989792,0.0,-0.7839896727267088,-1.3962676673265757,1,6.0,1,1,-1.0536441288925655,-1.0536441288925655
2016-02-27,air_fa4ffc9057812fa2,0,0,1,0,0,0,0,-1.0045090670876122,-0.9835515475209431,0.0,1.3203355030481978,-1.1174244716742607,1,10.0,1,1,-0.4788297627541776,-0.4788297627541776
2016-02-28,air_fa4ffc9057812fa2,0,0,0,1,0,0,0,-0.8900980620164988,-0.6659426955831163,0.0,1.147038135631441,-0.996188299651515,1,6.0,1,1,-1.0589547763579883,-1.0589547763579883
2016-02-29,air_fa4ffc9057812fa2,0,1,0,0,0,0,0,-0.9409473976036602,-0.6913514037381423,0.0,-0.7592329059528864,-0.8628285104264947,1,1.0,1,1,-1.3684896571997776,-1.3684896571997776
2016-03-01,air_fa4ffc9057812fa2,0,0,0,0,0,1,0,-1.3350297484041624,-1.2630473372262307,0.0,1.4193625701434875,-1.190166174887908,1,8.0,1,1,-1.260000716120425,-1.260000716120425
2016-03-02,air_fa4ffc9057812fa2,0,0,0,0,0,0,1,-1.1951940755394679,-0.9962559015984561,0.0,0.8747137011193938,-1.3114023469106537,1,2.0,1,1,-1.130774961128469,-1.130774961128469
2016-03-03,air_fa4ffc9057812fa2,0,0,0,0,1,0,0,-0.8265363925325468,-0.48808173849793335,0.0,1.394605803369665,-1.1659189404833588,1,3.0,1,1,-1.1474655674483694,-1.1474655674483694
2016-03-04,air_fa4ffc9057812fa2,1,0,0,0,0,0,0,-0.6739883857710621,-0.5516035088854985,0.0,1.122281368857618,-0.7658395728082982,1,17.0,1,1,-0.7764789087924013,-0.7764789087924013
2016-03-05,air_fa4ffc9057812fa2,0,0,1,0,0,0,0,-0.6358513840806911,-0.5007860925754462,0.0,-0.6354490720837743,-0.5112436115605321,1,4.0,1,1,-0.5544432671428173,-0.5544432671428173
2016-03-06,air_fa4ffc9057812fa2,0,0,0,1,0,0,0,-0.3180430366609314,-0.3737425518003154,0.0,-0.5116652382146621,-0.35363658793096275,1,2.0,1,1,-1.185651651604505,-1.185651651604505
2016-03-08,air_fa4ffc9057812fa2,0,0,0,0,0,1,0,0.0124776446556188,0.07090984091264226,0.0,0.7261731004764593,0.0949372485531962,1,5.0,1,1,-1.1383616003647872,-1.1383616003647872
2016-03-09,air_fa4ffc9057812fa2,0,0,0,0,0,0,1,-0.8900980620164988,-0.6786470496606293,0.0,-1.2791250082031576,-0.9840646824492403,1,1.0,1,1,-1.1846400997063293,-1.1846400997063293
2016-03-10,air_fa4ffc9057812fa2,0,0,0,0,1,0,0,-1.2206187433330489,-1.491725710621466,0.0,-1.2791250082031576,-1.0083119168537895,1,9.0,1,1,-1.064518311797955,-1.064518311797955
2016-03-11,air_fa4ffc9057812fa2,1,0,0,0,0,0,0,-1.4113037517849045,-1.79663020848178,0.0,-1.2791250082031576,-1.081053620067437,1,2.0,1,1,-0.726912865781788,-0.726912865781788
2016-03-12,air_fa4ffc9057812fa2,0,0,1,0,0,0,0,-1.25875574502342,-1.5044300646989792,0.0,-0.9325302733696434,-1.0931772372697115,1,3.0,1,1,-0.5374997728483729,-0.5374997728483729
2016-03-13,air_fa4ffc9057812fa2,0,0,0,1,0,0,0,-1.1443447399523066,-1.4027952320788748,0.0,-1.2543682414293351,-0.9719410652469658,1,3.0,1,1,-1.1355798326448039,-1.1355798326448039
2016-03-14,air_fa4ffc9057812fa2,0,1,0,0,0,0,0,-1.2714680789202104,-1.6949953758616754,0.0,-1.2791250082031576,-0.9719410652469658,1,1.0,1,1,-1.3639376736579865,-1.3639376736579865
2016-03-15,air_fa4ffc9057812fa2,0,0,0,0,0,1,0,-0.9663720653972411,-0.7802818822807339,0.0,1.5431464040125997,-0.9598174480446912,1,3.0,1,1,-1.0898071092523498,-1.0898071092523498
2016-03-16,air_fa4ffc9057812fa2,0,0,0,0,0,0,1,-0.8900980620164988,-0.8056905904357601,0.0,-0.6849626056314192,-1.0931772372697115,1,1.0,1,1,-1.0007905422128809,-1.0007905422128809
2016-03-17,air_fa4ffc9057812fa2,0,0,0,0,1,0,0,-0.33075537055772175,0.020092424602589677,0.0,1.5431464040125997,-0.6688506351901015,1,10.0,1,1,-0.9535004909731631,-0.9535004909731631
2016-03-18,air_fa4ffc9057812fa2,1,0,0,0,0,0,0,-0.11464569431228507,0.14713596537772045,0.0,0.6023892666073472,-0.5233672287628067,1,2.0,1,1,-0.579226288648124,-0.579226288648124
2016-03-19,air_fa4ffc9057812fa2,0,0,1,0,0,0,0,-0.10193336041549472,-0.44996867626539405,0.0,-0.8087464395005314,0.20404980337366738,1,11.0,1,1,-0.5617770184045917,-0.5617770184045917
2016-03-20,air_fa4ffc9057812fa2,0,0,0,1,0,0,0,-0.29261836886735054,-0.1577685324825932,1.0,0.008226864035608945,-0.4385019083468847,1,1.0,1,1,-0.773444253097874,-0.773444253097874
2016-03-21,air_fa4ffc9057812fa2,0,1,0,0,0,0,0,-0.7883993908421756,-0.8183949445132731,1.0,-0.16507050338114812,-0.6082325491787287,1,3.0,1,1,-1.2175155363970422,-1.2175155363970422
2016-03-23,air_fa4ffc9057812fa2,0,0,0,0,0,0,1,-0.5341527129063679,-0.28481207325772395,0.0,0.181524231452366,-0.5354908459650813,1,2.0,1,1,-0.9848585998166124,-0.9848585998166124
2016-03-24,air_fa4ffc9057812fa2,0,0,0,0,1,0,0,-1.1951940755394679,-1.3646821698463354,0.0,-0.907773506595821,-0.9476938308424167,1,25.0,1,1,-1.0442872738344395,-1.0442872738344395
2016-03-25,air_fa4ffc9057812fa2,1,0,0,0,0,0,0,-0.9663720653972411,-0.7421688200481946,0.0,0.9984975349885059,-1.1416717060788097,1,4.0,1,1,-0.4414023425216737,-0.4414023425216737
2016-03-26,air_fa4ffc9057812fa2,0,0,1,0,0,0,0,-0.9790843992940315,-0.9835515475209431,0.0,0.25579453177383327,-0.826457658819671,1,2.0,1,1,-0.4472187659361844,-0.4472187659361844
2016-03-27,air_fa4ffc9057812fa2,0,0,0,1,0,0,0,-0.6739883857710621,-0.5261948007304722,0.0,0.008226864035608945,-0.7173451039991998,1,5.0,1,1,-1.0043309738564963,-1.0043309738564963
2016-03-29,air_fa4ffc9057812fa2,0,0,0,0,0,1,0,-0.34346770445451213,-0.20858594879264533,0.0,1.147038135631441,-0.5476144631673558,1,9.0,1,1,-0.8470346536901622,-0.8470346536901622
2016-03-30,air_fa4ffc9057812fa2,0,0,0,0,0,0,1,-0.10193336041549472,-0.030724991707462446,0.0,-0.38788140434554996,-0.30514211912186445,1,16.0,1,1,-0.9322579011114718,-0.9322579011114718
2016-04-01,air_fa4ffc9057812fa2,1,0,0,0,0,0,0,-0.3688923722480928,-0.23399465694767185,0.0,-0.21458403692879302,-0.4627491427514339,1,1.0,1,1,-0.689991221498372,-0.689991221498372
2016-04-02,air_fa4ffc9057812fa2,0,0,1,0,0,0,0,-0.6612760518742717,-0.8819167149008384,0.0,-1.2791250082031576,-0.5112436115605321,1,4.0,1,1,-0.7071876037673603,-0.7071876037673603
2016-04-03,air_fa4ffc9057812fa2,0,0,0,1,0,0,0,-0.33075537055772175,-0.4118556140328547,0.0,-1.2791250082031576,-0.2930185019195899,1,21.0,1,1,-1.2311714870224153,-1.2311714870224153
2016-04-04,air_fa4ffc9057812fa2,0,1,0,0,0,0,0,-0.012947023137962107,0.21065773576528582,0.0,-1.1058276407864005,-0.2687712675150409,1,7.0,1,1,-1.343706635694471,-1.343706635694471
2016-04-05,air_fa4ffc9057812fa2,0,0,0,0,0,1,0,-0.6231390501839005,-0.9454384852884038,0.0,-1.2791250082031576,-0.34151297072868825,1,11.0,1,1,-1.139373152262963,-1.139373152262963
2016-04-06,air_fa4ffc9057812fa2,0,0,0,0,0,0,1,-0.14007036210586596,-0.005316283552436385,0.0,0.7756866340241044,-0.5597380803696305,1,10.0,1,1,-1.0723578390088175,-1.0723578390088175
2016-04-07,air_fa4ffc9057812fa2,0,0,0,0,1,0,0,-0.24176903328018892,-0.01802063762994919,0.0,-1.1553411743340454,-0.014175306267274744,1,14.0,1,1,-1.1881805313499445,-1.1881805313499445
2016-04-08,air_fa4ffc9057812fa2,1,0,0,0,0,0,0,0.05061464634599005,0.3377012765404166,0.0,-0.18982727015497045,-0.05054615787409854,1,21.0,1,1,-0.6298038835569131,-0.6298038835569131
2016-04-10,air_fa4ffc9057812fa2,0,0,0,1,0,0,0,0.19045031921068403,0.46474481731554734,0.0,-0.23934080370261537,0.03431916254182336,1,5.0,1,1,-1.117119010503096,-1.117119010503096
2016-04-11,air_fa4ffc9057812fa2,0,1,0,0,0,0,0,-0.5214403790095775,-0.39915125995534145,0.0,0.25579453177383327,-0.5476144631673558,1,6.0,1,1,-1.365960777454338,-1.365960777454338
2016-04-12,air_fa4ffc9057812fa2,0,0,0,0,0,1,0,-0.6612760518742717,-0.6532383415056032,0.0,1.5431464040125997,-0.826457658819671,1,5.0,1,1,-1.2025951458989494,-1.2025951458989494
2016-04-13,air_fa4ffc9057812fa2,0,0,0,0,0,0,1,-0.16549502989944664,-0.1577685324825932,0.0,-1.1058276407864005,-0.1596587126945697,1,13.0,1,1,-1.1145901307576564,-1.1145901307576564
2016-04-14,air_fa4ffc9057812fa2,0,0,0,0,1,0,0,-0.08922102651870438,-0.3356294895677761,0.0,-1.2791250082031576,0.14343171736229451,1,4.0,1,1,-1.0814618060923995,-1.0814618060923995
2016-04-15,air_fa4ffc9057812fa2,1,0,0,0,0,0,0,0.07603931413957073,0.14713596537772045,0.0,1.7164437714293566,-0.11116424388547139,1,6.0,1,1,-0.657621560756747,-0.657621560756747
2016-04-16,air_fa4ffc9057812fa2,0,0,1,0,0,0,0,0.0124776446556188,0.08361419499015506,0.0,-0.3136111040240827,-0.22027679870594255,1,6.0,1,1,-0.4419081184707616,-0.4419081184707616
2016-04-17,air_fa4ffc9057812fa2,0,0,0,1,0,0,0,0.44469699714649175,0.3631099846954431,0.0,-0.5364220049884846,0.5677583194419047,1,2.0,1,1,-1.1537877668119678,-1.1537877668119678
2016-04-18,air_fa4ffc9057812fa2,0,1,0,0,0,0,0,0.4065599954561205,0.8331710855634268,0.0,0.4290918991905903,0.22829703777821664,1,3.0,1,1,-1.4554831204428949,-1.4554831204428949
2016-04-20,air_fa4ffc9057812fa2,0,0,0,0,0,0,1,-0.10193336041549472,-0.1196554702500539,0.0,1.5431464040125997,-0.2566476503127661,1,2.0,1,1,-1.00458386183104,-1.00458386183104
2016-04-21,air_fa4ffc9057812fa2,0,0,0,0,1,0,0,0.10146398193315141,-0.005316283552436385,0.0,-1.2791250082031576,0.1676789517668438,1,4.0,1,1,-1.111049699114041,-1.111049699114041
2016-04-22,air_fa4ffc9057812fa2,1,0,0,0,0,0,0,0.20316265310747458,0.4393361091605213,0.0,0.8252001675717491,0.15555533456456905,1,8.0,1,1,-0.6115959493897489,-0.6115959493897489
2016-04-23,air_fa4ffc9057812fa2,0,0,1,0,0,0,0,0.27943665648821664,0.2741795061528512,0.0,-0.7592329059528864,0.2525442721827657,1,7.0,1,1,-0.5142340791903299,-0.5142340791903299
2016-04-24,air_fa4ffc9057812fa2,0,0,0,1,0,0,0,-0.0002346892411717669,-0.14506417840507996,0.0,-0.9820438069172883,0.022195545339548834,1,2.0,1,1,-1.1322922889757325,-1.1322922889757325
2016-04-26,air_fa4ffc9057812fa2,0,0,0,0,0,1,0,0.44469699714649175,0.6171970662457046,0.0,1.4193625701434875,0.2767915065873147,1,2.0,1,1,-1.0415055061144562,-1.0415055061144562
2016-04-27,air_fa4ffc9057812fa2,0,0,0,0,0,0,1,0.3048613242817978,0.19795338168777302,0.0,-1.2048547078816902,0.39802767861006044,1,12.0,1,1,-1.0220331320745724,-1.0220331320745724
2016-04-28,air_fa4ffc9057812fa2,0,0,0,0,1,0,0,-0.16549502989944664,-0.6151252792730639,0.0,-1.2791250082031576,0.1676789517668438,1,9.0,1,1,-0.7797664524614727,-0.7797664524614727
2016-04-29,air_fa4ffc9057812fa2,1,0,0,0,0,0,0,0.0124776446556188,0.14713596537772045,1.0,1.048011068536151,-0.06266977507637306,1,3.0,1,1,-0.6065381898988701,-0.6065381898988701
2016-04-30,air_fa4ffc9057812fa2,0,0,1,0,0,0,0,0.037902312449199484,0.18524902761025974,0.0,1.44411933691731,-0.17178232989684422,1,4.0,1,1,-0.6507935854440605,-0.6507935854440605
2016-05-01,air_fa4ffc9057812fa2,0,0,0,1,0,0,0,0.3175736581785879,0.6044927121681913,0.0,0.9489840014408613,-0.002051689065000218,1,10.0,1,1,-0.9317521251623838,-0.9317521251623838
2016-05-02,air_fa4ffc9057812fa2,0,1,0,0,0,0,0,0.21587498700426472,0.14713596537772045,0.0,-0.4126381711193724,0.15555533456456905,1,24.0,1,1,-1.0715991750851857,-1.0715991750851857
2016-05-03,air_fa4ffc9057812fa2,0,0,0,0,0,1,0,0.5972450039079763,0.566379649935652,1.0,0.20628099822618834,0.6283764054532774,1,2.0,1,1,-0.7853299879014395,-0.7853299879014395
2016-05-04,air_fa4ffc9057812fa2,0,0,0,0,0,0,1,0.8133546801534133,0.8585797937184528,1.0,0.9984975349885059,0.8223542806896703,1,16.0,1,1,-0.8422297821738272,-0.8422297821738272
2016-05-05,air_fa4ffc9057812fa2,0,0,0,0,1,0,0,0.8133546801534133,0.909397210028505,1.0,1.7659573049770017,0.6283764054532774,1,27.0,1,1,-1.0349304187763135,-1.0349304187763135
2016-05-06,air_fa4ffc9057812fa2,1,0,0,0,0,0,0,0.3048613242817978,0.28688386023036444,0.0,-1.2543682414293351,0.39802767861006044,1,3.0,1,1,-1.189950747171752,-1.189950747171752
2016-05-07,air_fa4ffc9057812fa2,0,0,1,0,0,0,0,0.6989436750822995,0.7823536692533742,0.0,1.567903170786422,0.4222749130146097,1,20.0,1,1,-0.7610527423452207,-0.7610527423452207
2016-05-10,air_fa4ffc9057812fa2,0,0,0,0,0,1,0,0.34299832597216856,0.2995882143078777,0.0,-1.2543682414293351,0.5071402334305318,1,2.0,1,1,-1.3705127609961292,-1.3705127609961292
2016-05-11,air_fa4ffc9057812fa2,0,0,0,0,0,0,1,0.7243683428758801,0.8712841477959661,0.0,-0.8582599730481761,0.49501661622825704,1,10.0,1,1,-1.1793294522409064,-1.1793294522409064
2016-05-13,air_fa4ffc9057812fa2,1,0,0,0,0,0,0,0.6989436750822995,0.7950580233308875,0.0,1.4688761036911322,0.55563470223963,1,2.0,1,1,-0.6990951885819541,-0.6990951885819541
2016-05-14,air_fa4ffc9057812fa2,0,0,1,0,0,0,0,0.5209710005272342,0.5790840040131653,0.0,0.9242272346670389,0.301038740991864,1,17.0,1,1,-0.5374997728483729,-0.5374997728483729
2016-05-15,air_fa4ffc9057812fa2,0,0,0,1,0,0,0,0.24129965479784585,0.4393361091605213,0.0,1.8154708385246463,0.07069001414864715,1,4.0,1,1,-1.1560637585828635,-1.1560637585828635
2016-05-16,air_fa4ffc9057812fa2,0,1,0,0,0,0,0,0.4192723293529111,0.38851869285046914,0.0,-0.8335032062743538,0.2767915065873147,1,3.0,1,1,-1.472426614737339,-1.472426614737339
2016-05-17,air_fa4ffc9057812fa2,0,0,0,0,0,1,0,0.33028599207537845,0.03279677868010293,0.0,-1.2791250082031576,0.36165682700323687,1,12.0,1,1,-1.2991983521747366,-1.2991983521747366
2016-05-18,air_fa4ffc9057812fa2,0,0,0,0,0,0,1,0.546395668320815,0.9348059181835315,0.0,2.0382817394890482,0.14343171736229451,1,6.0,1,1,-1.0951177567177726,-1.0951177567177726
2016-05-20,air_fa4ffc9057812fa2,1,0,0,0,0,0,0,0.19045031921068403,0.07090984091264226,0.0,-0.8582599730481761,0.301038740991864,1,12.0,1,1,-0.6985894126328662,-0.6985894126328662
2016-05-22,air_fa4ffc9057812fa2,0,0,0,1,0,0,0,0.851491681843784,1.1507799375012537,0.0,1.964011439167581,0.604129171048728,1,3.0,1,1,-1.1601099661755665,-1.1601099661755665
2016-05-23,air_fa4ffc9057812fa2,0,1,0,0,0,0,0,0.9913273547084784,1.3540496027414626,0.0,1.8154708385246463,0.3859040614077859,1,2.0,1,1,-1.3631790097343548,-1.3631790097343548
2016-05-24,air_fa4ffc9057812fa2,0,0,0,0,0,1,0,0.9786150208116879,1.1507799375012537,0.0,0.8747137011193938,0.7374889602737484,1,6.0,1,1,-1.2514025249859309,-1.2514025249859309
2016-05-25,air_fa4ffc9057812fa2,0,0,0,0,0,0,1,0.8260670140502033,0.540970941780626,0.0,-1.2791250082031576,1.0405793903306126,1,9.0,1,1,-1.0455517137071593,-1.0455517137071593
2016-05-26,air_fa4ffc9057812fa2,0,0,0,0,1,0,0,0.9277656852245265,0.8839885018734789,0.0,-0.38788140434554996,1.0163321559260636,1,4.0,1,1,-1.009388733347375,-1.009388733347375
2016-05-27,air_fa4ffc9057812fa2,1,0,0,0,0,0,0,0.47012166494007246,0.2741795061528512,0.0,-1.2048547078816902,0.39802767861006044,1,24.0,1,1,-0.7150271309782227,-0.7150271309782227
2016-05-28,air_fa4ffc9057812fa2,0,0,1,0,0,0,0,0.4574093310432823,0.49015352547057384,0.0,-1.2296114746555127,0.3859040614077859,1,12.0,1,1,-0.5192918386812089,-0.5192918386812089
2016-05-29,air_fa4ffc9057812fa2,0,0,0,1,0,0,0,0.7625053445662514,0.9729189804160704,0.0,1.2955787362743754,0.5071402334305318,1,27.0,1,1,-1.0253206757436437,-1.0253206757436437
2016-05-30,air_fa4ffc9057812fa2,0,1,0,0,0,0,0,0.21587498700426472,0.13443161130020764,0.0,-1.2791250082031576,0.4222749130146097,1,1.0,1,1,-1.3500288350580696,-1.3500288350580696
2016-05-31,air_fa4ffc9057812fa2,0,0,0,0,0,1,0,0.5972450039079763,0.5917883580906781,0.0,-0.14031373660732577,0.5313874678350808,1,2.0,1,1,-1.1216709940448868,-1.1216709940448868
2016-06-01,air_fa4ffc9057812fa2,0,0,0,0,0,0,1,0.7370806767726708,0.7823536692533742,0.0,0.13201069790472109,0.7374889602737484,1,6.0,1,1,-1.1429135839065783,-1.1429135839065783
2016-06-02,air_fa4ffc9057812fa2,0,0,0,0,1,0,0,0.6353820055983476,0.7315362529433221,0.0,1.9392546723937585,0.5313874678350808,1,3.0,1,1,-1.0819675820414874,-1.0819675820414874
2016-06-03,air_fa4ffc9057812fa2,1,0,0,0,0,0,0,0.47012166494007246,0.5028578795480867,0.0,1.864984372072291,0.2767915065873147,1,22.0,1,1,-0.7729384771487862,-0.7729384771487862
2016-06-05,air_fa4ffc9057812fa2,0,0,0,1,0,0,0,0.4574093310432823,0.40122304692798194,0.0,-0.5859355385361295,0.5435110850373551,1,1.0,1,1,-1.1891920832481202,-1.1891920832481202
2016-06-07,air_fa4ffc9057812fa2,0,0,0,0,0,1,0,0.49554633273365356,0.08361419499015506,0.0,-1.2791250082031576,0.7859834290828466,1,4.0,1,1,-1.232435926895135,-1.232435926895135
2016-06-08,air_fa4ffc9057812fa2,0,0,0,0,0,0,1,0.7879300123598321,0.8966928559509922,0.0,0.13201069790472109,0.55563470223963,1,3.0,1,1,-1.0673000795179386,-1.0673000795179386
2016-06-09,air_fa4ffc9057812fa2,0,0,0,0,1,0,0,0.6989436750822995,0.4393361091605213,0.0,-1.2791250082031576,0.9314668355101418,1,2.0,1,1,-1.1178776744267276,-1.1178776744267276
2016-06-10,air_fa4ffc9057812fa2,1,0,0,0,0,0,0,0.9913273547084784,1.0872581671136883,0.0,1.2460652027267303,0.9072196011055922,1,5.0,1,1,-0.6778525987202627,-0.6778525987202627
2016-06-11,air_fa4ffc9057812fa2,0,0,1,0,0,0,0,0.9913273547084784,1.1253712293462277,0.0,1.3698490365958425,0.7253653430714737,1,16.0,1,1,-0.5167629589357694,-0.5167629589357694
2016-06-12,air_fa4ffc9057812fa2,0,0,0,1,0,0,0,1.0421766902956398,1.023736396726123,0.0,0.30530806532147814,1.028455773128338,1,1.0,1,1,-1.1472126794738253,-1.1472126794738253
2016-06-13,air_fa4ffc9057812fa2,0,1,0,0,0,0,0,0.5209710005272342,0.3122925683853905,0.0,-1.2791250082031576,0.7738598118805723,1,15.0,1,1,-1.4392982900720823,-1.4392982900720823
2016-06-14,air_fa4ffc9057812fa2,0,0,0,0,0,1,0,0.8260670140502033,0.7569449610983482,0.0,0.008226864035608945,0.7859834290828466,1,3.0,1,1,-1.157833974404671,-1.157833974404671
2016-06-15,air_fa4ffc9057812fa2,0,0,0,0,0,0,1,0.6480943394951381,0.24877079799782514,0.0,-1.2791250082031576,0.9314668355101418,1,2.0,1,1,-1.097646636463212,-1.097646636463212
2016-06-16,air_fa4ffc9057812fa2,0,0,0,0,1,0,0,0.8133546801534133,0.5282665877031127,0.0,-1.2791250082031576,0.943590452712416,1,10.0,1,1,-1.1689610452846046,-1.1689610452846046
2016-06-17,air_fa4ffc9057812fa2,1,0,0,0,0,0,0,1.080313691986011,1.1380755834237404,0.0,0.7509298672502817,0.9072196011055922,1,15.0,1,1,-0.6062853019243261,-0.6062853019243261
2016-06-18,air_fa4ffc9057812fa2,0,0,1,0,0,0,0,1.3981220394057707,1.6208410383692373,0.0,2.013524972715226,1.1133210935442603,1,14.0,1,1,-0.5142340791903299,-0.5142340791903299
2016-06-19,air_fa4ffc9057812fa2,0,0,0,1,0,0,0,1.0930260258828017,1.1507799375012537,0.0,-0.23934080370261537,1.1496919451510836,1,4.0,1,1,-1.1406375921356828,-1.1406375921356828
2016-06-21,air_fa4ffc9057812fa2,0,0,0,0,0,1,0,0.8896286835341553,0.6934231907107828,0.0,-0.6602058388575968,1.1254447107465346,1,1.0,1,1,-1.1924796269171916,-1.1924796269171916
2016-06-22,air_fa4ffc9057812fa2,0,0,0,0,0,0,1,0.8896286835341553,0.46474481731554734,0.0,-1.2791250082031576,1.1133210935442603,1,7.0,1,1,-1.129763409230293,-1.129763409230293
2016-06-23,air_fa4ffc9057812fa2,0,0,0,0,1,0,0,0.9277656852245265,0.8458754396409396,0.0,-0.4621517046670173,1.1496919451510836,1,4.0,1,1,-1.125464313663046,-1.125464313663046
2016-06-24,air_fa4ffc9057812fa2,1,0,0,0,0,0,0,0.8896286835341553,0.6426057744007306,0.0,-1.2791250082031576,1.0890738591397107,1,5.0,1,1,-0.6282865557096493,-0.6282865557096493
2016-06-25,air_fa4ffc9057812fa2,0,0,1,0,0,0,0,1.2328616987474956,1.0745538130361751,0.0,-1.2791250082031576,1.2103100311624564,1,14.0,1,1,-0.4644151482051727,-0.4644151482051727
2016-06-26,air_fa4ffc9057812fa2,0,0,0,1,0,0,0,1.2455740326442861,1.2397104160438452,0.0,1.147038135631441,1.1618155623533584,1,18.0,1,1,-1.032907314979962,-1.032907314979962
2016-06-27,air_fa4ffc9057812fa2,0,1,0,0,0,0,0,1.1057383597795918,1.0999625211912012,0.0,1.2955787362743754,1.0890738591397107,1,23.0,1,1,-1.353316378727141,-1.353316378727141
2016-06-28,air_fa4ffc9057812fa2,0,0,0,0,0,1,0,0.43198466324970164,0.3249969224629038,0.0,-1.2791250082031576,0.6283764054532774,1,17.0,1,1,-1.2061355775425646,-1.2061355775425646
2016-06-29,air_fa4ffc9057812fa2,0,0,0,0,0,0,1,0.7370806767726708,0.5028578795480867,0.0,-1.2791250082031576,0.8708487494987689,1,2.0,1,1,-1.0275966675145392,-1.0275966675145392
2016-06-30,air_fa4ffc9057812fa2,0,0,0,0,1,0,0,0.9277656852245265,0.8712841477959661,0.0,-1.130584407560223,0.9920849215215146,1,3.0,1,1,-1.0028136460092325,-1.0028136460092325
2016-07-01,air_fa4ffc9057812fa2,1,0,0,0,0,0,0,1.2582863665410768,1.3159365405089238,0.0,-0.18982727015497045,1.2224336483647311,1,12.0,1,1,1.5880236531934881,1.5880236531934881
2016-07-03,air_fa4ffc9057812fa2,0,0,0,1,0,0,0,1.7159303868255305,1.925745536229551,0.0,0.6023892666073472,1.5376476956238703,1,8.0,1,1,0.3739084874080063,0.3739084874080063
2016-07-04,air_fa4ffc9057812fa2,0,1,0,0,0,0,0,1.537957712270465,1.7224758709893417,0.0,0.47860543273823497,1.4164115236011245,1,9.0,1,1,-0.13894832496711498,-0.13894832496711498
2016-07-05,air_fa4ffc9057812fa2,0,0,0,0,0,1,0,0.7625053445662514,0.68071883663327,0.0,-1.2791250082031576,1.004208538723789,1,7.0,1,1,0.30436429440842133,0.30436429440842133
2016-07-06,air_fa4ffc9057812fa2,0,0,0,0,0,0,1,0.9404780191213171,0.8458754396409396,0.0,-0.26409757047643795,1.0405793903306126,1,5.0,1,1,0.6098529676575074,0.6098529676575074
2016-07-07,air_fa4ffc9057812fa2,0,0,0,0,1,0,0,1.4871083766833033,2.0909021392372216,0.0,1.8897411388461138,1.2103100311624564,1,12.0,1,1,0.565344684137773,0.565344684137773
2016-07-08,air_fa4ffc9057812fa2,1,0,0,0,0,0,0,1.2201493648507056,1.2143017078888192,0.0,-0.7592329059528864,1.2345572655670058,1,20.0,1,1,1.4509583709906697,1.4509583709906697
2016-07-09,air_fa4ffc9057812fa2,0,0,1,0,0,0,0,0.851491681843784,0.5917883580906781,0.0,-1.2791250082031576,1.0163321559260636,1,5.0,1,1,1.653015862651282,1.653015862651282
2016-07-10,air_fa4ffc9057812fa2,0,0,0,1,0,0,0,1.2582863665410768,1.4048670190515151,0.0,1.6174167043340668,1.004208538723789,1,1.0,1,1,0.48062721266555125,0.48062721266555125
2016-07-11,air_fa4ffc9057812fa2,0,1,0,0,0,0,0,1.5633823800640458,1.6843628087568028,0.0,1.8154708385246463,1.258804499971555,1,4.0,1,1,-0.17258242558145973,-0.17258242558145973
2016-07-13,air_fa4ffc9057812fa2,0,0,0,0,0,0,1,1.1947246970571248,0.9348059181835315,0.0,-1.2791250082031576,1.4042879063988498,1,5.0,1,1,0.36328719247716057,0.36328719247716057
2016-07-14,air_fa4ffc9057812fa2,0,0,0,0,1,0,0,1.2964233682314474,1.6081366842917242,0.0,-0.3136111040240827,1.1375683279488094,1,4.0,1,1,0.5089506658144731,0.5089506658144731
2016-07-15,air_fa4ffc9057812fa2,1,0,0,0,0,0,0,0.8260670140502033,0.4774491713930606,0.0,-1.2791250082031576,1.1011974763419856,1,3.0,1,1,1.3078237773987966,1.3078237773987966
2016-07-16,air_fa4ffc9057812fa2,0,0,1,0,0,0,0,1.067601358089221,0.9475102722610443,0.0,-0.8830167398219986,0.9920849215215146,1,7.0,1,1,1.6133124506478826,1.6133124506478826
2016-07-17,air_fa4ffc9057812fa2,0,0,0,1,0,0,0,1.2964233682314474,1.0872581671136883,0.0,-1.2543682414293351,1.4164115236011245,1,6.0,1,1,0.9886791535243376,0.9886791535243376
2016-07-19,air_fa4ffc9057812fa2,0,0,0,0,0,1,0,1.4743960427865133,1.5319105598266456,0.0,0.25579453177383327,1.4285351408033988,1,4.0,1,1,0.07727089326795833,0.07727089326795833
2016-07-20,air_fa4ffc9057812fa2,0,0,0,0,0,0,1,1.3472727038186094,1.2270060619663319,0.0,-0.14031373660732577,1.3800406719943006,1,3.0,1,1,0.40197905258238426,0.40197905258238426
2016-07-21,air_fa4ffc9057812fa2,0,0,0,0,1,0,0,0.775217678463042,0.5155622336255999,0.0,-1.2791250082031576,1.0890738591397107,1,10.0,1,1,0.5509300695887681,0.5509300695887681
2016-07-22,air_fa4ffc9057812fa2,1,0,0,0,0,0,0,0.7243683428758801,0.3122925683853905,0.0,-1.2791250082031576,1.028455773128338,1,3.0,1,1,1.3508147330712674,1.3508147330712674
2016-07-23,air_fa4ffc9057812fa2,0,0,1,0,0,0,0,0.851491681843784,0.8712841477959661,0.0,-0.9325302733696434,0.9557140699146908,1,15.0,1,1,1.5639992956118134,1.5639992956118134
2016-07-24,air_fa4ffc9057812fa2,0,0,0,1,0,0,0,1.0421766902956398,1.1126668752687143,0.0,0.52811896628588,0.8587251322964942,1,6.0,1,1,0.3589880969099135,0.3589880969099135
2016-07-26,air_fa4ffc9057812fa2,0,0,0,0,0,1,0,1.0294643563988497,0.909397210028505,0.0,-1.2543682414293351,1.1496919451510836,1,2.0,1,1,0.41816388295319673,0.41816388295319673
2016-07-27,air_fa4ffc9057812fa2,0,0,0,0,0,0,1,1.1184506936763823,0.8966928559509922,0.0,-1.2048547078816902,1.2709281171738294,1,9.0,1,1,0.5554820531305591,0.5554820531305591
2016-07-28,air_fa4ffc9057812fa2,0,0,0,0,1,0,0,1.37269737161219,1.379458310896489,0.0,0.008226864035608945,1.3800406719943006,1,10.0,1,1,0.7074677258314703,0.7074677258314703
2016-07-29,air_fa4ffc9057812fa2,1,0,0,0,0,0,0,1.4616837088897228,1.5446149139041587,0.0,1.567903170786422,1.3315462031852021,1,18.0,1,1,1.5172150203211834,1.5172150203211834
2016-07-30,air_fa4ffc9057812fa2,0,0,1,0,0,0,0,1.4616837088897228,1.6081366842917242,0.0,1.394605803369665,1.2345572655670058,1,7.0,1,1,1.5971276202770703,1.5971276202770703
2016-07-31,air_fa4ffc9057812fa2,0,0,0,1,0,0,0,1.4998207105800938,1.3413452486639499,0.0,0.4290918991905903,1.5134004612193206,1,1.0,1,1,0.38933465385518695,0.38933465385518695
2016-08-03,air_fa4ffc9057812fa2,0,0,0,0,0,0,1,1.4108343733025612,1.4937974975941066,0.0,-0.26409757047643795,1.392164289196575,1,6.0,1,1,0.4328313854767456,0.4328313854767456
2016-08-04,air_fa4ffc9057812fa2,0,0,0,0,1,0,0,1.5760947139608363,1.6208410383692373,0.0,0.8252001675717491,1.5134004612193206,1,1.0,1,1,0.519066184796231,0.519066184796231
2016-08-05,air_fa4ffc9057812fa2,1,0,0,0,0,0,0,1.6523687173415784,1.6716584546792896,0.0,1.394605803369665,1.5376476956238703,1,6.0,1,1,1.2344862647810526,1.2344862647810526
2016-08-06,air_fa4ffc9057812fa2,0,0,1,0,0,0,0,1.7032180529287402,1.7732932872993947,0.0,0.8994704678932166,1.683131102051165,1,11.0,1,1,1.0696033053784002,1.0696033053784002
2016-08-07,air_fa4ffc9057812fa2,0,0,0,1,0,0,0,1.6396563834447884,1.6970671628343161,0.0,1.4936328704649546,1.5255240784215953,1,3.0,1,1,0.25505113937235196,0.25505113937235196
2016-08-08,air_fa4ffc9057812fa2,0,1,0,0,0,0,0,1.6269440495479979,1.646249746524264,0.0,-0.14031373660732577,1.622513016039792,1,3.0,1,1,-0.09949780093825951,-0.09949780093825951
2016-08-09,air_fa4ffc9057812fa2,0,0,0,0,0,1,0,2.059163402038871,2.2179456800123525,0.0,0.7261731004764593,1.6710074848488903,1,3.0,1,1,0.4669712620401782,0.4669712620401782
2016-08-11,air_fa4ffc9057812fa2,0,0,0,0,1,0,0,1.4743960427865133,1.50650185167162,1.0,-0.0660434362858583,1.6103893988375173,1,5.0,1,1,0.9391131105137243,0.9391131105137243
2016-08-12,air_fa4ffc9057812fa2,1,0,0,0,0,0,0,1.3981220394057707,1.4810931435165935,0.0,0.0824971643570762,1.4891532268147716,1,8.0,1,1,0.6444986201700279,0.6444986201700279
2016-08-13,air_fa4ffc9057812fa2,0,0,1,0,0,0,0,1.37269737161219,1.4683887894390806,1.0,0.5033621995120575,1.3800406719943006,1,1.0,1,1,0.7575395447911715,0.7575395447911715
2016-08-14,air_fa4ffc9057812fa2,0,0,0,1,0,0,0,1.3091357021282382,1.2905278323538973,1.0,-0.33836787079790515,1.4042879063988498,1,12.0,1,1,0.051729207839019846,0.051729207839019846
2016-08-15,air_fa4ffc9057812fa2,0,1,0,0,0,0,0,1.3854097055089807,1.3413452486639499,1.0,-1.1058276407864005,1.5134004612193206,1,4.0,1,1,-0.30636016411520683,-0.30636016411520683
2016-08-17,air_fa4ffc9057812fa2,0,0,0,0,0,0,1,1.6523687173415784,1.785997641376907,0.0,1.1965516691790856,1.3436698203874768,1,1.0,1,1,0.11596275337318197,0.11596275337318197
2016-08-18,air_fa4ffc9057812fa2,0,0,0,0,1,0,0,1.4235467071993515,1.4429800812840545,0.0,-1.0068005736911108,1.6103893988375173,1,3.0,1,1,0.30360563048478945,0.30360563048478945
2016-08-19,air_fa4ffc9057812fa2,1,0,0,0,0,0,0,1.5125330444768845,1.5319105598266456,0.0,0.4290918991905903,1.5861421644329683,1,5.0,1,1,1.209450355301202,1.209450355301202
2016-08-20,air_fa4ffc9057812fa2,0,0,1,0,0,0,0,1.270998700437867,1.2397104160438452,0.0,-0.8830167398219986,1.4770296096124973,1,1.0,1,1,1.1295377553453152,1.1295377553453152
2016-08-21,air_fa4ffc9057812fa2,0,0,0,1,0,0,0,1.5506700461672553,1.6843628087568028,0.0,0.6766595669288146,1.4042879063988498,1,5.0,1,1,0.12430805653313218,0.12430805653313218
2016-08-22,air_fa4ffc9057812fa2,0,1,0,0,0,0,0,1.270998700437867,1.023736396726123,0.0,-1.2791250082031576,1.3679170547920259,1,1.0,1,1,-0.6836690221347734,-0.6836690221347734
2016-08-23,air_fa4ffc9057812fa2,0,0,0,0,0,1,0,1.4108343733025612,1.2905278323538973,0.0,-0.8582599730481761,1.4891532268147716,1,4.0,1,1,0.25960312291414295,0.25960312291414295
2016-08-24,air_fa4ffc9057812fa2,0,0,0,0,0,0,1,1.37269737161219,1.392162664974002,0.0,-0.8087464395005314,1.4042879063988498,1,3.0,1,1,0.38882887790609905,0.38882887790609905
2016-08-26,air_fa4ffc9057812fa2,1,0,0,0,0,0,0,1.601519381754417,1.5954323302142108,0.0,1.2460652027267303,1.4649059924102226,1,4.0,1,1,1.4120136229109022,1.4120136229109022
2016-08-27,air_fa4ffc9057812fa2,0,0,1,0,0,0,0,1.0930260258828017,0.8585797937184528,0.0,-1.2791250082031576,1.173939179555633,1,19.0,1,1,1.454751690608829,1.454751690608829
2016-08-28,air_fa4ffc9057812fa2,0,0,0,1,0,0,0,0.8769163496373652,0.5536752958581392,0.0,-1.2791250082031576,1.1375683279488094,1,2.0,1,1,0.49807648290908346,0.49807648290908346
2016-08-31,air_fa4ffc9057812fa2,0,0,0,0,0,0,1,1.4108343733025612,1.379458310896489,0.0,1.5183896372387773,1.283051734376104,1,3.0,1,1,0.5332279113706919,0.5332279113706919
2016-09-01,air_fa4ffc9057812fa2,0,0,0,0,1,0,0,1.436259041096142,1.557319267981672,0.0,1.2213084359529078,1.2224336483647311,1,30.0,1,1,0.26617821025228555,0.26617821025228555
2016-09-02,air_fa4ffc9057812fa2,1,0,0,0,0,0,0,1.3981220394057707,1.2143017078888192,0.0,-0.0660434362858583,1.3436698203874768,1,11.0,1,1,1.0832592560037733,1.0832592560037733
2016-09-06,air_fa4ffc9057812fa2,0,0,0,0,0,1,0,1.665081051238369,1.5446149139041587,0.0,1.0975246020837957,1.6952547192534393,1,28.0,1,1,0.24164807672152283,0.24164807672152283
2016-09-07,air_fa4ffc9057812fa2,0,0,0,0,0,0,1,1.4489713749929325,1.2778234782763844,0.0,-0.7097193724052416,1.6346366332420663,1,4.0,1,1,0.30714606212840473,0.30714606212840473
2016-09-08,air_fa4ffc9057812fa2,0,0,0,0,1,0,0,1.3599850377153995,1.2905278323538973,0.0,-0.9572870401434659,1.5497713128261446,1,2.0,1,1,0.40703681207326314,0.40703681207326314
2016-09-09,air_fa4ffc9057812fa2,1,0,0,0,0,0,0,1.436259041096142,1.557319267981672,0.0,0.032983630809431286,1.2951753515783788,1,3.0,1,1,1.2982140343661268,1.2982140343661268
2016-09-10,air_fa4ffc9057812fa2,0,0,1,0,0,0,0,1.3854097055089807,1.392162664974002,0.0,-0.26409757047643795,1.3800406719943006,1,24.0,1,1,1.6426474556949804,1.6426474556949804
2016-09-11,air_fa4ffc9057812fa2,0,0,0,1,0,0,0,0.9531903530181072,0.6171970662457046,0.0,-1.2296114746555127,1.0769502419374364,1,2.0,1,1,0.4672241500147222,0.4672241500147222
2016-09-12,air_fa4ffc9057812fa2,0,1,0,0,0,0,0,1.143875361469963,0.9475102722610443,0.0,-1.2048547078816902,1.283051734376104,1,2.0,1,1,-0.22012536479572148,-0.22012536479572148
2016-09-13,air_fa4ffc9057812fa2,0,0,0,0,0,1,0,0.8769163496373652,0.46474481731554734,0.0,-1.2791250082031576,1.1496919451510836,1,10.0,1,1,0.13037736792218688,0.13037736792218688
2016-09-14,air_fa4ffc9057812fa2,0,0,0,0,0,0,1,0.9404780191213171,0.8077623774084007,0.0,-1.2048547078816902,1.0527030075328874,1,4.0,1,1,0.39767995701513714,0.39767995701513714
2016-09-15,air_fa4ffc9057812fa2,0,0,0,0,1,0,0,1.067601358089221,0.7823536692533742,0.0,-1.2543682414293351,1.2466808827692804,1,12.0,1,1,0.6174396068938257,0.6174396068938257
2016-09-16,air_fa4ffc9057812fa2,1,0,0,0,0,0,0,0.9150533513277359,0.5282665877031127,0.0,-1.2791250082031576,1.2103100311624564,1,8.0,1,1,1.2521884229991287,1.2521884229991287
2016-09-17,air_fa4ffc9057812fa2,0,0,1,0,0,0,0,1.2201493648507056,1.1634842915787664,0.0,0.032983630809431286,1.173939179555633,1,7.0,1,1,1.565010847509989,1.565010847509989
2016-09-18,air_fa4ffc9057812fa2,0,0,0,1,0,0,0,1.131163027573173,0.8458754396409396,0.0,-1.2791250082031576,1.2466808827692804,1,8.0,1,1,0.7679079517474733,0.7679079517474733
2016-09-21,air_fa4ffc9057812fa2,0,0,0,0,0,0,1,0.5591080022176055,0.3758143387729559,0.0,-1.2543682414293351,0.6889944914646503,1,3.0,1,1,0.9085136655939069,0.9085136655939069
2016-09-22,air_fa4ffc9057812fa2,0,0,0,0,1,0,0,0.47012166494007246,0.08361419499015506,1.0,-1.2791250082031576,0.7496125774760232,1,3.0,1,1,0.45786729495659617,0.45786729495659617
2016-09-23,air_fa4ffc9057812fa2,1,0,0,0,0,0,0,0.6480943394951381,0.23606644392031234,0.0,-1.2791250082031576,0.9072196011055922,1,2.0,1,1,0.7835870061691979,0.7835870061691979
2016-09-26,air_fa4ffc9057812fa2,0,1,0,0,0,0,0,1.2328616987474956,1.2524147701213584,0.0,-0.5116652382146621,1.2103100311624564,1,2.0,1,1,-0.06561081234937083,-0.06561081234937083
2016-09-27,air_fa4ffc9057812fa2,0,0,0,0,0,1,0,1.2582863665410768,1.2143017078888192,0.0,-0.7097193724052416,1.3194225859829278,1,6.0,1,1,0.35645921716447404,0.35645921716447404
2016-09-28,air_fa4ffc9057812fa2,0,0,0,0,0,0,1,1.37269737161219,1.3159365405089238,0.0,-0.7592329059528864,1.4649059924102226,1,1.0,1,1,0.43434871332400926,0.43434871332400926
2016-09-29,air_fa4ffc9057812fa2,0,0,0,0,1,0,0,1.131163027573173,0.9729189804160704,0.0,-1.1058276407864005,1.1860627967579074,1,3.0,1,1,0.5165373050507915,0.5165373050507915
2016-09-30,air_fa4ffc9057812fa2,1,0,0,0,0,0,0,0.7243683428758801,0.566379649935652,0.0,-0.6849626056314192,0.834477897891945,1,3.0,1,1,1.4580392342779003,1.4580392342779003
2016-10-01,air_fa4ffc9057812fa2,0,0,1,0,0,0,0,0.5082586666304437,0.19795338168777302,0.0,-1.2791250082031576,0.6889944914646503,1,13.0,1,1,1.4810520399613993,1.4810520399613993
2016-10-03,air_fa4ffc9057812fa2,0,1,0,0,0,0,0,0.8896286835341553,0.7950580233308875,0.0,-1.2791250082031576,0.9920849215215146,1,4.0,1,1,-0.3683177178784735,-0.3683177178784735
2016-10-04,air_fa4ffc9057812fa2,0,0,0,0,0,1,0,1.1693000292635436,1.4937974975941066,0.0,0.25579453177383327,0.943590452712416,1,2.0,1,1,0.2014388887690355,0.2014388887690355
2016-10-05,air_fa4ffc9057812fa2,0,0,0,0,0,0,1,1.0548890241924305,0.7823536692533742,0.0,-1.1058276407864005,1.1618155623533584,1,2.0,1,1,0.0866277483260843,0.0866277483260843
2016-10-06,air_fa4ffc9057812fa2,0,0,0,0,1,0,0,1.3091357021282382,1.4048670190515151,0.0,0.7756866340241044,1.1496919451510836,1,23.0,1,1,0.4055194842259995,0.4055194842259995
2016-10-08,air_fa4ffc9057812fa2,0,0,1,0,0,0,0,0.6989436750822995,0.6426057744007306,0.0,-1.2296114746555127,0.7617361946782975,1,3.0,1,1,1.3692755552129754,1.3692755552129754
2016-10-11,air_fa4ffc9057812fa2,0,0,0,0,0,1,0,0.24129965479784585,-0.01802063762994919,0.0,-1.2296114746555127,0.5192638506328061,1,22.0,1,1,-0.12908569395990113,-0.12908569395990113
2016-10-12,air_fa4ffc9057812fa2,0,0,0,0,0,0,1,0.27943665648821664,0.3758143387729559,0.0,0.7509298672502817,0.21617342057594188,1,2.0,1,1,0.3493783538772436,0.3493783538772436
2016-10-13,air_fa4ffc9057812fa2,0,0,0,0,1,0,0,0.10146398193315141,-0.2594033651026979,0.0,-1.2791250082031576,0.41015129581233517,1,4.0,1,1,0.37239115956074265,0.37239115956074265
2016-10-14,air_fa4ffc9057812fa2,1,0,0,0,0,0,0,-0.012947023137962107,-0.09424676209502783,0.0,-0.2888543372502603,0.08281363135092168,1,15.0,1,1,1.3050420096788133,1.3050420096788133
2016-10-15,air_fa4ffc9057812fa2,0,0,1,0,0,0,0,0.12688864972673208,0.3122925683853905,0.0,1.394605803369665,-0.014175306267274744,1,12.0,1,1,1.6178644341896737,1.6178644341896737
2016-10-16,air_fa4ffc9057812fa2,0,0,0,1,0,0,0,0.21587498700426472,0.3377012765404166,0.0,0.008226864035608945,0.0949372485531962,1,4.0,1,1,0.3417917146409252,0.3417917146409252
2016-10-18,air_fa4ffc9057812fa2,0,0,0,0,0,1,0,0.6608066733919282,0.7696493151758614,0.0,0.181524231452366,0.579881936644179,1,7.0,1,1,0.2613733387359506,0.2613733387359506
2016-10-19,air_fa4ffc9057812fa2,0,0,0,0,0,0,1,0.6480943394951381,0.46474481731554734,0.0,-0.8087464395005314,0.7859834290828466,1,5.0,1,1,0.3534245614699467,0.3534245614699467
2016-10-20,air_fa4ffc9057812fa2,0,0,0,0,1,0,0,0.7879300123598321,0.9475102722610443,0.0,1.1965516691790856,0.6162527882510027,1,5.0,1,1,0.5016169145526987,0.5016169145526987
2016-10-21,air_fa4ffc9057812fa2,1,0,0,0,0,0,0,0.3175736581785879,0.14713596537772045,0.0,-0.0660434362858583,0.4222749130146097,1,9.0,1,1,1.3207210641005378,1.3207210641005378
2016-10-22,air_fa4ffc9057812fa2,0,0,1,0,0,0,0,0.12688864972673208,-0.24669901102518466,0.0,-1.2543682414293351,0.3374095925986876,1,2.0,1,1,1.6886730670619785,1.6886730670619785
2016-10-23,air_fa4ffc9057812fa2,0,0,0,1,0,0,0,0.3048613242817978,0.2614751520753384,0.0,-0.09080020305968087,0.3374095925986876,1,3.0,1,1,0.5208364006180386,0.5208364006180386
2016-10-25,air_fa4ffc9057812fa2,0,0,0,0,0,1,0,-0.21634436548660824,-0.38644690587782865,0.0,-0.6849626056314192,-0.23240041590821708,1,9.0,1,1,0.28615636024125723,0.28615636024125723
2016-10-26,air_fa4ffc9057812fa2,0,0,0,0,0,0,1,0.43198466324970164,0.6934231907107828,0.0,1.0975246020837957,0.08281363135092168,1,12.0,1,1,0.5494127417415045,0.5494127417415045
2016-10-27,air_fa4ffc9057812fa2,0,0,0,0,1,0,0,0.4192723293529111,0.38851869285046914,0.0,0.6023892666073472,0.15555533456456905,1,30.0,1,1,0.5585167088250864,0.5585167088250864
2016-10-28,air_fa4ffc9057812fa2,1,0,0,0,0,0,0,-0.44516637562883526,-0.6913514037381423,0.0,-1.2791250082031576,-0.22027679870594255,1,9.0,1,1,1.2549701907191122,1.2549701907191122
2016-10-29,air_fa4ffc9057812fa2,0,0,1,0,0,0,0,-0.025659357034752448,0.07090984091264226,0.0,-1.2791250082031576,-0.03842254067182401,1,18.0,1,1,1.8105650707921601,1.8105650707921601
2016-10-30,air_fa4ffc9057812fa2,0,0,0,1,0,0,0,-0.4833033773192063,-0.8565080067458124,0.0,-1.2791250082031576,-0.2808948847173154,1,3.0,1,1,0.5767246429922505,0.5767246429922505
2016-10-31,air_fa4ffc9057812fa2,0,1,0,0,0,0,0,-0.178207363796237,-0.14506417840507996,0.0,-0.3136111040240827,-0.2566476503127661,1,7.0,1,1,-0.051954861723997776,-0.051954861723997776
2016-11-02,air_fa4ffc9057812fa2,0,0,0,0,0,0,1,-0.6104267162871102,-1.0216646097534825,0.0,-1.2791250082031576,-0.40213105674006105,1,1.0,1,1,0.9135714250847858,0.9135714250847858
2016-11-03,air_fa4ffc9057812fa2,0,0,0,0,1,0,0,-0.35618003835130246,-0.10695111617254108,1.0,1.0727678353099734,-0.4263782911446101,1,4.0,1,1,0.6015076644975572,0.6015076644975572
2016-11-04,air_fa4ffc9057812fa2,1,0,0,0,0,0,0,-0.21634436548660824,-0.18317724063761925,0.0,0.9984975349885059,-0.4142546739423356,1,3.0,1,1,0.6879953517915864,0.6879953517915864
2016-11-05,air_fa4ffc9057812fa2,0,0,1,0,0,0,0,-0.14007036210586596,-0.09424676209502783,0.0,0.4043351324167678,-0.08691700948092233,1,2.0,1,1,1.4936964386885965,1.4936964386885965
2016-11-06,air_fa4ffc9057812fa2,0,0,0,1,0,0,0,-0.11464569431228507,0.07090984091264226,0.0,1.0727678353099734,-0.2445240331104916,1,2.0,1,1,0.305628734281141,0.305628734281141
2016-11-08,air_fa4ffc9057812fa2,0,0,0,0,0,1,0,-0.737550055255014,-0.8438036526682994,0.0,-0.8335032062743538,-0.7052214867969253,1,9.0,1,1,-0.09216404967648509,-0.09216404967648509
2016-11-09,air_fa4ffc9057812fa2,0,0,0,0,0,0,1,-0.6739883857710621,-0.7167601118931686,0.0,0.20628099822618834,-0.486996377155983,1,2.0,1,1,0.11368676160228647,0.11368676160228647
2016-11-10,air_fa4ffc9057812fa2,0,0,0,0,1,0,0,-0.7756870569453853,-0.9200297771333777,0.0,-1.1553411743340454,-0.5233672287628067,1,1.0,1,1,0.2904554558085043,0.2904554558085043
2016-11-11,air_fa4ffc9057812fa2,1,0,0,0,0,0,0,-0.8519610603261275,-1.0343689638309954,0.0,-1.2791250082031576,-0.7537159556060236,1,3.0,1,1,0.9234340560919997,0.9234340560919997
2016-11-12,air_fa4ffc9057812fa2,0,0,1,0,0,0,0,-0.26719370107376983,-0.18317724063761925,0.0,0.2805512985476556,-0.23240041590821708,1,5.0,1,1,1.8522915865919112,1.8522915865919112
2016-11-13,air_fa4ffc9057812fa2,0,0,0,1,0,0,0,-0.26719370107376983,-0.20858594879264533,0.0,0.6023892666073472,-0.34151297072868825,1,2.0,1,1,0.39641551714241746,0.39641551714241746
2016-11-14,air_fa4ffc9057812fa2,0,1,0,0,0,0,0,-0.2544813671769795,-0.44996867626539405,0.0,-1.2791250082031576,-0.05054615787409854,1,4.0,1,1,-0.28688779007532306,-0.28688779007532306
2016-11-15,air_fa4ffc9057812fa2,0,0,0,0,0,1,0,-0.05108402482833313,-0.1196554702500539,0.0,-0.8830167398219986,0.0949372485531962,1,35.0,1,1,0.04743011227177277,0.04743011227177277
2016-11-20,air_fa4ffc9057812fa2,0,0,0,1,0,0,0,-0.26719370107376983,0.020092424602589677,0.0,0.4290918991905903,-0.36576020513323726,1,5.0,1,1,0.5638273562905093,0.5638273562905093
2016-11-22,air_fa4ffc9057812fa2,0,0,0,0,0,1,0,-0.21634436548660824,-0.1196554702500539,0.0,0.3795783656429454,-0.1960295643013933,1,7.0,1,1,1.1042489578909207,1.1042489578909207
2016-11-24,air_fa4ffc9057812fa2,0,0,0,0,1,0,0,-1.6401257619271314,-1.4790213565439532,0.0,-1.2791250082031576,-1.3356495813152027,1,3.0,1,1,-0.0977275851164519,-0.0977275851164519
2016-11-25,air_fa4ffc9057812fa2,1,0,0,0,0,0,0,-1.2841804128170007,-1.1995255668386653,0.0,1.0232543017623288,-1.4083912845288502,1,1.0,1,1,1.240808464144651,1.240808464144651
2016-11-26,air_fa4ffc9057812fa2,0,0,1,0,0,0,0,-0.9409473976036602,-0.9073254230558647,0.0,0.3300648320953005,-1.0568063856628878,1,10.0,1,1,1.8818794796135527,1.8818794796135527
2016-11-27,air_fa4ffc9057812fa2,0,0,0,1,0,0,0,-0.6485637179774815,-0.8183949445132731,0.0,-1.1553411743340454,-0.40213105674006105,1,1.0,1,1,0.31852602098288224,0.31852602098288224
2016-11-28,air_fa4ffc9057812fa2,0,1,0,0,0,0,0,-0.5850020484935295,-0.792986236358247,0.0,-0.4621517046670173,-0.30514211912186445,1,2.0,1,1,-0.18724992810500857,-0.18724992810500857
2016-11-29,air_fa4ffc9057812fa2,0,0,0,0,0,1,0,-0.6612760518742717,-0.7548731741257076,0.0,0.13201069790472109,-0.5354908459650813,1,13.0,1,1,0.24822316405966544,0.24822316405966544
2016-11-30,air_fa4ffc9057812fa2,0,0,0,0,0,0,1,-0.8773857281197083,-1.0724820260635346,0.0,-0.0660434362858583,-0.8628285104264947,1,8.0,1,1,0.4095656918187026,0.4095656918187026
2016-12-01,air_fa4ffc9057812fa2,0,0,0,0,1,0,0,-0.7248377213582237,-0.4753773844204201,0.0,-0.5116652382146621,-0.7294687212014743,1,4.0,1,1,0.3387570589463979,0.3387570589463979
2016-12-03,air_fa4ffc9057812fa2,0,0,1,0,0,0,0,-0.6231390501839005,-0.5516035088854985,0.0,0.3795783656429454,-0.7537159556060236,1,15.0,1,1,2.185092161091743,2.185092161091743
2016-12-04,air_fa4ffc9057812fa2,0,0,0,1,0,0,0,-0.5214403790095775,-0.5388991548079854,0.0,0.5033621995120575,-0.5597380803696305,1,19.0,1,1,0.45382108736389304,0.45382108736389304
2016-12-06,air_fa4ffc9057812fa2,0,0,0,0,0,1,0,-0.6231390501839005,-0.39915125995534145,0.0,0.8252001675717491,-0.5961089319764541,1,2.0,1,1,0.18272517865278357,0.18272517865278357
2016-12-08,air_fa4ffc9057812fa2,0,0,0,0,1,0,0,-0.9028103959132892,-0.8056905904357601,0.0,0.8499569343455714,-1.081053620067437,1,13.0,1,1,0.6601776745917525,0.6601776745917525
2016-12-09,air_fa4ffc9057812fa2,1,0,0,0,0,0,0,-0.5850020484935295,-0.3610381977228026,0.0,0.9242272346670389,-0.9840646824492403,1,2.0,1,1,1.8411645157119776,1.8411645157119776
2016-12-10,air_fa4ffc9057812fa2,0,0,1,0,0,0,0,-0.9155227298100795,-1.0216646097534825,0.0,0.8747137011193938,-0.7658395728082982,1,2.0,1,1,2.334548954047215,2.334548954047215
2016-12-13,air_fa4ffc9057812fa2,0,0,0,0,0,1,0,-0.801111724738966,-0.627829633350577,0.0,-0.6602058388575968,-1.0325591512583385,1,6.0,1,1,0.38301245449158833,0.38301245449158833
2016-12-14,air_fa4ffc9057812fa2,0,0,0,0,0,0,1,-0.9663720653972411,-1.1360037964511,0.0,-1.2048547078816902,-0.8022104244151218,1,7.0,1,1,0.824807746019861,0.824807746019861
2016-12-15,air_fa4ffc9057812fa2,0,0,0,0,1,0,0,-1.2079064094362584,-1.288456045381257,0.0,0.4290918991905903,-1.0689300028651623,1,10.0,1,1,0.8928346111721823,0.8928346111721823
2016-12-16,air_fa4ffc9057812fa2,1,0,0,0,0,0,0,-1.3858790839913238,-1.3265691076137962,0.0,0.8499569343455714,-1.2629078781015555,1,1.0,1,1,1.9569872080531046,1.9569872080531046
2016-12-17,air_fa4ffc9057812fa2,0,0,1,0,0,0,0,-1.1443447399523066,-0.9073254230558647,0.0,0.9489840014408613,-1.444762136135674,1,2.0,1,1,2.6344740918563345,2.6344740918563345
2016-12-18,air_fa4ffc9057812fa2,0,0,0,1,0,0,0,-0.9536597315004507,-0.6786470496606293,0.0,0.6023892666073472,-1.0568063856628878,1,14.0,1,1,0.8586947346087497,0.8586947346087497
2016-12-19,air_fa4ffc9057812fa2,0,1,0,0,0,0,0,-0.7248377213582237,-0.5770122170405249,0.0,0.7756866340241044,-0.8749521276287692,1,3.0,1,1,0.3544361133681225,0.3544361133681225
2016-12-20,air_fa4ffc9057812fa2,0,0,0,0,0,1,0,-0.7756870569453853,-0.7294644659706816,0.0,-0.4126381711193724,-0.7294687212014743,1,3.0,1,1,0.8404868004415855,0.8404868004415855
2016-12-21,air_fa4ffc9057812fa2,0,0,0,0,0,0,1,-0.6612760518742717,-0.4118556140328547,0.0,0.651902800154992,-0.8143340416173963,1,1.0,1,1,1.227152513519278,1.227152513519278
2016-12-22,air_fa4ffc9057812fa2,0,0,0,0,1,0,0,-0.14007036210586596,-0.005316283552436385,0.0,-0.6602058388575968,-0.6446034007855524,1,21.0,1,1,1.9676085029839503,1.9676085029839503
2016-12-23,air_fa4ffc9057812fa2,1,0,0,0,0,0,0,-0.21634436548660824,-0.08154240801751457,1.0,-0.21458403692879302,-0.4142546739423356,1,4.0,1,1,1.63556659240775,1.63556659240775
2016-12-26,air_fa4ffc9057812fa2,0,1,0,0,0,0,0,-1.1189200721587256,-1.1741168586836392,0.0,-0.9572870401434659,-0.9840646824492403,1,3.0,1,1,0.5754602031195308,0.5754602031195308
2016-12-27,air_fa4ffc9057812fa2,0,0,0,0,0,1,0,-0.5850020484935295,-0.18317724063761925,0.0,-1.2296114746555127,-0.7779631900105727,1,4.0,1,1,1.0921103351128112,1.0921103351128112
2016-12-28,air_fa4ffc9057812fa2,0,0,0,0,0,0,1,-1.2333310772298391,-1.3773865239238485,0.0,0.9489840014408613,-1.2022897920901825,1,3.0,1,1,1.880867927715377,1.880867927715377
2016-12-29,air_fa4ffc9057812fa2,0,0,0,0,1,0,0,-1.4494407534752756,-1.5552474810090315,1.0,0.008226864035608945,-1.359896815719752,1,14.0,1,1,1.5948516285061747,1.5948516285061747
2016-12-30,air_fa4ffc9057812fa2,1,0,0,0,0,0,0,-1.2333310772298391,-1.2757516913037439,1.0,0.9489840014408613,-1.1295480888765352,1,11.0,1,1,1.0726379610729275,1.0726379610729275
2017-01-04,air_fa4ffc9057812fa2,0,0,0,0,0,0,1,-0.9155227298100795,-0.792986236358247,0.0,0.8747137011193938,-1.0083119168537895,1,14.0,1,1,-0.6090670696443095,-0.6090670696443095
2017-01-05,air_fa4ffc9057812fa2,0,0,0,0,1,0,0,-1.1443447399523066,-1.2503429831487176,0.0,0.9489840014408613,-0.996188299651515,1,5.0,1,1,-0.20368764645036502,-0.20368764645036502
2017-01-06,air_fa4ffc9057812fa2,1,0,0,0,0,0,0,-1.424016085681695,-1.453612648388927,0.0,0.8994704678932166,-1.2629078781015555,1,4.0,1,1,0.658154570795401,0.658154570795401
2017-01-07,air_fa4ffc9057812fa2,0,0,1,0,0,0,0,-1.4748654212688566,-1.46631700246644,0.0,0.8747137011193938,-1.4326385189333994,1,10.0,1,1,1.1945299648031091,1.1945299648031091
2017-01-10,air_fa4ffc9057812fa2,0,0,0,0,0,1,0,-0.9663720653972411,-0.958142839365917,0.0,0.9242272346670389,-1.020435534056064,1,1.0,1,1,-0.1166941832072478,-0.1166941832072478
2017-01-11,air_fa4ffc9057812fa2,0,0,0,0,0,0,1,-1.1189200721587256,-1.1741168586836392,0.0,0.9489840014408613,-0.9719410652469658,1,7.0,1,1,0.10230680274780893,0.10230680274780893
2017-01-12,air_fa4ffc9057812fa2,0,0,0,0,1,0,0,-1.2333310772298391,-1.0343689638309954,0.0,0.7509298672502817,-1.359896815719752,1,9.0,1,1,0.09294994768968294,0.09294994768968294
2017-01-13,air_fa4ffc9057812fa2,1,0,0,0,0,0,0,-1.2079064094362584,-0.958142839365917,0.0,0.3795783656429454,-1.27503149530383,1,5.0,1,1,1.158114096468781,1.158114096468781
2017-01-14,air_fa4ffc9057812fa2,0,0,1,0,0,0,0,-1.690975097514293,-1.7712215003267537,0.0,-0.48690847144083965,-1.6023691597652434,1,3.0,1,1,1.463855657692411,1.463855657692411
2017-01-17,air_fa4ffc9057812fa2,0,0,0,0,0,1,0,-1.3096050806105815,-1.1868212127611524,0.0,0.9737407682146836,-1.359896815719752,1,8.0,1,1,0.10357124262052865,0.10357124262052865
2017-01-18,air_fa4ffc9057812fa2,0,0,0,0,0,0,1,-1.25875574502342,-1.2630473372262307,0.0,0.9737407682146836,-1.3114023469106537,1,3.0,1,1,0.3873115500588354,0.3873115500588354
2017-01-19,air_fa4ffc9057812fa2,0,0,0,0,1,0,0,-1.1824817416426776,-1.1868212127611524,0.0,0.10725393113089854,-1.1537953232810843,1,4.0,1,1,0.38073646272069284,0.38073646272069284
2017-01-20,air_fa4ffc9057812fa2,1,0,0,0,0,0,0,-1.6147010941335507,-2.088830352264581,0.0,-1.2791250082031576,-1.1780425576856335,1,4.0,1,1,1.1823913420249998,1.1823913420249998
2017-01-21,air_fa4ffc9057812fa2,0,0,1,0,0,0,0,-1.2460434111266294,-1.1741168586836392,0.0,1.048011068536151,-1.2992787297083792,1,5.0,1,1,1.8001966638358584,1.8001966638358584
2017-01-23,air_fa4ffc9057812fa2,0,1,0,0,0,0,0,-1.4875777551656468,-1.5679518350865447,0.0,0.4290918991905903,-1.420514901731125,1,2.0,1,1,-0.2626105445191043,-0.2626105445191043
2017-01-24,air_fa4ffc9057812fa2,0,0,0,0,0,1,0,-1.6782627636175027,-1.593360543241571,0.0,1.048011068536151,-1.675110862978891,1,10.0,1,1,0.18272517865278357,0.18272517865278357
2017-01-25,air_fa4ffc9057812fa2,0,0,0,0,0,0,1,-1.5002900890624373,-1.3646821698463354,0.0,1.0975246020837957,-1.5902455425629687,1,8.0,1,1,0.44168246458578364,0.44168246458578364
2017-01-26,air_fa4ffc9057812fa2,0,0,0,0,1,0,0,-1.4113037517849045,-1.2122299209161786,0.0,1.0727678353099734,-1.614492776967518,1,2.0,1,1,0.532722135421604,0.532722135421604
2017-01-27,air_fa4ffc9057812fa2,1,0,0,0,0,0,0,-0.8773857281197083,-0.5388991548079854,0.0,0.008226864035608945,-1.27503149530383,1,2.0,1,1,1.482822255783207,1.482822255783207
2017-01-28,air_fa4ffc9057812fa2,0,0,1,0,0,0,0,-0.9282350637068698,-0.8438036526682994,0.0,0.9737407682146836,-0.8870757448310438,1,5.0,1,1,1.9769653580420763,1.9769653580420763
2017-01-31,air_fa4ffc9057812fa2,0,0,0,0,0,1,0,-1.2460434111266294,-1.30116039945877,0.0,1.0232543017623288,-1.105300854471986,1,1.0,1,1,0.2011860007944916,0.2011860007944916
2017-02-01,air_fa4ffc9057812fa2,0,0,0,0,0,0,1,-1.2333310772298391,-1.2249342749936916,0.0,0.5033621995120575,-1.1780425576856335,1,4.0,1,1,0.3202962368046899,0.3202962368046899
2017-02-02,air_fa4ffc9057812fa2,0,0,0,0,1,0,0,-1.424016085681695,-1.3392734616913093,0.0,1.0975246020837957,-1.3356495813152027,1,2.0,1,1,0.3122038216192836,0.3122038216192836
2017-02-03,air_fa4ffc9057812fa2,1,0,0,0,0,0,0,-1.0553584026747738,-0.8310992985907864,0.0,1.0975246020837957,-1.3235259641129282,1,12.0,1,1,1.1639305198832917,1.1639305198832917
2017-02-04,air_fa4ffc9057812fa2,0,0,1,0,0,0,0,-0.9536597315004507,-0.8692123608233254,0.0,1.0975246020837957,-0.9113229792355929,1,4.0,1,1,1.8588666739300537,1.8588666739300537
2017-02-06,air_fa4ffc9057812fa2,0,1,0,0,0,0,0,-0.8900980620164988,-0.5770122170405249,0.0,0.2310377650000107,-1.044682768460613,1,3.0,1,1,-0.22897644390475957,-0.22897644390475957
2017-02-07,air_fa4ffc9057812fa2,0,0,0,0,0,1,0,-1.2841804128170007,-1.30116039945877,0.0,1.0727678353099734,-1.1780425576856335,1,4.0,1,1,0.12127340083860483,0.12127340083860483
2017-02-10,air_fa4ffc9057812fa2,1,0,0,0,0,0,0,-1.4494407534752756,-1.3900908780013614,0.0,-0.2888543372502603,-1.2629078781015555,1,2.0,1,1,1.3553667166130585,1.3553667166130585
2017-02-11,air_fa4ffc9057812fa2,0,0,1,0,0,0,0,-1.4748654212688566,-1.288456045381257,1.0,0.52811896628588,-1.638740011372067,1,4.0,1,1,1.7612519157560909,1.7612519157560909
2017-02-12,air_fa4ffc9057812fa2,0,0,0,1,0,0,0,-1.360454416197743,-1.1487081505286132,0.0,1.0727678353099734,-1.4932566049447722,1,3.0,1,1,0.4674770379892661,0.4674770379892661
2017-02-13,air_fa4ffc9057812fa2,0,1,0,0,0,0,0,-1.1951940755394679,-1.0724820260635346,0.0,0.701416333702637,-1.3235259641129282,1,7.0,1,1,-0.12807414206172535,-0.12807414206172535
2017-02-14,air_fa4ffc9057812fa2,0,0,0,0,0,1,0,-1.2206187433330489,-1.0724820260635346,0.0,0.9242272346670389,-1.190166174887908,1,3.0,1,1,0.2998123108666303,0.2998123108666303
2017-02-15,air_fa4ffc9057812fa2,0,0,0,0,0,0,1,-1.1697694077458871,-0.9454384852884038,0.0,1.1717949024052632,-1.2992787297083792,1,1.0,1,1,0.6622007783881041,0.6622007783881041
2017-02-16,air_fa4ffc9057812fa2,0,0,0,0,1,0,0,-1.068070736571564,-0.8310992985907864,0.0,1.1717949024052632,-1.2871551125061045,1,10.0,1,1,0.6723162973698619,0.6723162973698619
2017-02-17,air_fa4ffc9057812fa2,1,0,0,0,0,0,0,-0.3180430366609314,0.04550113275761619,0.0,0.7509298672502817,-0.8628285104264947,1,11.0,1,1,1.4464063874488788,1.4464063874488788
2017-02-18,air_fa4ffc9057812fa2,0,0,1,0,0,0,0,-0.9663720653972411,-1.2122299209161786,0.0,-0.561178771762307,-0.6688506351901015,1,2.0,1,1,1.9162722441515294,1.9162722441515294
2017-02-19,air_fa4ffc9057812fa2,0,0,0,1,0,0,0,-1.2079064094362584,-1.110595088296074,0.0,1.0975246020837957,-1.250784260899281,1,1.0,1,1,0.5772304189413384,0.5772304189413384
2017-02-22,air_fa4ffc9057812fa2,0,0,0,0,0,0,1,-1.1062077382619353,-1.2249342749936916,0.0,-0.21458403692879302,-1.3114023469106537,1,6.0,1,1,0.6490506037118189,0.6490506037118189
2017-02-23,air_fa4ffc9057812fa2,0,0,0,0,1,0,0,-0.4197417078352544,-0.5007860925754462,0.0,-0.907773506595821,-0.4263782911446101,1,3.0,1,1,0.6007490005739253,0.6007490005739253
2017-02-24,air_fa4ffc9057812fa2,1,0,0,0,0,0,0,-1.0553584026747738,-1.1360037964511,0.0,-0.4126381711193724,-0.8143340416173963,1,6.0,1,1,1.5414922658774022,1.5414922658774022
2017-02-25,air_fa4ffc9057812fa2,0,0,1,0,0,0,0,-1.0426460687779833,-0.958142839365917,0.0,0.7261731004764593,-1.020435534056064,1,9.0,1,1,2.135020342132042,2.135020342132042
2017-02-26,air_fa4ffc9057812fa2,0,0,0,1,0,0,0,-0.9028103959132892,-0.7675775282032209,0.0,0.8004434007979268,-1.044682768460613,1,2.0,1,1,0.7241583321513707,0.7241583321513707
2017-02-27,air_fa4ffc9057812fa2,0,1,0,0,0,0,0,-1.2079064094362584,-1.3392734616913093,0.0,-0.7839896727267088,-0.9234465964378675,1,3.0,1,1,-0.02135541680418038,-0.02135541680418038
2017-02-28,air_fa4ffc9057812fa2,0,0,0,0,0,1,0,-1.2968927467137912,-1.288456045381257,0.0,0.8994704678932166,-1.0568063856628878,1,2.0,1,1,0.4095656918187026,0.4095656918187026
